joint_0_vel,joint_1_vel,joint_2_vel,joint_3_vel,joint_4_vel,joint_5_vel,joint_6_vel,joint_7_vel,joint_8_vel,joint_9_vel,joint_10_vel,joint_11_vel,joint_12_vel,joint_13_vel,joint_14_vel,joint_15_vel,joint_16_vel,joint_17_vel,joint_18_vel,joint_19_vel,joint_20_vel,joint_21_vel,joint_22_vel,joint_23_vel,joint_24_vel,joint_25_vel,joint_26_vel,joint_27_vel,joint_28_vel
-1.302831,-0.093993,-5.790846,0.208708,0.082469,-3.931994,-1.165268,0.027434,0.802732,1.646095,0.476301,13.691787,-13.008029,-0.774613,-0.241492,13.324277,-2.871841,-0.067725,0.000000,9.184749,13.498504,17.408311,13.354352,-5.951058,5.267776,-7.730642,-5.594369,-4.295100,2.601670
-1.155511,-0.777656,-4.314833,0.085495,-0.184051,-1.728398,-1.042894,0.441422,1.122747,1.225208,1.438948,10.205406,-9.802119,-0.471426,-0.519550,8.882852,-3.467665,-0.035888,0.000000,7.534313,9.323517,13.240019,9.316633,-3.784793,3.645451,-5.163191,-3.613854,-2.700857,2.029911
-0.860869,-2.144983,-1.362808,-0.160931,-0.717090,2.678795,-0.798146,1.269397,1.762775,0.383434,3.364242,3.232646,-3.390301,0.134949,-1.075667,0.000000,-4.659314,0.027787,0.000000,4.233440,0.973544,4.903436,1.241194,0.547737,0.400802,-0.028288,0.347176,0.487631,0.886394
-0.281348,-0.736186,-0.343054,-0.045658,-0.227317,1.194375,-0.259955,0.415951,0.589673,0.123820,1.190040,2.093119,-1.378980,0.021507,-0.408348,0.000000,-1.954867,0.004949,0.000000,2.617113,0.398781,2.285628,0.823394,0.289858,0.239477,-0.275298,0.113722,0.169515,0.490263
0.008413,-0.031787,0.166824,0.011979,0.017570,0.452166,0.009141,-0.010772,0.003122,-0.005987,0.102938,1.523356,-0.373320,-0.035213,-0.074688,0.000000,-0.602644,-0.006470,0.000000,1.808950,0.111400,0.976725,0.614494,0.160918,0.158815,-0.398804,-0.003005,0.010457,0.292197
-0.001631,-0.040618,0.226738,0.011285,0.009044,0.274293,0.008265,-0.018271,-0.144156,-0.023875,-0.024775,1.265891,0.100782,0.012719,0.015251,0.000000,-0.316032,0.005383,0.000000,1.391537,-0.133633,0.447317,0.293283,0.084794,0.124870,-0.197993,-0.069541,0.051527,0.168712
0.011835,-0.025489,0.233211,0.006604,0.007730,0.248450,0.025065,-0.026708,-0.164431,-0.050718,-0.028105,1.197613,0.167745,0.022432,0.013600,0.000000,-0.275131,0.007115,0.000000,1.302389,-0.170308,0.363897,0.230137,0.077333,0.106419,-0.163418,-0.067529,0.057772,0.124200
0.038765,0.004770,0.246156,-0.002757,0.005100,0.196762,0.058664,-0.043581,-0.204980,-0.104402,-0.034765,1.061058,0.301673,0.041859,0.010298,0.000000,-0.193330,0.010581,0.000000,1.124092,-0.243660,0.197057,0.103844,0.062411,0.069516,-0.094270,-0.063505,0.070262,0.035178
0.033634,-0.004803,0.240556,0.013645,0.007800,0.154262,0.044185,-0.025039,-0.194191,-0.070295,-0.014749,0.966438,0.331128,0.033151,0.011060,0.000000,-0.140862,0.010402,0.000000,1.021122,-0.265887,0.136884,0.041114,0.026406,0.044681,-0.058109,-0.048065,0.072018,0.011695
0.031069,-0.009589,0.237755,0.021846,0.009150,0.133012,0.036945,-0.015768,-0.188797,-0.053242,-0.004740,0.919128,0.345855,0.028798,0.011442,0.000000,-0.114629,0.010313,0.000000,0.969636,-0.277000,0.106798,0.009749,0.008403,0.032263,-0.040028,-0.040344,0.072896,-0.000046
0.041680,0.007819,0.237584,-0.004966,0.038479,0.120867,0.017842,-0.015936,-0.191867,-0.101629,-0.061687,0.765079,0.400469,0.061742,0.027424,0.000000,-0.106137,-0.010965,0.000000,0.834889,-0.283064,0.061680,0.001216,0.007883,-0.009102,-0.021363,-0.005133,0.011975,0.036095
0.040354,-0.002410,0.227084,-0.004271,0.026858,0.105561,0.018493,-0.012274,-0.179036,-0.089832,-0.047765,0.742041,0.376407,0.052396,0.020828,0.000000,-0.086496,-0.010241,0.000000,0.807520,-0.282805,0.063546,-0.009325,0.004507,-0.006180,-0.016051,-0.008356,0.010461,0.025498
0.037703,-0.022868,0.206084,-0.002881,0.003617,0.074949,0.019796,-0.004951,-0.153375,-0.066238,-0.019921,0.695966,0.328283,0.033702,0.007635,0.000000,-0.047216,-0.008795,0.000000,0.752782,-0.282289,0.067277,-0.030406,-0.002243,-0.000338,-0.005427,-0.014802,0.007432,0.004303
0.026605,-0.006636,0.210050,-0.005005,0.029874,0.071081,0.012442,0.000319,-0.157368,-0.084965,-0.038568,0.630348,0.314510,0.029825,0.047667,0.000000,-0.068806,-0.015344,0.000000,0.681599,-0.281712,0.034437,-0.026772,-0.028101,0.035246,0.007634,0.002362,0.027503,-0.003239
0.021055,0.001480,0.212032,-0.006067,0.043003,0.069147,0.008765,0.002954,-0.159365,-0.094328,-0.047892,0.597539,0.307624,0.027887,0.067683,0.000000,-0.079601,-0.018618,0.000000,0.646008,-0.281424,0.018017,-0.024955,-0.041031,0.053038,0.014165,0.010944,0.037538,-0.007010
0.026565,-0.001723,0.191407,-0.009845,0.017949,0.056801,-0.008209,-0.014243,-0.126602,-0.080057,-0.012732,0.535385,0.288137,0.043323,0.030534,0.000000,-0.068775,-0.012822,0.000000,0.560968,-0.264960,-0.002589,-0.039986,-0.001080,0.004005,-0.001169,-0.002995,0.020634,-0.004809
0.021408,-0.008685,0.185142,-0.003956,0.009913,0.054859,0.008647,-0.012246,-0.131211,-0.081520,-0.021908,0.505553,0.291543,0.043657,0.024382,0.000000,-0.055048,-0.012506,0.000000,0.536709,-0.262368,0.003188,-0.035456,-0.009116,0.000259,-0.004258,-0.006405,0.018659,0.001555
0.011095,-0.022609,0.172611,0.007823,-0.006160,0.050974,0.042360,-0.008252,-0.140428,-0.084447,-0.040260,0.445891,0.298355,0.044324,0.012077,0.000000,-0.027593,-0.011872,0.000000,0.488191,-0.257183,0.014741,-0.026397,-0.025189,-0.007233,-0.010436,-0.013225,0.014711,0.014284
0.021365,-0.020790,0.130579,0.010511,-0.020145,0.055000,0.033217,-0.065610,-0.082649,-0.041097,0.005592,0.430497,0.249600,0.023088,0.025136,0.000000,-0.049834,-0.004126,0.000000,0.464332,-0.242174,0.015643,-0.051736,-0.006363,0.008706,0.016307,-0.001875,-0.006245,0.017488
0.026500,-0.019881,0.109564,0.011855,-0.027137,0.057013,0.028646,-0.094289,-0.053760,-0.019423,0.028518,0.422800,0.225223,0.012470,0.031665,0.000000,-0.060954,-0.000253,0.000000,0.452403,-0.234669,0.016093,-0.064405,0.003050,0.016676,0.029679,0.003800,-0.016723,0.019091
0.003387,0.012449,0.164941,-0.025148,0.046635,0.038835,-0.010964,-0.008232,-0.112930,-0.060693,-0.071314,0.367463,0.221763,0.050474,0.051106,0.000000,-0.002600,-0.042282,0.000000,0.382973,-0.192124,-0.016333,0.040770,-0.029470,-0.049852,-0.011989,0.034734,0.023283,-0.024584
0.008714,0.009041,0.153345,-0.014834,0.045317,0.038481,-0.000993,0.007273,-0.096262,-0.067170,-0.054981,0.354944,0.216792,0.046295,0.038075,0.000000,-0.006599,-0.028672,0.000000,0.369685,-0.181514,-0.019114,0.017650,-0.019464,-0.044864,-0.011234,0.023971,0.017380,-0.015770
0.019369,0.002225,0.130153,0.005795,0.042681,0.037774,0.018949,0.038282,-0.062925,-0.080123,-0.022316,0.329908,0.206849,0.037937,0.012013,0.000000,-0.014597,-0.001452,0.000000,0.343108,-0.160296,-0.024676,-0.028589,0.000550,-0.034887,-0.009722,0.002446,0.005575,0.001858
0.011007,-0.017877,0.116909,0.004157,0.012355,0.043045,0.037051,0.006518,-0.073831,-0.043296,-0.012903,0.304794,0.176889,0.017740,0.034298,0.000000,-0.022902,0.002564,0.000000,0.319810,-0.147354,-0.032868,-0.016258,0.005461,-0.018985,-0.013070,0.003777,0.019973,-0.003541
0.006825,-0.027927,0.110288,0.003338,-0.002807,0.045680,0.046103,-0.009364,-0.079284,-0.024882,-0.008197,0.292237,0.161910,0.007641,0.045441,0.000000,-0.027055,0.004572,0.000000,0.308161,-0.140882,-0.036964,-0.010092,0.007917,-0.011034,-0.014744,0.004442,0.027172,-0.006240
-0.009114,-0.026660,0.084902,-0.002614,0.010132,0.029486,0.015365,0.006012,-0.053370,-0.009311,0.010030,0.266144,0.124934,0.018020,0.006009,0.000000,-0.021801,0.007222,0.000000,0.288785,-0.111969,-0.030456,-0.037783,-0.010444,0.008191,-0.010972,-0.011369,0.012671,-0.001085
-0.001406,-0.019862,0.077200,0.017332,0.001044,0.035010,0.024622,-0.001185,-0.042534,0.002501,0.023369,0.263700,0.125864,0.010338,-0.009969,0.000000,-0.018103,0.011485,0.000000,0.271153,-0.109341,-0.028374,-0.023274,0.000404,-0.007153,-0.005480,-0.003930,0.017269,0.004643
0.014010,-0.006265,0.061795,0.057224,-0.017130,0.046058,0.043134,-0.015579,-0.020863,0.026125,0.050048,0.258814,0.127723,-0.005027,-0.041925,0.000000,-0.010707,0.020013,0.000000,0.235891,-0.104084,-0.024211,0.005744,0.022098,-0.037839,0.005504,0.010950,0.026463,0.016099
0.013182,0.016090,0.051221,0.019222,0.008265,0.037352,0.009498,-0.022900,-0.025001,-0.034410,0.016683,0.230937,0.120786,0.013985,-0.072068,0.000000,-0.014058,0.005385,0.000000,0.236139,-0.080997,-0.037236,0.013959,0.004903,-0.038531,0.001066,0.015644,0.005877,0.020990
0.012767,0.027268,0.045934,0.000222,0.020962,0.032999,-0.007320,-0.026561,-0.027071,-0.064677,0.000000,0.216999,0.117317,0.023490,-0.087140,0.000000,-0.015734,-0.001930,0.000000,0.236263,-0.069454,-0.043749,0.018067,-0.003694,-0.038878,-0.001153,0.017991,-0.004416,0.023436
0.002763,-0.030814,0.061285,0.039951,-0.029629,0.043532,0.010417,0.004418,-0.028926,0.043132,0.041363,0.207065,0.089346,-0.024973,0.018525,0.000000,-0.024188,0.025864,0.000000,0.166851,-0.092563,-0.037107,-0.029919,0.047914,0.022758,-0.030513,-0.029281,0.021175,-0.002088
0.000969,-0.023259,0.048611,0.028331,-0.020801,0.044360,0.015234,-0.002961,-0.024234,0.044197,0.037915,0.193302,0.076621,-0.027044,0.002604,0.000000,-0.031093,0.027843,0.000000,0.176718,-0.083707,-0.034984,-0.024390,0.029533,0.026231,-0.023193,-0.025875,0.029265,-0.008784
-0.002618,-0.008149,0.023264,0.005093,-0.003144,0.046014,0.024867,-0.017720,-0.014851,0.046329,0.031019,0.165777,0.051171,-0.031187,-0.029237,0.000000,-0.044902,0.031801,0.000000,0.196452,-0.065994,-0.030738,-0.013332,-0.007229,0.033178,-0.008554,-0.019064,0.045446,-0.022176
-0.021398,-0.002569,0.021191,0.017525,-0.002562,0.036258,0.004677,-0.016084,-0.006317,0.010648,0.012410,0.166569,0.052278,-0.006406,-0.003901,0.000000,-0.028145,0.026188,0.000000,0.182829,-0.045930,-0.037926,-0.017946,-0.003026,0.004626,-0.003693,-0.000228,0.025672,0.002868
-0.030788,0.000221,0.020154,0.023741,-0.002271,0.031380,-0.005417,-0.015265,-0.002050,-0.007192,0.003106,0.166965,0.052832,0.005985,0.008768,0.000000,-0.019766,0.023382,0.000000,0.176017,-0.035898,-0.041521,-0.020252,-0.000925,-0.009650,-0.001262,0.009190,0.015785,0.015391
-0.013615,0.003784,0.024087,-0.014648,-0.019040,0.031644,-0.005761,0.002396,-0.032334,-0.004925,-0.007153,0.132110,0.060517,-0.013198,-0.018628,0.000000,-0.036947,0.001420,0.000000,0.146438,-0.046258,-0.019534,-0.002439,-0.010217,-0.001010,0.000240,0.008082,-0.026367,0.027628
0.000521,0.017586,0.024719,-0.006663,0.007160,0.028422,0.004904,0.012971,-0.042898,-0.027491,-0.022148,0.119923,0.062765,0.004455,-0.024191,0.000000,-0.034671,-0.004566,0.000000,0.143493,-0.041126,-0.020621,0.010464,0.003283,-0.003076,-0.004742,0.008949,-0.014188,0.025638
0.028793,0.045190,0.025984,0.009307,0.059559,0.021980,0.026234,0.034120,-0.064027,-0.072625,-0.052139,0.095549,0.067261,0.039760,-0.035316,0.000000,-0.030121,-0.016539,0.000000,0.137604,-0.030861,-0.022795,0.036271,0.030282,-0.007209,-0.014705,0.010684,0.010170,0.021658
-0.001568,0.035155,0.005579,-0.004471,0.031857,0.012212,-0.000491,0.027380,-0.021179,-0.025750,-0.039451,0.114434,0.034688,-0.000509,-0.013151,0.000000,-0.030064,0.001410,0.000000,0.149878,-0.006441,-0.033135,0.021694,0.007267,-0.004034,-0.007413,0.012396,-0.004034,0.036858
-0.016748,0.030137,-0.004624,-0.011360,0.018007,0.007329,-0.013854,0.024009,0.000245,-0.002312,-0.033107,0.123877,0.018401,-0.020644,-0.002069,0.000000,-0.030035,0.010385,0.000000,0.156015,0.005769,-0.038306,0.014405,-0.004240,-0.002446,-0.003766,0.013252,-0.011136,0.044459
0.021703,0.059513,-0.007601,-0.037898,0.014936,0.012525,-0.028143,-0.018713,-0.026051,-0.085693,-0.028293,0.099089,0.047035,0.079675,-0.035981,0.000000,-0.039867,-0.036970,0.000000,0.135723,0.001763,-0.020292,0.032018,0.037398,0.006555,-0.005808,0.017832,0.043427,0.040601
0.013838,0.051784,-0.009146,-0.040966,0.008774,0.014651,-0.022902,-0.015503,-0.030171,-0.081484,-0.034023,0.094452,0.042471,0.069084,-0.024923,0.000000,-0.048066,-0.032365,0.000000,0.131627,-0.004120,-0.021566,0.026020,0.023712,0.009157,0.000267,0.020316,0.029049,0.045835
-0.001890,0.036325,-0.012238,-0.047101,-0.003551,0.018903,-0.012420,-0.009085,-0.038412,-0.073067,-0.045482,0.085178,0.033344,0.047902,-0.002807,0.000000,-0.064464,-0.023154,0.000000,0.123435,-0.015887,-0.024115,0.014023,-0.003660,0.014361,0.012417,0.025283,0.000292,0.056303
0.007349,0.029758,-0.016215,-0.018067,0.016080,0.027913,-0.001731,-0.014004,-0.037336,-0.058125,-0.033872,0.067458,0.056671,0.035870,0.014942,0.000000,-0.070392,-0.011863,0.000000,0.106701,-0.030849,-0.016459,0.006746,0.015716,0.038077,0.006457,0.014928,-0.002005,0.048109
0.011968,0.026474,-0.018203,-0.003549,0.025896,0.032418,0.003614,-0.016463,-0.036798,-0.050654,-0.028067,0.058597,0.068334,0.029853,0.023817,0.000000,-0.073357,-0.006218,0.000000,0.098333,-0.038330,-0.012631,0.003108,0.025404,0.049935,0.003476,0.009751,-0.003154,0.044012
0.032948,0.018185,0.006343,-0.045025,0.028097,0.035553,0.000928,-0.020501,-0.058528,-0.111979,-0.029149,0.034528,0.088421,0.065191,0.000682,0.000000,-0.091580,-0.023468,0.000000,0.057950,-0.065572,-0.034386,-0.037769,0.043033,0.024785,-0.001460,0.002675,-0.002109,0.050455
0.016877,0.009932,0.010517,-0.037110,0.022342,0.021777,0.003567,0.000047,-0.055753,-0.102245,-0.023116,0.039447,0.089060,0.056741,-0.001571,0.000000,-0.069398,-0.018002,0.000000,0.048083,-0.069708,-0.028589,-0.038157,0.023331,0.021715,-0.001769,0.001682,-0.018517,0.041059
-0.015265,-0.006573,0.018864,-0.021281,0.010831,-0.005773,0.008846,0.041143,-0.050204,-0.082778,-0.011049,0.049284,0.090338,0.039840,-0.006077,0.000000,-0.025036,-0.007071,0.000000,0.028349,-0.077981,-0.016994,-0.038931,-0.016074,0.015576,-0.002387,-0.000304,-0.051333,0.022268
0.022053,0.008489,-0.019522,-0.008778,0.008222,0.004870,-0.003487,0.008426,0.001726,-0.052612,0.041454,0.051323,0.078020,0.036526,-0.023148,0.000000,-0.037237,-0.005161,0.000000,0.046619,-0.076433,-0.018010,-0.036495,0.003783,0.040995,-0.004096,-0.009246,-0.049907,0.020951
0.040712,0.016020,-0.038714,-0.002527,0.006918,0.010192,-0.009654,-0.007932,0.027691,-0.037529,0.067705,0.052343,0.071861,0.034870,-0.031683,0.000000,-0.043337,-0.004206,0.000000,0.055754,-0.075660,-0.018518,-0.035276,0.013711,0.053705,-0.004950,-0.013716,-0.049194,0.020293
0.044652,-0.004479,-0.008039,0.013949,-0.005080,0.037910,0.037289,-0.005296,0.012694,-0.031246,0.062593,0.035257,0.060323,0.039190,0.020505,0.000000,-0.087444,0.012028,0.000000,0.029851,-0.079154,0.004535,-0.028396,0.066792,0.025742,-0.003055,-0.015163,-0.024720,-0.026563
0.038351,-0.014060,-0.005802,-0.000784,-0.009755,0.025343,0.022805,-0.011926,0.015182,-0.040429,0.059103,0.034406,0.058810,0.041050,0.006537,0.000000,-0.066060,-0.000004,0.000000,0.032927,-0.078780,0.001360,-0.018963,0.040929,0.032439,-0.006393,-0.013724,-0.024765,-0.017638
0.025751,-0.033221,-0.001327,-0.030250,-0.019106,0.000209,-0.006162,-0.025186,0.020157,-0.058794,0.052124,0.032703,0.055785,0.044772,-0.021398,0.000000,-0.023292,-0.024066,0.000000,0.039078,-0.078031,-0.004989,-0.000097,-0.010799,0.045833,-0.013068,-0.010845,-0.024855,0.000214
0.027007,-0.030769,0.030573,-0.038968,-0.004775,0.005974,-0.002040,-0.017772,-0.009552,-0.068057,0.025756,0.016630,0.066429,0.028001,0.000368,0.000000,-0.014834,-0.021548,0.000000,0.014263,-0.086216,-0.001565,0.005389,0.001581,0.033074,-0.016931,-0.012199,-0.050790,-0.009142
0.027636,-0.029543,0.046524,-0.043327,0.002391,0.008856,0.000022,-0.014065,-0.024406,-0.072688,0.012572,0.008593,0.071750,0.019616,0.011251,0.000000,-0.010605,-0.020290,0.000000,0.001856,-0.090308,0.000147,0.008132,0.007770,0.026694,-0.018863,-0.012876,-0.063758,-0.013821
0.019097,-0.044437,0.020543,-0.002212,0.001473,0.017542,-0.002046,-0.009539,0.014313,-0.053630,0.039849,0.023467,0.047783,0.030369,-0.034426,0.000000,-0.032213,-0.004293,0.000000,0.000401,-0.081606,0.002353,-0.012628,0.040141,0.008945,0.007592,-0.002892,-0.007688,0.013245
0.018318,-0.049920,0.022961,0.000626,-0.010914,0.013651,0.000576,0.000644,0.021478,-0.030575,0.045503,0.024041,0.041687,0.011520,-0.029793,0.000000,-0.031459,0.001915,0.000000,0.000079,-0.078224,0.001681,-0.018125,0.037059,0.007783,0.004141,-0.011236,-0.008576,-0.000564
0.016758,-0.060886,0.027796,0.006301,-0.035688,0.005870,0.005819,0.021010,0.035808,0.015535,0.056811,0.025189,0.029495,-0.026177,-0.020527,0.000000,-0.029950,0.014330,0.000000,-0.000565,-0.071462,0.000336,-0.029118,0.030895,0.005457,-0.002760,-0.027923,-0.010351,-0.028181
0.033876,-0.046103,0.031871,-0.006779,-0.021346,0.001975,0.012170,0.023627,0.023472,-0.039494,0.027083,0.027620,0.013723,0.009679,-0.000718,0.000000,-0.030661,0.001066,0.000000,-0.004716,-0.068298,0.000210,-0.023618,0.035221,-0.015517,-0.003346,-0.015489,-0.017725,-0.032543
0.042434,-0.038712,0.033908,-0.013320,-0.014175,0.000028,0.015345,0.024936,0.017304,-0.067009,0.012219,0.028836,0.005838,0.027607,0.009186,0.000000,-0.031017,-0.005566,0.000000,-0.006791,-0.066716,0.000147,-0.020868,0.037384,-0.026004,-0.003639,-0.009272,-0.021412,-0.034724
0.016860,-0.051857,0.040483,0.006627,-0.018666,0.001399,0.014546,-0.002032,0.011920,0.001829,0.021821,0.017240,0.029515,-0.026218,-0.009075,0.000000,-0.002528,0.005811,0.000000,-0.015196,-0.059279,0.015857,-0.003755,0.023478,-0.026577,-0.006433,-0.014613,-0.022563,-0.013930
0.017419,-0.044844,0.050218,-0.004708,-0.019302,-0.002491,-0.000394,-0.004115,-0.002170,0.002123,-0.007392,0.020604,0.025482,-0.035920,0.018297,0.000000,0.004485,-0.000515,0.000000,-0.023830,-0.058756,0.008274,0.013984,0.010839,-0.025716,-0.011204,-0.005898,-0.013459,-0.011542
0.018538,-0.030817,0.069687,-0.027376,-0.020573,-0.010271,-0.030275,-0.008279,-0.030351,0.002709,-0.065818,0.027330,0.017417,-0.055324,0.073041,0.000000,0.018511,-0.013167,0.000000,-0.041099,-0.057710,-0.006891,0.049464,-0.014439,-0.023992,-0.020747,0.011531,0.004749,-0.006765
0.005910,-0.024879,0.069647,-0.037024,-0.019570,-0.018494,-0.013585,-0.000651,-0.030517,-0.002462,-0.067608,0.030699,0.005271,-0.040784,0.016232,0.000000,0.008719,-0.010364,0.000000,-0.036125,-0.039681,-0.015968,0.047046,0.014831,-0.045632,-0.014984,0.007880,0.002549,-0.001955
-0.000404,-0.021910,0.069626,-0.041848,-0.019069,-0.022605,-0.005240,0.003163,-0.030600,-0.005048,-0.068503,0.032383,-0.000801,-0.033513,-0.012172,0.000000,0.003823,-0.008962,0.000000,-0.033638,-0.030667,-0.020506,0.045837,0.029466,-0.056452,-0.012102,0.006055,0.001448,0.000450
0.004615,-0.045012,0.029427,-0.008789,-0.021797,-0.021647,-0.039896,0.022643,-0.000546,0.056883,0.032065,0.028172,0.006905,-0.055583,0.024327,0.000000,0.018010,-0.004054,0.000000,-0.015271,-0.026335,-0.009588,0.029612,-0.003044,-0.039816,-0.008727,-0.004666,-0.006695,-0.003832
0.007493,-0.044261,0.031678,-0.012073,-0.023219,-0.011438,-0.034308,0.019829,0.004452,0.054394,0.023202,0.021603,0.005399,-0.059331,0.014509,0.000000,-0.000663,0.003656,0.000000,-0.011097,-0.020608,-0.009807,0.011961,-0.001041,-0.034378,-0.011376,-0.008877,-0.017857,-0.011646
0.013250,-0.042759,0.036181,-0.018641,-0.026062,0.008982,-0.023133,0.014200,0.014446,0.049417,0.005475,0.008463,0.002387,-0.066827,-0.005125,0.000000,-0.038009,0.019076,0.000000,-0.002750,-0.009154,-0.010246,-0.023339,0.002964,-0.023502,-0.016674,-0.017298,-0.040182,-0.027275
0.002251,-0.017447,0.031454,-0.017188,-0.014262,-0.006440,-0.031924,0.009410,0.003319,0.028723,0.012684,0.011861,0.006475,-0.045755,0.005066,0.000000,-0.002468,-0.000636,0.000000,-0.006965,-0.022876,0.004126,0.029497,0.005406,-0.019191,-0.009293,0.006009,-0.024860,-0.002896
-0.003249,-0.004791,0.029091,-0.016462,-0.008361,-0.014150,-0.036319,0.007015,-0.002244,0.018377,0.016289,0.013559,0.008519,-0.035219,0.010162,0.000000,0.015303,-0.010492,0.000000,-0.009073,-0.029736,0.011312,0.055915,0.006627,-0.017036,-0.005603,0.017663,-0.017199,0.009293
0.043273,-0.019545,0.021758,-0.029726,0.014425,-0.002317,-0.010624,0.022986,-0.006569,-0.047609,0.007531,0.003694,0.020118,0.023016,-0.016890,0.000000,-0.009484,-0.027185,0.000000,0.001427,-0.015490,-0.007868,0.032315,0.013637,-0.019304,-0.012566,0.013526,-0.005304,0.012795
0.022603,-0.016345,0.019817,-0.017942,0.006714,0.005171,-0.005364,0.009180,-0.012496,-0.042873,0.004318,-0.002455,0.018847,0.021384,-0.013309,0.000000,-0.015895,-0.018407,0.000000,-0.000361,-0.022431,0.000584,0.023407,0.014534,0.000051,-0.002593,0.009035,0.002753,0.007333
-0.018736,-0.009946,0.015935,0.005627,-0.008706,0.020145,0.005157,-0.018431,-0.024350,-0.033401,-0.002108,-0.014754,0.016304,0.018120,-0.006146,0.000000,-0.028718,-0.000851,0.000000,-0.003937,-0.036314,0.017488,0.005590,0.016328,0.038761,0.017351,0.000053,0.018867,-0.003591
-0.023241,-0.012373,0.002244,-0.006683,-0.007972,0.004830,-0.010510,-0.014904,0.003179,-0.002168,0.010473,-0.010960,0.016566,0.009531,0.009533,0.000000,-0.011203,0.003887,0.000000,0.017284,-0.020424,0.030437,0.000123,-0.021692,0.019280,0.015655,-0.005503,-0.001485,-0.004334
-0.025494,-0.013587,-0.004602,-0.012839,-0.007605,-0.002828,-0.018343,-0.013141,0.016944,0.013449,0.016764,-0.009063,0.016697,0.005236,0.017373,0.000000,-0.002446,0.006256,0.000000,0.027895,-0.012479,0.036911,-0.002611,-0.040702,0.009540,0.014807,-0.008281,-0.011660,-0.004705
-0.006103,-0.011542,0.017994,-0.004014,0.020843,0.018658,-0.015147,-0.012423,-0.018641,-0.058722,0.002092,-0.008577,0.010636,0.029735,0.006107,0.000000,0.008229,-0.003422,0.000000,0.000772,-0.016407,0.008637,0.008419,0.014066,0.016280,0.019518,0.014538,-0.024557,0.012073
-0.003295,-0.010936,0.009922,0.001863,0.013745,0.020294,-0.010386,-0.011059,-0.013044,-0.050646,0.005576,-0.008936,0.010302,0.028574,0.000462,0.000000,0.004032,-0.001629,0.000000,0.002775,-0.018228,0.013919,0.007529,0.008424,0.015570,0.018180,0.006760,-0.019812,0.003331
0.002321,-0.009723,-0.006223,0.013618,-0.000451,0.023564,-0.000863,-0.008332,-0.001849,-0.034493,0.012546,-0.009654,0.009633,0.026253,-0.010827,0.000000,-0.004363,0.001958,0.000000,0.006781,-0.021871,0.024483,0.005751,-0.002858,0.014150,0.015502,-0.008796,-0.010324,-0.014153
0.006360,0.002975,-0.014513,0.033582,0.014380,0.029197,0.020456,-0.021339,0.009359,-0.031871,0.022240,-0.015596,0.028876,0.039359,-0.017413,0.000000,0.002997,0.005641,0.000000,0.006251,-0.016499,0.025213,-0.015554,-0.027844,0.003726,0.006833,-0.013189,-0.017577,-0.029214
0.008379,0.009324,-0.018658,0.043564,0.021796,0.032014,0.031115,-0.027843,0.014964,-0.030559,0.027087,-0.018566,0.038497,0.045912,-0.020705,0.000000,0.006677,0.007482,0.000000,0.005987,-0.013813,0.025578,-0.026207,-0.040337,-0.001485,0.002498,-0.015386,-0.021203,-0.036744
0.006924,-0.030713,-0.001833,0.014328,-0.027557,0.002353,0.025864,-0.036334,0.028905,0.006475,0.025247,0.007422,0.001697,-0.004443,-0.004468,0.000000,0.022259,0.009404,0.000000,-0.001978,-0.015952,0.040069,0.001827,0.000684,-0.030546,0.002249,-0.001155,-0.001794,-0.012598
0.002311,-0.027666,-0.005091,0.012819,-0.014446,0.014318,0.029413,-0.031354,0.022689,-0.008924,0.020175,0.000514,0.008930,0.008212,-0.011265,0.000000,0.026825,0.003692,0.000000,-0.003849,-0.015592,0.029439,-0.010288,0.003294,-0.012386,0.003221,-0.006984,0.017590,-0.023122
-0.006913,-0.021573,-0.011608,0.009799,0.011777,0.038248,0.036512,-0.021392,0.010255,-0.039722,0.010031,-0.013301,0.023394,0.033522,-0.024860,0.000000,0.035958,-0.007732,0.000000,-0.007592,-0.014874,0.008179,-0.034518,0.008516,0.023935,0.005165,-0.018641,0.056358,-0.044172
-0.014001,-0.009965,-0.004689,0.027611,0.014558,0.031517,0.036163,-0.009901,0.026439,-0.016620,0.024165,0.002699,0.024077,0.019201,-0.027430,0.000000,0.031349,0.010135,0.000000,-0.018665,-0.002735,0.003456,-0.019486,0.035337,0.000860,0.011183,-0.010872,0.047372,-0.044988
-0.017545,-0.004161,-0.001230,0.036517,0.015948,0.028152,0.035989,-0.004155,0.034531,-0.005069,0.031232,0.010699,0.024418,0.012040,-0.028715,0.000000,0.029045,0.019068,0.000000,-0.024201,0.003334,0.001094,-0.011970,0.048748,-0.010677,0.014192,-0.006988,0.042878,-0.045397
-0.028723,-0.010061,-0.006038,0.000064,0.005282,0.017993,-0.004082,-0.019235,0.015713,-0.022089,-0.009038,-0.008534,0.021787,0.047522,0.025090,0.000000,0.047949,-0.034393,0.000000,0.013472,0.033343,0.005218,0.036553,-0.020457,-0.024456,-0.005426,0.010211,-0.019020,0.009931
-0.028426,-0.007175,-0.010229,0.006312,0.004159,0.023669,-0.001850,-0.008116,0.026040,-0.007921,0.002566,-0.002719,0.017364,0.037972,0.028341,0.000000,0.046149,-0.013410,0.000000,0.012693,0.038110,-0.002371,0.015967,-0.014253,-0.025802,-0.001119,0.010098,-0.015662,0.022942
-0.027832,-0.001401,-0.018612,0.018806,0.001912,0.035020,0.002614,0.014123,0.046694,0.020413,0.025774,0.008910,0.008520,0.018872,0.034843,0.000000,0.042551,0.028555,0.000000,0.011137,0.047644,-0.017549,-0.025206,-0.001847,-0.028494,0.007496,0.009874,-0.008947,0.048964
-0.035642,0.016429,0.001893,0.017496,0.018100,0.029689,0.017643,-0.020569,0.013109,-0.002228,0.006751,0.000370,0.007825,0.025281,-0.002246,0.000000,0.013433,0.007369,0.000000,0.005460,0.047879,-0.029453,-0.003514,-0.000959,-0.020214,0.003275,0.021517,0.013527,0.023375
-0.039546,0.025343,0.012146,0.016841,0.026194,0.027023,0.025157,-0.037915,-0.003683,-0.013549,-0.002761,-0.003901,0.007477,0.028486,-0.020791,0.000000,-0.001127,-0.003224,0.000000,0.002621,0.047997,-0.035405,0.007331,-0.000515,-0.016074,0.001165,0.027338,0.024764,0.010581
-0.037159,0.011454,-0.015788,0.009193,0.014781,-0.001326,-0.027123,0.008364,0.044657,0.056993,0.035355,0.033889,-0.043460,-0.025042,-0.021288,0.000000,0.032492,0.033591,0.000000,0.043137,0.074413,-0.002010,0.043910,-0.010412,-0.031186,0.026907,0.044066,0.014450,0.088390
-0.029806,0.024273,-0.004674,-0.001494,0.015290,0.001758,-0.021220,0.005690,0.014368,0.026702,0.007259,0.026220,-0.031410,-0.002888,0.001763,0.000000,0.037432,0.014097,0.000000,0.028722,0.068733,-0.014497,0.053599,-0.025805,-0.039735,0.005457,0.034124,0.018078,0.060811
-0.015101,0.049909,0.017552,-0.022869,0.016308,0.007927,-0.009412,0.000342,-0.046209,-0.033882,-0.048935,0.010883,-0.007309,0.041421,0.047866,0.000000,0.047312,-0.024889,0.000000,-0.000107,0.057374,-0.039471,0.072978,-0.056591,-0.056834,-0.037443,0.014239,0.025333,0.005652
-0.010616,0.028520,0.004011,0.011451,0.025854,0.015059,0.005756,-0.007106,-0.031332,-0.019141,-0.019809,0.006431,0.001365,0.070740,0.023302,0.000000,0.019935,-0.017315,0.000000,0.001774,0.051382,-0.022382,0.044076,-0.016459,-0.023389,-0.014535,0.019296,0.021904,0.031638
-0.008374,0.017825,-0.002759,0.028610,0.030627,0.018624,0.013340,-0.010830,-0.023894,-0.011771,-0.005247,0.004205,0.005702,0.085400,0.011020,0.000000,0.006246,-0.013529,0.000000,0.002714,0.048386,-0.013837,0.029626,0.003607,-0.006667,-0.003081,0.021824,0.020189,0.044632
-0.027426,0.021564,-0.019214,0.017513,0.003233,0.013121,-0.018487,0.007083,0.005183,0.053633,0.008570,0.013728,0.003750,0.007761,-0.037765,0.000000,0.006169,-0.009058,0.000000,0.003988,0.035550,-0.022688,0.024090,-0.005124,0.000621,-0.008363,0.014640,0.015500,0.051607
-0.046498,0.010474,-0.018062,0.030336,-0.006454,0.007336,0.003878,-0.003197,0.007731,0.091220,0.013389,0.017899,-0.007816,-0.006654,-0.025577,0.000000,0.005032,0.011096,0.000000,0.002877,0.029798,-0.021137,0.017427,0.005104,0.000175,-0.001855,0.011720,0.031824,0.043172
-0.084642,-0.011705,-0.015758,0.055983,-0.025828,-0.004234,0.048609,-0.023757,0.012828,0.166394,0.023028,0.026239,-0.030949,-0.035484,-0.001201,0.000000,0.002757,0.051403,0.000000,0.000654,0.018295,-0.018035,0.004102,0.025560,-0.000718,0.011162,0.005879,0.064471,0.026302
-0.063146,0.006389,-0.002389,0.036628,-0.012290,0.001520,-0.010449,0.002262,-0.005153,0.170645,0.005573,0.011439,-0.015286,-0.059378,0.017995,0.000000,-0.007814,0.041687,0.000000,-0.010425,0.011915,-0.026029,0.003392,0.019927,0.016942,-0.003305,-0.002173,0.074161,0.011827
-0.052398,0.015437,0.004296,0.026951,-0.005522,0.004397,-0.039978,0.015272,-0.014144,0.172770,-0.003154,0.004039,-0.007454,-0.071325,0.027594,0.000000,-0.013100,0.036829,0.000000,-0.015965,0.008725,-0.030026,0.003036,0.017110,0.025772,-0.010539,-0.006200,0.079005,0.004590
-0.057136,0.014513,-0.019090,0.039976,-0.007351,-0.010999,-0.009873,0.012386,0.016560,0.105066,0.022733,0.015657,0.006289,-0.001827,-0.050875,0.000000,0.016124,-0.011185,0.000000,-0.002772,0.019217,-0.010185,-0.004510,0.011929,-0.021580,0.009930,0.010804,0.013489,0.030919
-0.043548,0.013064,-0.013634,0.030620,-0.013683,-0.014911,-0.013968,0.014834,0.014477,0.112370,0.015272,0.022462,0.000240,-0.016150,-0.031667,0.000000,0.020802,-0.007922,0.000000,-0.009617,0.011090,-0.014333,-0.002619,0.014526,-0.011977,0.001005,0.008571,-0.003441,0.027733
-0.016372,0.010167,-0.002721,0.011909,-0.026346,-0.022736,-0.022157,0.019731,0.010312,0.126978,0.000350,0.036071,-0.011858,-0.044797,0.006749,0.000000,0.030159,-0.001396,0.000000,-0.023307,-0.005165,-0.022627,0.001162,0.019721,0.007230,-0.016847,0.004103,-0.037300,0.021360
-0.050249,0.019328,0.003655,0.002520,-0.016675,-0.007586,-0.054667,0.023659,-0.008287,0.107006,-0.007718,0.010510,0.024815,-0.054910,-0.020320,0.000000,0.016100,-0.003964,0.000000,-0.026008,-0.013812,-0.016183,0.033842,-0.022329,0.014381,-0.013566,0.013103,-0.017906,-0.006667
-0.067188,0.023909,0.006843,-0.002174,-0.011839,-0.000012,-0.070922,0.025623,-0.017586,0.097021,-0.011752,-0.002271,0.043151,-0.059967,-0.033855,0.000000,0.009071,-0.005248,0.000000,-0.027359,-0.018135,-0.012960,0.050182,-0.043354,0.017956,-0.011925,0.017603,-0.008209,-0.020680
-0.036383,0.009434,-0.005229,0.015934,-0.044834,-0.029952,-0.054089,0.047862,0.059420,0.169929,0.029462,0.057998,-0.036457,-0.086619,-0.018172,0.000000,0.002385,0.031340,0.000000,-0.003351,0.007451,-0.020024,-0.008454,0.029687,-0.014537,-0.007250,0.002014,-0.026709,0.021145
-0.028385,0.018444,-0.001720,0.006695,-0.015969,-0.031922,-0.042883,0.036453,0.027941,0.109242,-0.002939,0.044686,-0.027081,-0.050444,-0.012384,0.000000,0.009125,0.012339,0.000000,-0.001414,0.000206,-0.013161,0.008301,0.026353,-0.009409,-0.003770,0.009394,-0.014949,0.015089
-0.012388,0.036466,0.005298,-0.011782,0.041760,-0.035862,-0.020471,0.013635,-0.035018,-0.012133,-0.067741,0.018062,-0.008330,0.021904,-0.000809,0.000000,0.022606,-0.025664,0.000000,0.002460,-0.014283,0.000565,0.041810,0.019686,0.000848,0.003190,0.024155,0.008571,0.002976
0.012263,0.039145,0.007768,-0.019531,0.024061,-0.026517,-0.029380,0.016019,-0.012853,-0.025794,-0.051154,0.037003,-0.016077,0.013659,0.001162,0.000000,0.022966,-0.032727,0.000000,-0.006328,-0.004406,-0.000632,0.023705,0.053466,-0.014070,-0.001417,0.009921,0.002850,-0.008967
0.024589,0.040484,0.009003,-0.023405,0.015212,-0.021845,-0.033834,0.017211,-0.001771,-0.032625,-0.042860,0.046473,-0.019950,0.009536,0.002148,0.000000,0.023146,-0.036259,0.000000,-0.010722,0.000532,-0.001230,0.014652,0.070357,-0.021528,-0.003721,0.002804,-0.000011,-0.014939
0.021797,0.023645,-0.030640,0.030604,-0.001547,-0.023962,0.029095,0.019067,0.023472,-0.007301,0.015184,0.045806,-0.025209,0.032601,-0.023881,0.000000,0.029082,0.019102,0.000000,0.019552,0.002350,0.003090,-0.015357,0.037546,0.005405,0.012422,-0.003662,0.007393,-0.018715
0.017224,0.014377,-0.020254,0.023912,-0.001479,-0.021742,0.013494,0.027661,0.017074,-0.006111,0.018905,0.044315,-0.022486,0.026546,-0.011713,0.000000,0.024957,0.017314,0.000000,0.012429,0.000500,0.006983,-0.008881,0.026577,0.002601,0.008679,0.000415,-0.006425,-0.010320
0.008077,-0.004159,0.000518,0.010527,-0.001343,-0.017302,-0.017707,0.044848,0.004279,-0.003730,0.026346,0.041335,-0.017040,0.014434,0.012621,0.000000,0.016707,0.013738,0.000000,-0.001817,-0.003199,0.014770,0.004070,0.004639,-0.003007,0.001195,0.008569,-0.034061,0.006471
0.007249,0.012396,-0.019391,-0.008370,0.010015,-0.005513,-0.009810,-0.016937,0.013992,-0.066422,-0.001999,0.037500,-0.027920,0.060846,0.054035,0.000000,0.016558,-0.025696,0.000000,0.016365,-0.002899,0.008962,0.012877,0.003212,0.026767,0.025652,0.027248,-0.004333,-0.019182
0.006834,0.020673,-0.029345,-0.017819,0.015694,0.000382,-0.005862,-0.047829,0.018849,-0.097768,-0.016171,0.035583,-0.033360,0.084052,0.074742,0.000000,0.016483,-0.045413,0.000000,0.025456,-0.002748,0.006058,0.017281,0.002498,0.041654,0.037880,0.036587,0.010530,-0.032009
0.022039,-0.004357,-0.028473,0.001402,0.003633,-0.012494,0.020007,-0.002949,0.042754,-0.067302,0.035928,0.032463,-0.019496,0.083394,0.047771,0.000000,0.020526,-0.015497,0.000000,0.027913,-0.003316,0.028238,0.008215,0.026211,0.033533,0.033012,0.021937,-0.068585,-0.029070
0.022992,0.002346,-0.025728,0.002664,0.007150,-0.010030,0.025840,-0.001983,0.028221,-0.066980,0.025988,0.031112,-0.016679,0.070563,0.027923,0.000000,0.033803,-0.013841,0.000000,0.022924,-0.006553,0.024529,0.013047,0.026469,0.036674,0.026273,0.015967,-0.033345,-0.025321
0.024898,0.015752,-0.020239,0.005189,0.014184,-0.005102,0.037505,-0.000053,-0.000847,-0.066335,0.006108,0.028409,-0.011044,0.044900,-0.011773,0.000000,0.060357,-0.010530,0.000000,0.012946,-0.013027,0.017109,0.022713,0.026987,0.042956,0.012795,0.004027,0.037133,-0.017824
0.008141,0.017471,-0.012173,0.006921,0.016282,-0.008379,0.000579,0.018567,-0.003319,-0.055651,-0.011127,0.034433,-0.003667,0.042295,0.017636,0.000000,0.050157,-0.005027,0.000000,0.007558,-0.004497,0.010834,0.034198,-0.011955,0.025036,-0.000907,0.000858,0.029681,-0.006873
-0.000238,0.018330,-0.008140,0.007787,0.017331,-0.010018,-0.017884,0.027876,-0.004555,-0.050309,-0.019744,0.037445,0.000021,0.040992,0.032341,0.000000,0.045058,-0.002275,0.000000,0.004864,-0.000233,0.007696,0.039940,-0.031425,0.016076,-0.007758,-0.000726,0.025955,-0.001397
0.081078,0.054599,-0.040090,-0.006503,0.051125,-0.008739,0.014850,0.005105,0.000979,-0.144673,-0.010510,0.034184,0.019003,0.131212,0.020084,0.000000,0.019646,-0.052239,0.000000,-0.002128,-0.032689,0.044714,0.056376,0.078936,0.005323,0.010376,0.013291,0.030151,0.006569
0.061432,0.043100,-0.037332,-0.000792,0.039881,-0.003519,0.021040,-0.005906,-0.001292,-0.113937,-0.009259,0.026304,0.022665,0.112368,0.019334,0.000000,0.014966,-0.039223,0.000000,0.000334,-0.031597,0.038353,0.046883,0.061555,0.011608,0.009444,0.008858,0.032741,-0.008196
0.022139,0.020100,-0.031816,0.010630,0.017395,0.006919,0.033419,-0.027927,-0.005834,-0.052464,-0.006755,0.010546,0.029991,0.074680,0.017836,0.000000,0.005604,-0.013191,0.000000,0.005257,-0.029414,0.025631,0.027895,0.026793,0.024178,0.007582,-0.000008,0.037921,-0.037727
0.021290,0.035428,-0.034284,0.013211,0.019320,0.009507,0.020161,-0.029729,-0.027728,-0.078874,-0.018919,-0.004773,0.071598,0.063389,0.039728,0.000000,0.013435,-0.032479,0.000000,-0.009322,-0.049588,0.025729,0.022264,-0.004590,0.021237,0.003355,0.005134,-0.010131,-0.004838
0.020866,0.043092,-0.035517,0.014502,0.020283,0.010800,0.013532,-0.030630,-0.038675,-0.092078,-0.025000,-0.012433,0.092402,0.057744,0.050674,0.000000,0.017350,-0.042123,0.000000,-0.016612,-0.059674,0.025778,0.019448,-0.020282,0.019767,0.001241,0.007705,-0.034157,0.011606
0.002879,0.020258,-0.030806,0.027491,-0.010371,0.037559,0.017303,-0.056937,-0.017151,-0.040777,0.010627,-0.023376,0.093746,0.036362,0.020165,0.000000,-0.020989,-0.001907,0.000000,-0.023346,-0.078262,0.022734,0.015843,-0.052224,0.049787,0.017586,0.009824,-0.032394,-0.002191
0.003935,0.024884,-0.026769,0.017316,-0.005978,0.026911,0.014759,-0.053507,-0.011791,-0.037320,0.004777,-0.018565,0.088083,0.040296,0.024472,0.000000,-0.028085,-0.010710,0.000000,-0.021300,-0.073645,0.016515,0.013202,-0.025107,0.026931,0.020709,0.019239,-0.026830,0.008350
0.006047,0.034137,-0.018696,-0.003034,0.002809,0.005615,0.009670,-0.046646,-0.001072,-0.030407,-0.006922,-0.008943,0.076755,0.048163,0.033087,0.000000,-0.042277,-0.028317,0.000000,-0.017209,-0.064411,0.004077,0.007921,0.029127,-0.018782,0.026955,0.038068,-0.015701,0.029432
0.008627,0.029738,-0.025975,0.028408,0.006567,0.030018,0.050551,-0.039813,-0.014058,-0.021456,0.007508,-0.023662,0.086274,0.038929,0.021544,0.000000,-0.047403,0.018180,0.000000,-0.021958,-0.074483,0.017481,0.004908,0.029619,0.002194,0.034982,0.030759,0.012117,0.001246
0.009917,0.027539,-0.029614,0.044129,0.008445,0.042220,0.070991,-0.036397,-0.020551,-0.016980,0.014723,-0.031022,0.091034,0.034312,0.015773,0.000000,-0.049966,0.041428,0.000000,-0.024333,-0.079519,0.024183,0.003401,0.029865,0.012681,0.038996,0.027105,0.026026,-0.012847
0.016528,0.041929,-0.028518,-0.012850,0.008095,0.005575,0.009707,-0.039430,-0.026217,-0.075433,-0.019312,-0.030892,0.112801,0.080009,0.000379,0.000000,0.028853,-0.049243,0.000000,-0.017560,-0.071934,0.008415,-0.011469,-0.023569,0.037709,-0.002519,0.005769,-0.031244,0.024121
-0.004159,0.032084,-0.024199,0.006315,0.007392,0.008030,0.008189,-0.027775,-0.024774,-0.057552,-0.017340,-0.035369,0.099801,0.075546,0.001019,0.000000,0.002056,-0.031424,0.000000,-0.007784,-0.062647,0.007132,-0.021209,-0.038229,0.037031,0.004289,0.008851,-0.031169,0.017235
-0.045533,0.012395,-0.015561,0.044644,0.005987,0.012938,0.005154,-0.004466,-0.021887,-0.021792,-0.013397,-0.044322,0.073801,0.066619,0.002299,0.000000,-0.051538,0.004215,0.000000,0.011766,-0.044071,0.004567,-0.040687,-0.067548,0.035674,0.017906,0.015013,-0.031019,0.003462
-0.003855,0.027933,-0.035208,0.045444,0.037107,0.002523,0.032409,0.004164,0.001818,-0.019673,0.008636,-0.023604,0.065985,0.050808,-0.011806,0.000000,-0.002577,-0.001665,0.000000,0.020146,-0.039201,0.020770,-0.018791,-0.035335,0.024309,0.011936,0.016874,-0.008545,0.017343
0.016984,0.035702,-0.045032,0.045844,0.052668,-0.002684,0.046037,0.008479,0.013670,-0.018613,0.019652,-0.013246,0.062077,0.042903,-0.018859,0.000000,0.021903,-0.004604,0.000000,0.024337,-0.036766,0.028871,-0.007843,-0.019229,0.018627,0.008951,0.017804,0.002692,0.024284
-0.000849,0.041594,-0.032612,0.026422,0.016322,-0.018691,-0.002485,0.007788,0.002464,-0.020397,-0.021918,-0.001709,0.039139,0.046952,-0.035066,0.000000,0.007659,-0.014431,0.000000,0.026411,-0.030482,0.019798,-0.008072,-0.015597,0.047657,-0.003759,-0.002671,0.017763,0.012864
-0.004632,0.016075,-0.027151,0.019190,0.005843,-0.018663,0.002473,0.017346,-0.009823,0.002534,-0.009918,-0.000395,0.027731,0.037838,0.005321,0.000000,0.007794,-0.004913,0.000000,0.022039,-0.029476,0.025092,-0.011624,-0.000246,0.045687,0.005123,0.001521,0.000325,0.011025
-0.012197,-0.034963,-0.016230,0.004728,-0.015115,-0.018607,0.012389,0.036462,-0.034397,0.048396,0.014082,0.002231,0.004915,0.019611,0.086096,0.000000,0.008065,0.014123,0.000000,0.013297,-0.027463,0.035681,-0.018729,0.030456,0.041747,0.022889,0.009905,-0.034552,0.007347
-0.001892,0.000009,-0.031809,0.019059,0.024850,-0.008155,0.022106,0.014269,-0.023038,-0.039188,-0.017857,0.001988,0.040062,0.062052,0.024110,0.000000,0.021241,-0.009107,0.000000,0.010085,-0.024165,0.033802,0.000962,0.000191,0.048086,0.012140,0.009633,-0.017971,0.012766
0.003260,0.017494,-0.039598,0.026225,0.044832,-0.002928,0.026964,0.003172,-0.017358,-0.082980,-0.033827,0.001866,0.057636,0.083272,-0.006883,0.000000,0.027829,-0.020721,0.000000,0.008479,-0.022516,0.032862,0.010808,-0.014941,0.051256,0.006766,0.009497,-0.009680,0.015475
0.017463,0.031802,-0.043963,0.041682,0.032065,-0.010177,0.025977,-0.003436,0.008590,-0.011122,-0.027477,0.028772,0.024471,0.033545,0.075166,0.000000,0.013618,-0.004868,0.000000,0.017477,-0.013737,0.019655,0.004832,0.015232,0.026163,0.013085,0.014002,-0.019760,-0.002016
0.025164,0.034280,-0.043724,0.035064,0.029413,-0.019799,0.011353,0.014885,0.005259,-0.014041,-0.031015,0.033158,0.016279,0.034541,0.054342,0.000000,0.026339,-0.010880,0.000000,0.020167,-0.013137,0.022984,-0.000134,0.010761,0.025079,0.006665,0.006596,-0.023950,-0.000744
0.040566,0.039236,-0.043245,0.021828,0.024108,-0.039044,-0.017894,0.051528,-0.001405,-0.019879,-0.038090,0.041929,-0.000106,0.036532,0.012693,0.000000,0.051781,-0.022905,0.000000,0.025545,-0.011937,0.029640,-0.010064,0.001818,0.022911,-0.006176,-0.008217,-0.032329,0.001798
0.024629,0.024642,-0.046163,0.048169,0.024935,-0.031230,-0.008717,0.030578,-0.002106,-0.000783,-0.017835,0.044542,0.008145,0.023813,0.015375,0.000000,0.027944,-0.006934,0.000000,0.014414,-0.020799,0.011466,0.012317,0.005426,0.015591,0.003270,0.009745,-0.014755,0.014786
0.016660,0.017345,-0.047622,0.061340,0.025349,-0.027323,-0.004128,0.020103,-0.002457,0.008765,-0.007708,0.045848,0.012270,0.017453,0.016715,0.000000,0.016025,0.001052,0.000000,0.008848,-0.025230,0.002378,0.023507,0.007230,0.011931,0.007992,0.018726,-0.005968,0.021280
0.004910,0.040688,-0.065978,0.032898,0.035959,-0.025018,0.005709,-0.046989,-0.008404,-0.053140,-0.025290,0.036517,0.019214,0.058002,0.039651,0.000000,0.021751,-0.029459,0.000000,0.015875,-0.046501,0.018060,0.017946,0.018046,0.047266,0.010386,0.013214,0.018006,0.011672
0.014105,0.034023,-0.064737,0.032177,0.028393,-0.030869,0.009669,-0.031528,0.001304,-0.037650,-0.018217,0.043280,0.016885,0.050035,0.022623,0.000000,0.028700,-0.021331,0.000000,0.016696,-0.039281,0.012275,0.006047,0.042676,0.045570,0.010208,0.003768,0.022909,0.001358
0.032496,0.020691,-0.062255,0.030735,0.013259,-0.042570,0.017589,-0.000606,0.020719,-0.006670,-0.004072,0.056806,0.012226,0.034102,-0.011435,0.000000,0.042597,-0.005076,0.000000,0.018339,-0.024839,0.000705,-0.017749,0.091936,0.042180,0.009854,-0.015124,0.032716,-0.019269
-0.009052,0.023833,-0.049958,0.018660,-0.001158,-0.053138,-0.027533,-0.002275,0.032674,0.022241,0.016783,0.060493,0.013371,0.002663,0.001062,0.000000,0.058969,-0.005074,0.000000,0.033514,-0.005718,-0.000411,0.004431,0.024565,0.046103,0.015116,0.004800,0.015465,-0.007314
-0.029826,0.025404,-0.043809,0.012622,-0.008367,-0.058421,-0.050093,-0.003109,0.038652,0.036696,0.027211,0.062337,0.013943,-0.013056,0.007311,0.000000,0.067155,-0.005073,0.000000,0.041102,0.003842,-0.000969,0.015521,-0.009120,0.048064,0.017746,0.014761,0.006839,-0.001337
-0.005504,0.025653,-0.046724,0.029284,0.030690,-0.059442,-0.035966,0.016552,0.005871,-0.040673,0.002145,0.050340,0.042656,0.076721,-0.007834,0.000000,0.079166,-0.034627,0.000000,0.032029,-0.017154,0.015063,0.048451,0.005813,0.044409,-0.000156,0.006671,0.020454,-0.013834
-0.002465,0.030787,-0.040924,0.028263,0.036729,-0.050071,-0.025079,0.009744,-0.004967,-0.049682,-0.018588,0.045428,0.053762,0.067272,0.008620,0.000000,0.074119,-0.032176,0.000000,0.026097,-0.015987,0.014004,0.044646,0.004586,0.037260,-0.001593,0.010019,0.008013,-0.006054
0.003612,0.041055,-0.029325,0.026219,0.048807,-0.031327,-0.003306,-0.003873,-0.026643,-0.067699,-0.060055,0.035604,0.075974,0.048374,0.041528,0.000000,0.064024,-0.027274,0.000000,0.014234,-0.013653,0.011884,0.037036,0.002132,0.022961,-0.004466,0.016717,-0.016869,0.009507
0.015165,0.036644,-0.035332,0.013028,0.017938,-0.056096,-0.012188,-0.009336,-0.024295,-0.079006,-0.056629,0.045676,0.061727,0.044143,0.024679,0.000000,0.080501,-0.031261,0.000000,0.027525,-0.014951,0.030352,0.035310,0.004911,0.044406,-0.014185,-0.000454,-0.000486,0.010953
0.020941,0.034439,-0.038336,0.006432,0.002503,-0.068480,-0.016629,-0.012067,-0.023122,-0.084659,-0.054916,0.050712,0.054604,0.042027,0.016254,0.000000,0.088740,-0.033254,0.000000,0.034171,-0.015600,0.039586,0.034447,0.006301,0.055129,-0.019044,-0.009040,0.007706,0.011676
0.004928,-0.010314,-0.042718,0.058116,-0.014223,-0.088590,0.049493,0.013568,0.001128,0.005220,0.012857,0.080011,0.021471,0.007284,0.007366,0.000000,0.114400,0.022948,0.000000,0.044085,-0.005103,0.064087,0.031196,0.027504,0.036341,0.007151,-0.005632,-0.030351,-0.026050
0.019911,-0.007148,-0.029591,0.046316,0.000876,-0.115586,0.025044,0.036645,0.015260,0.011165,0.010302,0.114708,-0.004925,0.005698,0.003382,0.000000,0.154272,0.009187,0.000000,0.039943,0.005612,0.069793,0.056224,0.071779,0.013945,0.010637,-0.000999,-0.022238,-0.021277
0.049877,-0.000816,-0.003336,0.022717,0.031074,-0.169578,-0.023854,0.082801,0.043525,0.023056,0.005191,0.184101,-0.057716,0.002526,-0.004587,0.000000,0.234017,-0.018335,0.000000,0.031661,0.027043,0.081207,0.106280,0.160327,-0.030847,0.017609,0.008269,-0.006010,-0.011731
0.014998,0.000077,-0.004968,0.013022,0.022560,-0.162739,-0.009576,0.048484,-0.013763,-0.044492,-0.025346,0.134913,-0.017102,0.031065,-0.003856,0.000000,0.201859,-0.016530,0.000000,0.056497,0.034657,0.088204,0.055459,0.049812,0.002941,0.018715,0.000853,0.000072,-0.020678
-0.002441,0.000524,-0.005785,0.008175,0.018303,-0.159319,-0.002437,0.031326,-0.042407,-0.078267,-0.040614,0.110319,0.003204,0.045335,-0.003490,0.000000,0.185781,-0.015627,0.000000,0.068915,0.038465,0.091703,0.030048,-0.005445,0.019836,0.019268,-0.002855,0.003114,-0.025152
0.047420,0.012560,-0.046320,0.009112,0.009409,-0.237663,0.017984,0.021463,0.051071,-0.036290,-0.031319,0.234651,-0.078841,0.002678,-0.037812,0.000000,0.263672,-0.028085,0.000000,0.095676,0.059491,0.130112,0.083925,0.064160,0.013241,0.020121,-0.008717,-0.013208,-0.009603
0.040455,0.007948,-0.024725,0.005012,0.020286,-0.237332,0.006347,0.037758,0.024771,-0.042225,-0.040940,0.226417,-0.058898,0.004930,-0.018724,0.000000,0.272278,-0.027720,0.000000,0.084736,0.052988,0.124924,0.091636,0.049902,0.001495,0.008159,-0.008802,-0.018046,-0.008983
0.026525,-0.001276,0.018465,-0.003190,0.042039,-0.236669,-0.016928,0.070349,-0.027830,-0.054095,-0.060182,0.209950,-0.019010,0.009434,0.019453,0.000000,0.289489,-0.026988,0.000000,0.062857,0.039982,0.114548,0.107059,0.021387,-0.021996,-0.015767,-0.008972,-0.027723,-0.007742
0.030473,0.006482,-0.005067,-0.016930,0.022509,-0.263901,-0.008375,0.049133,-0.015544,-0.069997,-0.054779,0.241876,-0.042802,0.018873,0.014440,0.000000,0.301720,-0.036494,0.000000,0.085635,0.035772,0.131378,0.110781,0.016169,0.000600,0.001280,-0.013145,-0.081329,-0.007650
0.032448,0.010361,-0.016833,-0.023800,0.012744,-0.277517,-0.004098,0.038525,-0.009401,-0.077949,-0.052077,0.257839,-0.054697,0.023592,0.011934,0.000000,0.307835,-0.041247,0.000000,0.097024,0.033666,0.139793,0.112642,0.013561,0.011898,0.009803,-0.015231,-0.108131,-0.007605
0.014983,-0.005360,-0.029572,0.009182,0.002545,-0.243851,-0.034601,0.000573,0.029013,0.018159,-0.022851,0.274028,-0.044504,-0.055144,0.040752,0.000000,0.240172,-0.005935,0.000000,0.099903,0.023378,0.161154,0.034336,0.039142,0.034787,0.055651,-0.014519,-0.112259,-0.026657
0.022526,-0.006567,-0.019965,0.015991,-0.001168,-0.262793,-0.010293,0.010873,0.027363,0.024733,-0.021075,0.286863,-0.053342,-0.042252,0.031183,0.000000,0.261835,-0.006392,0.000000,0.102801,0.018359,0.170031,0.041853,0.044644,0.022433,0.053598,-0.017499,-0.120755,-0.039936
0.037614,-0.008981,-0.000751,0.029608,-0.008594,-0.300677,0.038324,0.031472,0.024065,0.037882,-0.017522,0.312535,-0.071020,-0.016468,0.012045,0.000000,0.305160,-0.007305,0.000000,0.108597,0.008322,0.187783,0.056888,0.055646,-0.002275,0.049490,-0.023459,-0.137746,-0.066495
0.020985,-0.014388,-0.004439,-0.007259,-0.016966,-0.292706,0.003790,-0.011084,-0.006637,-0.013674,-0.028325,0.268766,-0.023642,0.015069,0.014530,0.000000,0.268632,-0.006876,0.000000,0.131328,-0.008589,0.231459,0.040957,0.054734,0.016255,0.070140,-0.006672,-0.082069,-0.030397
0.012671,-0.017091,-0.006283,-0.025692,-0.021152,-0.288721,-0.013477,-0.032362,-0.021988,-0.039452,-0.033727,0.246881,0.000046,0.030838,0.015772,0.000000,0.250368,-0.006661,0.000000,0.142694,-0.017045,0.253297,0.032991,0.054279,0.025519,0.080465,0.001722,-0.054231,-0.012348
0.026872,-0.020537,-0.002631,-0.019228,0.009205,-0.314316,-0.016656,0.000096,-0.007852,-0.040401,-0.028587,0.305292,-0.021687,-0.004613,0.028571,0.000000,0.301888,-0.033712,0.000000,0.124447,-0.058610,0.208822,0.091227,0.064327,0.044309,0.044737,-0.001962,-0.016918,0.013512
0.025218,-0.022091,0.008397,0.005419,0.006120,-0.316099,0.001608,0.004471,-0.013234,-0.024361,-0.029529,0.307377,-0.008169,-0.020194,0.032155,0.000000,0.304214,-0.023610,0.000000,0.121012,-0.061686,0.195990,0.084658,0.047850,0.020918,0.035493,-0.009950,-0.029829,-0.010076
0.021910,-0.025199,0.030451,0.054713,-0.000050,-0.319666,0.038136,0.013221,-0.023998,0.007719,-0.031414,0.311548,0.018868,-0.051356,0.039322,0.000000,0.308865,-0.003405,0.000000,0.114141,-0.067838,0.170324,0.071518,0.014894,-0.025865,0.017006,-0.025926,-0.055650,-0.057252
0.024779,-0.026787,0.046656,0.031195,-0.000776,-0.377420,0.036339,-0.004902,-0.007713,0.001078,-0.013943,0.363907,-0.016639,-0.022448,-0.034213,0.000000,0.370545,-0.026896,0.000000,0.150549,-0.039567,0.161698,0.082328,0.035873,-0.031930,0.054157,0.001955,-0.040588,-0.038781
0.026214,-0.027581,0.054758,0.019435,-0.001139,-0.406297,0.035440,-0.013963,0.000429,-0.002242,-0.005208,0.390086,-0.034392,-0.007994,-0.070981,0.000000,0.401385,-0.038641,0.000000,0.168754,-0.025432,0.157385,0.087733,0.046363,-0.034962,0.072733,0.015895,-0.033057,-0.029545
0.015246,-0.015479,0.079781,0.015357,0.007006,-0.378645,0.025799,-0.018478,-0.024616,-0.023155,-0.023341,0.372449,0.028833,0.004865,-0.022231,0.000000,0.381253,-0.038030,0.000000,0.161144,-0.050121,0.034819,0.056098,0.117615,-0.030133,0.128049,-0.004429,0.017826,-0.060847
0.020987,-0.011225,0.080837,0.003875,-0.003833,-0.401267,0.013406,-0.008064,-0.023174,-0.028846,-0.025533,0.387177,0.021222,0.014956,-0.027111,0.000000,0.406424,-0.037174,0.000000,0.180719,-0.044953,0.034504,0.073310,0.083384,-0.023402,0.135106,-0.013568,0.001955,-0.053477
0.032471,-0.002717,0.082948,-0.019088,-0.025510,-0.446510,-0.011380,0.012765,-0.020289,-0.040230,-0.029917,0.416635,0.005999,0.035138,-0.036871,0.000000,0.456766,-0.035461,0.000000,0.219870,-0.034617,0.033875,0.107735,0.014922,-0.009939,0.149221,-0.031845,-0.029787,-0.038735
0.043913,-0.010522,0.089149,0.016719,-0.020697,-0.458689,0.017980,-0.006864,-0.025867,-0.029573,-0.013482,0.456654,-0.000259,0.023223,-0.000826,0.000000,0.493329,-0.033896,0.000000,0.228708,-0.036830,0.031579,0.080036,0.059666,-0.030970,0.149295,-0.017362,-0.031134,-0.014261
0.049633,-0.014424,0.092250,0.034622,-0.018291,-0.464779,0.032659,-0.016679,-0.028656,-0.024245,-0.005265,0.476664,-0.003388,0.017266,0.017197,0.000000,0.511610,-0.033113,0.000000,0.233127,-0.037937,0.030431,0.066186,0.082038,-0.041486,0.149332,-0.010121,-0.031807,-0.002024
0.061653,0.016210,0.104010,0.007256,-0.010904,-0.497990,0.043573,-0.025946,0.003803,-0.034112,-0.001088,0.529511,0.014568,0.043772,-0.111125,0.000000,0.598583,-0.054799,0.000000,0.282544,-0.016835,0.035219,0.133556,0.121076,-0.038233,0.164513,-0.016202,0.014869,-0.017854
0.062345,0.014690,0.102710,0.020907,-0.004283,-0.482858,0.050590,-0.029837,-0.009601,-0.032942,-0.004316,0.539156,0.008495,0.028723,-0.070764,0.000000,0.565068,-0.047125,0.000000,0.286195,-0.026608,0.032451,0.139544,0.119531,-0.031905,0.158250,-0.001473,0.008542,-0.019601
0.063727,0.011651,0.100111,0.048208,0.008960,-0.452594,0.064624,-0.037619,-0.036409,-0.030602,-0.010772,0.558447,-0.003650,-0.001376,0.009959,0.000000,0.498038,-0.031775,0.000000,0.293498,-0.046153,0.026915,0.151520,0.116440,-0.019249,0.145724,0.027987,-0.004112,-0.023096
0.068894,0.032127,0.129793,0.014365,0.004644,-0.469491,0.045304,-0.027938,-0.025430,-0.056993,-0.027323,0.592643,-0.002435,0.012577,-0.048065,0.000000,0.519630,-0.035237,0.000000,0.342100,-0.008551,0.028551,0.134346,0.083041,-0.054402,0.159466,0.028217,-0.059743,-0.006324
0.071477,0.042365,0.144634,-0.002557,0.002486,-0.477940,0.035643,-0.023098,-0.019941,-0.070188,-0.035599,0.609741,-0.001827,0.019554,-0.077077,0.000000,0.530427,-0.036968,0.000000,0.366400,0.010249,0.029368,0.125760,0.066342,-0.071979,0.166337,0.028333,-0.087558,0.002062
-0.048040,-0.112421,0.166713,0.071311,-0.003489,-0.433334,-0.062100,0.086004,0.026532,0.090019,0.090454,0.856567,-0.093922,-0.018673,0.014175,0.000000,0.499109,-0.029364,0.000000,0.690147,-0.096832,0.013143,0.197371,0.061957,-0.005449,0.270882,0.018849,0.134638,0.004720
0.013171,-0.029500,0.159674,0.052242,0.005994,-0.460601,-0.012702,0.035424,-0.016429,0.049981,0.019080,0.811232,-0.047304,-0.034665,0.011953,0.000000,0.531039,-0.028440,0.000000,0.591077,-0.072770,0.008762,0.179229,0.053338,-0.014895,0.229485,0.014553,0.081232,0.003978
0.135593,0.136342,0.145595,0.014105,0.024961,-0.515134,0.086096,-0.065737,-0.102353,-0.030094,-0.123669,0.720561,0.045934,-0.066648,0.007511,0.000000,0.594900,-0.026591,0.000000,0.392936,-0.024647,0.000000,0.142944,0.036101,-0.033785,0.146691,0.005961,-0.025581,0.002493
0.046352,-0.009870,0.163618,0.042471,-0.012569,-0.436959,0.043314,-0.012400,-0.021499,0.010799,0.009673,0.899957,-0.011443,0.001091,-0.037467,0.000000,0.519737,-0.046516,0.000000,0.643831,-0.069304,0.000000,0.143383,-0.004380,-0.012891,0.188096,-0.018154,-0.021791,-0.051480
0.001731,-0.082976,0.172629,0.056654,-0.031334,-0.397871,0.021923,0.014268,0.018928,0.031246,0.076343,0.989655,-0.040132,0.034961,-0.059956,0.000000,0.482156,-0.056478,0.000000,0.769279,-0.091633,0.000000,0.143602,-0.024620,-0.002444,0.208799,-0.030212,-0.019896,-0.078466
0.038061,0.022536,0.187413,0.017520,0.011966,-0.418608,0.025609,-0.041325,-0.026917,-0.043523,-0.003806,1.033435,0.016844,-0.011866,-0.038213,-0.012767,0.494004,-0.019882,0.000000,0.811518,-0.089036,0.000000,0.155536,0.085807,-0.032101,0.204000,0.031850,0.043320,0.023699
0.053433,0.019011,0.181267,0.019494,0.008733,-0.402106,0.029401,-0.027201,-0.033995,-0.041069,-0.002552,1.051890,0.026723,-0.021116,-0.027978,-0.036547,0.478784,-0.019722,0.000000,0.813718,-0.091925,0.000000,0.155278,0.102382,-0.031930,0.197510,0.022752,-0.000576,0.006532
0.084178,0.011961,0.168977,0.023441,0.002267,-0.369101,0.036985,0.001048,-0.048150,-0.036162,-0.000045,1.088800,0.046483,-0.039617,-0.007508,-0.084107,0.448346,-0.019402,0.000000,0.818117,-0.097704,0.000000,0.154763,0.135530,-0.031587,0.184529,0.004557,-0.088368,-0.027801
0.131696,0.084117,0.083933,0.012427,0.029848,-0.359574,0.081904,-0.062256,-0.052882,-0.099105,-0.064739,0.933462,0.064713,0.002385,-0.080348,-0.152552,0.443836,-0.047321,0.000000,0.626249,-0.020714,0.000000,0.075928,0.083151,-0.030119,0.134212,-0.022219,-0.106147,-0.020736
0.155455,0.120195,0.041411,0.006920,0.043638,-0.354811,0.104363,-0.093909,-0.055248,-0.130577,-0.097086,0.855793,0.073828,0.023386,-0.116768,-0.186775,0.441581,-0.061281,0.000000,0.530316,0.017780,0.000000,0.036510,0.056961,-0.029385,0.109053,-0.035607,-0.115036,-0.017203
0.013729,-0.086964,0.026943,0.016320,-0.049440,-0.238480,-0.034915,0.043555,0.032607,-0.047227,0.079731,1.161270,-0.078603,0.054259,-0.033862,-0.269809,0.260891,-0.046947,0.000000,0.960131,-0.007381,0.000000,0.081142,-0.007166,-0.008404,0.119624,-0.019041,0.012579,-0.030756
0.048371,-0.035996,0.016952,0.034618,-0.034595,-0.252719,0.029381,0.000172,0.014335,-0.028046,0.038101,1.073940,-0.054315,0.013494,-0.035719,-0.258672,0.274779,-0.022442,0.000000,0.832922,0.007039,0.000000,0.068332,0.010852,-0.014599,0.135984,-0.018311,0.003231,-0.041855
0.117654,0.065941,-0.003029,0.071213,-0.004903,-0.281197,0.157972,-0.086594,-0.022210,0.010314,-0.045159,0.899280,-0.005739,-0.068037,-0.039435,-0.236399,0.302553,0.026569,0.000000,0.578506,0.035877,0.000000,0.042711,0.046889,-0.026988,0.168704,-0.016853,-0.015463,-0.064055
0.051262,-0.036794,-0.004380,0.055053,-0.019240,-0.194289,0.060629,0.003082,0.027454,0.016915,0.051381,1.098049,-0.085141,-0.025178,-0.006818,-0.267947,0.219301,0.000405,0.000000,0.854716,0.010884,0.000000,0.106448,0.063042,-0.036294,0.131767,-0.013464,0.035881,-0.078006
0.018066,-0.088162,-0.005056,0.046973,-0.026409,-0.150834,0.011958,0.047920,0.052287,0.020215,0.099651,1.197433,-0.124842,-0.003748,0.009491,-0.283720,0.177675,-0.012677,0.000000,0.992821,-0.001612,0.000000,0.138316,0.071119,-0.040947,0.113299,-0.011770,0.061553,-0.084982
0.125917,0.085913,0.004357,0.036947,0.038638,-0.210323,0.149204,-0.063855,-0.087197,-0.044875,-0.123237,0.885211,0.043961,-0.055130,0.026374,-0.247107,0.276030,-0.026763,0.000000,0.585122,-0.005158,0.000000,0.093867,0.024249,0.000882,0.035335,-0.015757,0.006074,-0.052143
0.084673,0.026279,0.018622,0.044683,0.033663,-0.186760,0.100712,-0.006093,-0.057295,-0.036747,-0.066043,0.998482,-0.000757,-0.021681,-0.001729,-0.258288,0.254787,-0.040808,0.000000,0.729924,0.006561,0.000000,0.121053,0.023171,-0.059210,0.047301,-0.003523,-0.039192,-0.019748
0.002185,-0.092989,0.047154,0.060157,0.023713,-0.139636,0.003727,0.109431,0.002511,-0.020490,0.048344,1.225024,-0.090195,0.045216,-0.057936,-0.280652,0.212300,-0.068899,0.000000,1.019529,0.030000,0.000000,0.175427,0.021014,-0.179394,0.071235,0.020945,-0.129725,0.045044
0.072820,0.024774,0.026459,0.057884,-0.006581,-0.154787,0.078337,-0.011306,-0.038642,0.018855,-0.010305,0.978264,0.015594,-0.043822,-0.020268,-0.183091,0.175022,-0.001514,0.000000,0.733646,0.019096,0.000000,0.089575,0.016583,-0.105903,0.063308,-0.000225,-0.031080,-0.023768
0.108138,0.083656,0.016111,0.056748,-0.021728,-0.162362,0.115642,-0.071674,-0.059218,0.038527,-0.039630,0.854884,0.068488,-0.088341,-0.001434,-0.134311,0.156384,0.032179,0.000000,0.590705,0.013645,0.000000,0.046649,0.014367,-0.069157,0.059345,-0.010810,0.018243,-0.058174
-0.043307,-0.109049,0.055232,0.053961,-0.003989,-0.041640,-0.024974,0.059036,0.047869,0.052264,0.123855,1.120078,-0.028546,0.030049,-0.066218,-0.139840,0.042349,-0.001076,0.000000,1.003228,-0.025092,0.000000,0.089840,0.019442,-0.080586,0.127200,0.020033,0.060670,-0.033237
0.002818,-0.027831,0.053153,0.031178,0.014194,-0.056275,0.003297,0.006390,0.001000,0.005608,0.038704,0.994592,0.040521,0.025150,-0.070558,-0.128970,0.067188,-0.008487,0.000000,0.868148,-0.026420,0.000000,0.088224,0.038897,-0.089506,0.106594,0.020820,0.010983,0.001681
0.095068,0.134605,0.048995,-0.014387,0.050561,-0.085544,0.059838,-0.098904,-0.092738,-0.087703,-0.131597,0.743619,0.178655,0.015353,-0.079236,-0.107231,0.116866,-0.023309,0.000000,0.597986,-0.029075,0.000000,0.084994,0.077806,-0.107346,0.065382,0.022393,-0.088389,0.071516
-0.011107,-0.011990,0.071200,0.023079,0.008008,0.014787,-0.021939,0.003368,-0.009546,-0.018013,0.020256,0.889927,0.116564,0.013739,-0.026240,-0.053563,-0.013503,-0.006640,0.000000,0.815278,-0.087543,0.000000,0.055704,0.050924,-0.067393,0.057256,0.024668,0.028857,0.062578
-0.064194,-0.085287,0.082302,0.041812,-0.013268,0.064953,-0.062828,0.054504,0.032051,0.016832,0.096183,0.963081,0.085519,0.012932,0.000258,-0.026729,-0.078687,0.001694,0.000000,0.923924,-0.116777,0.000000,0.041059,0.037483,-0.047416,0.053193,0.025806,0.087480,0.058109
0.034200,0.030423,0.096633,0.016952,0.033245,0.049675,-0.017437,0.001940,-0.008751,-0.059974,0.005153,0.934618,0.134856,0.025218,-0.061168,-0.031214,0.009019,-0.037141,0.000000,0.904341,-0.074745,0.000000,0.064588,-0.005236,-0.105515,0.025737,0.014336,-0.025017,0.048461
0.022658,0.019970,0.097388,0.015570,0.028731,0.057061,-0.010110,0.009815,-0.026237,-0.043979,0.000374,0.906122,0.138722,0.027724,-0.039664,-0.017810,-0.016521,-0.021582,0.000000,0.877376,-0.088483,0.000000,0.056474,0.010415,-0.091706,0.025436,0.011825,0.009645,0.033368
-0.000426,-0.000934,0.098897,0.012807,0.019704,0.071831,0.004544,0.025566,-0.061209,-0.011988,-0.009183,0.849130,0.146454,0.032735,0.003345,0.008998,-0.067601,0.009535,0.000000,0.823445,-0.115959,0.000000,0.040247,0.041717,-0.064089,0.024832,0.006803,0.078970,0.003182
0.046904,0.047548,0.069324,0.024444,0.009970,0.024241,0.094945,-0.041603,-0.091598,-0.016642,-0.075341,0.672297,0.170078,-0.015318,0.040664,0.011177,0.001866,0.021685,0.000000,0.580037,-0.070285,0.000000,0.018709,0.012610,-0.020813,0.007378,-0.017116,0.060760,-0.020434
0.070569,0.071789,0.054537,0.030262,0.005103,0.000447,0.140145,-0.075187,-0.106792,-0.018969,-0.108420,0.583881,0.181890,-0.039345,0.059323,0.012267,0.036600,0.027760,0.000000,0.458332,-0.047448,0.000000,0.007939,-0.001943,0.000824,-0.001349,-0.029075,0.051655,-0.032241
0.036666,0.031582,0.076513,-0.010972,-0.002087,-0.022459,0.021076,-0.044751,0.050573,-0.044278,-0.038264,0.071747,0.055156,0.015749,0.031569,0.038624,0.061145,-0.008496,0.000000,0.147096,-0.095654,0.000000,0.040866,0.038165,-0.008402,-0.000622,-0.003778,0.027782,-0.054668
0.029807,0.037518,0.072078,-0.016792,0.004571,-0.026194,0.006619,-0.041366,0.053425,-0.054929,-0.035387,0.047835,0.051293,0.025136,0.016152,0.034614,0.070645,-0.014546,0.000000,0.121708,-0.081701,0.000000,0.036572,0.036701,-0.028645,-0.004227,-0.001863,0.015686,-0.026140
0.016090,0.049390,0.063209,-0.028431,0.017887,-0.033665,-0.022295,-0.034595,0.059130,-0.076232,-0.029631,0.000011,0.043566,0.043910,-0.014683,0.026593,0.089645,-0.026646,0.000000,0.070932,-0.053796,0.000000,0.027984,0.033772,-0.069131,-0.011438,0.001967,-0.008505,0.030916
0.020454,0.039321,0.064026,-0.016913,-0.008261,-0.038298,0.011333,-0.044103,0.048161,-0.056330,-0.023460,0.000004,0.015569,0.023459,-0.015715,0.041652,0.064163,0.010007,0.000000,0.045991,-0.022572,0.000000,0.039152,0.026291,-0.060462,-0.004155,0.000940,-0.023343,-0.008448
0.022636,0.034287,0.064435,-0.011154,-0.021334,-0.040615,0.028147,-0.048857,0.042676,-0.046379,-0.020375,0.000000,0.001571,0.013234,-0.016231,0.049181,0.051422,0.028333,0.000000,0.033520,-0.006960,0.000000,0.044736,0.022551,-0.056128,-0.000513,0.000427,-0.030762,-0.028130
0.021603,0.027529,0.041688,-0.017286,0.005397,-0.005827,-0.010301,0.007214,0.027106,-0.065673,-0.006026,0.000000,0.016542,0.034449,-0.011763,0.063643,0.041567,-0.006312,0.000000,0.033660,0.018529,0.000000,0.051681,-0.004758,-0.036356,-0.005862,0.010934,-0.029390,-0.008173
0.009631,0.031590,0.041226,-0.025311,-0.001341,-0.005756,-0.013882,-0.021197,0.027487,-0.051467,-0.007499,0.000000,0.021483,0.021286,-0.005454,0.061924,0.037698,0.000498,0.000000,0.032212,0.018387,0.000000,0.038466,-0.011483,-0.029595,-0.005948,0.012828,-0.015888,-0.008442
-0.014312,0.039711,0.040303,-0.041360,-0.014817,-0.005614,-0.021043,-0.078021,0.028248,-0.023056,-0.010447,0.000000,0.031365,-0.005039,0.007163,0.058486,0.029960,0.014116,0.000000,0.029315,0.018103,0.000000,0.012038,-0.024934,-0.016072,-0.006118,0.016618,0.011116,-0.008981
-0.003916,0.009201,0.041947,-0.032060,0.005250,-0.017803,-0.006475,-0.038318,0.026775,-0.042627,-0.009070,0.000000,0.002884,0.005299,0.026337,0.052326,0.033087,0.014710,0.000000,0.015384,0.020203,0.000000,-0.000470,0.014794,-0.016354,-0.000850,0.005729,0.031431,-0.026254
0.001282,-0.006054,0.042769,-0.027410,0.015283,-0.023897,0.000808,-0.018467,0.026038,-0.052412,-0.008382,0.000000,-0.011357,0.010468,0.035923,0.049245,0.034651,0.015007,0.000000,0.008419,0.021253,0.000000,-0.006723,0.034658,-0.016495,0.001784,0.000284,0.041588,-0.034890
0.004313,0.002713,0.048259,-0.074392,0.013327,-0.010840,-0.011402,-0.026604,-0.004350,-0.121992,-0.032216,0.000000,-0.019902,0.049103,0.025946,0.048108,0.011480,-0.007403,0.000000,0.009674,0.030986,0.000000,0.067874,-0.001712,-0.053588,-0.011961,0.027039,-0.025465,-0.000067
0.010055,-0.007909,0.041623,-0.050567,0.015937,-0.006171,0.006543,-0.017315,0.003144,-0.108212,-0.021228,0.000000,-0.018913,0.043036,0.045053,0.038130,0.014336,-0.003816,0.000000,0.000125,0.023584,0.000000,0.054723,0.003647,-0.042197,-0.018143,0.016239,-0.010454,-0.005720
0.021538,-0.029154,0.028352,-0.002916,0.021157,0.003169,0.042432,0.001262,0.018134,-0.080652,0.000746,0.000000,-0.016935,0.030902,0.083267,0.018175,0.020047,0.003356,0.000000,-0.018972,0.008782,0.000000,0.028421,0.014364,-0.019414,-0.030506,-0.005363,0.019570,-0.017027
-0.007133,-0.026464,0.030152,-0.018757,-0.006297,0.001907,0.022076,-0.007020,0.038139,-0.047715,0.005540,0.000000,-0.010431,0.030645,0.060587,0.008276,0.008655,-0.002580,0.000000,-0.019766,0.017479,0.000000,0.019814,0.011486,-0.024418,-0.012909,-0.008096,-0.004354,-0.017851
-0.021468,-0.025118,0.031051,-0.026677,-0.020024,0.001276,0.011899,-0.011161,0.048142,-0.031246,0.007937,0.000000,-0.007179,0.030516,0.049247,0.003326,0.002959,-0.005549,0.000000,-0.020163,0.021828,0.000000,0.015510,0.010047,-0.026920,-0.004111,-0.009463,-0.016316,-0.018264
-0.036945,-0.043308,0.033557,-0.110961,0.012145,0.050709,-0.065352,0.018201,-0.073406,-0.063091,-0.058875,0.000000,0.025337,0.064920,0.068371,0.004241,-0.064425,0.008354,0.000000,0.019469,-0.020025,0.000000,0.004288,-0.017874,-0.024101,-0.027150,0.007587,0.019021,-0.003693
-0.034689,-0.034567,0.027969,-0.077963,0.016165,0.045083,-0.041790,0.005661,-0.050329,-0.065368,-0.044138,0.000000,0.034008,0.059321,0.069143,-0.001299,-0.054032,0.001985,0.000000,0.016462,-0.017434,0.000000,0.005581,-0.027389,-0.034445,-0.006004,0.013433,-0.016841,0.000106
-0.030178,-0.017085,0.016795,-0.011966,0.024206,0.033831,0.005333,-0.019421,-0.004174,-0.069923,-0.014664,0.000000,0.051349,0.048123,0.070687,-0.012381,-0.033245,-0.010755,0.000000,0.010446,-0.012251,0.000000,0.008168,-0.046418,-0.055132,0.036289,0.025127,-0.088566,0.007702
-0.011169,-0.011260,0.020249,-0.020897,0.055552,0.061353,-0.009078,0.011243,-0.018489,-0.084810,-0.024661,0.000000,0.058992,0.082486,0.046976,0.004542,-0.055871,-0.012353,0.000000,0.003988,-0.026988,0.000000,0.009685,0.010354,-0.055242,0.023388,0.025164,-0.079974,0.024541
-0.001665,-0.008348,0.021975,-0.025363,0.071225,0.075114,-0.016283,0.026575,-0.025646,-0.092254,-0.029659,0.000000,0.062814,0.099667,0.035120,0.013003,-0.067184,-0.013152,0.000000,0.000758,-0.034357,0.000000,0.010443,0.038740,-0.055296,0.016938,0.025182,-0.075678,0.032960
-0.033170,-0.046609,0.004102,0.043384,0.010999,0.076771,0.071835,-0.011420,0.004531,0.031049,0.031563,0.000000,0.057961,0.027013,0.019177,0.012231,-0.089723,0.028621,0.000000,-0.000376,-0.035440,0.000000,-0.078721,0.000603,-0.020704,0.015122,-0.024685,-0.025392,-0.052993
-0.037769,-0.074485,0.003758,0.038675,0.008008,0.101092,0.037970,0.016535,0.032552,-0.000771,0.051803,0.000000,0.034573,0.070852,0.029701,-0.016382,-0.107520,0.009306,0.000000,0.036104,-0.061897,0.000000,-0.046618,-0.003460,-0.023100,-0.002819,-0.009394,-0.013936,-0.035758
-0.046967,-0.130236,0.003070,0.029258,0.002028,0.149734,-0.029760,0.072446,0.088595,-0.064412,0.092283,0.000000,-0.012201,0.158529,0.050749,-0.073607,-0.143112,-0.029325,0.000000,0.109062,-0.114810,0.000000,0.017588,-0.011585,-0.027893,-0.038701,0.021189,0.008976,-0.001286
0.019981,0.034616,-0.007319,-0.023401,0.024948,0.115560,0.035457,-0.049995,-0.031265,-0.098718,-0.038838,0.000000,0.114878,0.056931,0.006496,-0.002701,-0.123811,0.004566,0.000000,0.042896,-0.057937,0.000000,-0.013096,-0.038737,0.009366,-0.025641,0.002761,0.015297,-0.038927
0.053455,0.117042,-0.012514,-0.049730,0.036408,0.098472,0.068066,-0.111215,-0.091194,-0.115871,-0.104399,0.000000,0.178417,0.006132,-0.015630,0.032752,-0.114160,0.021512,0.000000,0.009813,-0.029501,0.000000,-0.028439,-0.052313,0.027995,-0.019111,-0.006453,0.018458,-0.057747
-0.003530,-0.011006,0.005879,0.023940,0.036367,0.105960,0.094218,-0.030490,-0.054582,-0.052410,-0.031828,0.000000,0.127675,0.035721,0.025100,0.028875,-0.088881,0.041536,0.000000,0.008519,-0.034660,0.000000,-0.040151,-0.031040,-0.005566,0.000186,0.015405,0.040622,-0.027310
-0.001264,-0.013292,0.003887,0.028602,0.034122,0.097277,0.078689,-0.018229,-0.042623,-0.032644,-0.015851,0.000000,0.118633,0.025709,0.036879,0.027299,-0.078405,0.027064,0.000000,0.007714,-0.032143,0.000000,-0.032945,-0.037447,-0.019204,-0.000877,0.014802,0.003678,-0.024426
0.003269,-0.017864,-0.000095,0.037926,0.029633,0.079910,0.047632,0.006293,-0.018704,0.006890,0.016102,0.000000,0.100548,0.005685,0.060439,0.024147,-0.057453,-0.001881,0.000000,0.006105,-0.027107,0.000000,-0.018532,-0.050262,-0.046481,-0.003002,0.013596,-0.070210,-0.018657
0.000640,-0.014279,-0.003290,0.035636,0.008026,0.086589,0.059269,-0.001882,-0.009873,0.036671,0.022712,0.000000,0.081780,0.006496,0.031227,0.047975,-0.073428,0.021813,0.000000,0.002991,-0.029897,0.000000,-0.027466,-0.006975,-0.013524,-0.005461,0.000677,0.001780,-0.026254
-0.000674,-0.012486,-0.004887,0.034491,-0.002777,0.089928,0.065088,-0.005970,-0.005457,0.051561,0.026017,0.000000,0.072396,0.006901,0.016622,0.059888,-0.081416,0.033660,0.000000,0.001434,-0.031292,0.000000,-0.031933,0.014669,0.002954,-0.006691,-0.005783,0.037775,-0.030052
-0.003499,0.022204,-0.020252,-0.050839,0.015126,0.096647,-0.029093,0.002963,-0.061745,-0.060319,-0.023395,0.000000,0.102029,0.041705,-0.002141,0.049789,-0.090875,-0.025852,0.000000,0.043094,-0.045589,0.000000,0.000190,-0.015065,0.008570,-0.045873,0.004620,0.039261,-0.032822
-0.036981,-0.018210,-0.012102,-0.023625,0.012750,0.115779,-0.046187,0.039800,-0.011757,-0.011284,0.027751,0.000000,0.060648,0.038000,-0.001339,0.037196,-0.104712,-0.016603,0.000000,0.072504,-0.056076,0.000000,-0.001279,-0.011469,0.000917,-0.028632,0.008071,0.033691,-0.025291
-0.103943,-0.099039,0.004198,0.030802,0.007998,0.154043,-0.080375,0.113474,0.088219,0.086786,0.130043,0.000000,-0.022113,0.030589,0.000266,0.012009,-0.132385,0.001893,0.000000,0.131325,-0.077050,0.000000,-0.004216,-0.004277,-0.014388,0.005851,0.014973,0.022552,-0.010229
0.009492,0.019492,-0.021591,-0.014631,0.004430,0.111023,0.010266,-0.006781,-0.043812,-0.006989,0.003380,0.000000,0.090861,-0.000032,0.005261,0.043175,-0.104716,0.010986,0.000000,0.047001,-0.059516,0.000000,-0.036229,-0.017430,0.034017,-0.041441,-0.009448,0.044649,-0.034156
0.066209,0.078757,-0.034485,-0.037347,0.002646,0.089513,0.055586,-0.066908,-0.109828,-0.053877,-0.059951,0.000000,0.147348,-0.015342,0.007758,0.058758,-0.090882,0.015533,0.000000,0.004839,-0.050749,0.000000,-0.052235,-0.024007,0.058220,-0.065087,-0.021659,0.055697,-0.046120
-0.015417,0.024039,-0.003364,0.000041,-0.001697,0.047140,-0.021263,-0.008168,-0.014820,0.040630,-0.021816,0.000000,0.077719,-0.023003,0.001262,0.096102,-0.013740,-0.015579,0.000000,0.018697,0.030414,0.000000,-0.048037,-0.025041,-0.026031,-0.016222,-0.002136,-0.020364,0.006617
-0.036437,-0.016762,-0.006670,0.010398,-0.004860,0.071146,-0.036039,0.016789,0.013586,0.045390,0.029667,0.000000,0.035199,-0.008101,0.004821,0.089045,-0.052622,-0.012348,0.000000,0.050799,0.000749,0.000000,-0.022842,0.001088,-0.008706,-0.008979,0.008328,0.021989,-0.005051
-0.078476,-0.098363,-0.013284,0.031112,-0.011185,0.119157,-0.065591,0.066702,0.070396,0.054910,0.132632,0.000000,-0.049842,0.021701,0.011940,0.074930,-0.130386,-0.005885,0.000000,0.115002,-0.058583,0.000000,0.027548,0.053345,0.025944,0.005508,0.029258,0.106695,-0.028387
0.017329,0.041654,-0.018844,-0.004990,-0.003199,0.058782,-0.003961,-0.019273,-0.005897,0.018414,0.001057,0.000000,0.056573,-0.023213,-0.024959,0.089250,-0.036009,0.008831,0.000000,0.030776,-0.002082,0.000000,-0.014020,0.026442,-0.016261,-0.022864,-0.003472,0.053764,-0.021824
0.065231,0.111662,-0.021624,-0.023040,0.000794,0.028594,0.026854,-0.062260,-0.044044,0.000166,-0.064730,0.000000,0.109781,-0.045670,-0.043409,0.096409,0.011179,0.016189,0.000000,-0.011337,0.026169,0.000000,-0.034804,0.012991,-0.037363,-0.037050,-0.019837,0.027298,-0.018542
-0.083631,-0.083764,0.013731,0.044766,-0.018876,0.116009,-0.048337,0.059960,0.044710,0.072287,0.086849,-0.000125,-0.007731,0.004555,0.057721,0.070159,-0.086471,-0.001903,0.000000,0.107281,-0.030658,0.000000,-0.017517,-0.057501,-0.006568,-0.017207,0.027590,-0.005191,-0.012027
-0.033167,-0.029937,0.012568,0.044553,-0.001057,0.074766,0.013879,0.033500,0.011343,0.064399,0.031816,-0.000042,0.014833,-0.012307,0.025993,0.080113,-0.044033,0.014437,0.000000,0.053698,-0.005154,0.000000,-0.008503,-0.034042,-0.029403,-0.022653,0.016163,-0.009929,-0.027032
0.067762,0.077716,0.010243,0.044126,0.034579,-0.007719,0.138310,-0.019418,-0.055391,0.048621,-0.078251,0.000125,0.059961,-0.046032,-0.037462,0.100021,0.040843,0.047117,0.000000,-0.053469,0.045854,0.000000,0.009524,0.012876,-0.075073,-0.033546,-0.006690,-0.019404,-0.057042
0.027040,0.045146,0.005842,0.007910,0.014248,0.007662,0.046391,-0.004955,-0.046412,0.007125,-0.041443,-0.001818,0.074432,-0.008695,-0.005345,0.092177,0.034412,0.014315,0.000000,-0.028471,0.049735,0.000000,0.015188,0.037222,-0.050861,-0.028482,0.003063,0.011151,-0.005619
0.006679,0.028860,0.003642,-0.010198,0.004082,0.015353,0.000432,0.002277,-0.041923,-0.013624,-0.023039,-0.002789,0.081668,0.009973,0.010714,0.088255,0.031196,-0.002087,0.000000,-0.015972,0.051675,0.000000,0.018021,0.049395,-0.038755,-0.025950,0.007940,0.026428,0.020092
-0.000654,0.030695,0.006584,-0.043010,-0.012567,0.045958,-0.037160,-0.026772,-0.065613,-0.026405,-0.043983,-0.004098,0.103949,-0.015087,0.032575,0.072169,-0.011097,-0.005146,0.000000,-0.006076,0.012161,0.000000,0.026851,0.009623,0.000259,-0.036776,0.016441,0.046912,0.035008
0.005568,0.029790,0.006389,-0.025548,0.002435,0.044523,-0.021326,-0.008982,-0.066072,-0.035418,-0.038432,-0.003469,0.104221,-0.005022,0.028164,0.064862,-0.010257,-0.008579,0.000000,-0.005555,0.010390,0.000000,0.021139,0.007828,-0.018224,-0.045634,0.013641,0.018143,0.043473
0.018012,0.027980,0.005998,0.009375,0.032439,0.041652,0.010341,0.026599,-0.066991,-0.053442,-0.027330,-0.002210,0.104764,0.015108,0.019341,0.050247,-0.008576,-0.015445,0.000000,-0.004513,0.006849,0.000000,0.009717,0.004237,-0.055192,-0.063349,0.008042,-0.039394,0.060402
0.022835,0.029394,-0.000088,-0.003873,0.014022,0.042621,0.011304,0.007938,-0.060896,-0.062026,-0.042360,-0.003359,0.108710,0.037674,0.022733,0.053408,-0.023990,-0.014462,0.000000,0.015683,0.015107,0.000000,0.001818,-0.030300,-0.056992,-0.047382,0.007533,-0.038456,0.065263
0.025247,0.030101,-0.003131,-0.010496,0.004814,0.043106,0.011785,-0.001392,-0.057849,-0.066319,-0.049876,-0.003934,0.110683,0.048957,0.024429,0.054989,-0.031697,-0.013971,0.000000,0.025781,0.019236,0.000000,-0.002131,-0.047569,-0.057893,-0.039398,0.007279,-0.037988,0.067694
0.015328,0.014480,0.004116,0.003948,0.034382,0.060991,-0.033007,0.013818,-0.061405,-0.032088,-0.035112,-0.003097,0.123520,0.030275,-0.019818,0.037365,-0.046940,-0.029716,0.000000,0.015593,-0.006619,0.000000,-0.032276,-0.009416,-0.040416,-0.018711,0.017672,-0.009100,0.070259
0.007993,0.021875,0.002872,-0.007613,0.028757,0.070464,-0.029590,-0.006617,-0.067180,-0.059021,-0.044576,-0.003898,0.133221,0.040799,-0.019248,0.040286,-0.058332,-0.031776,0.000000,0.021098,-0.010063,0.000000,-0.038463,-0.005819,-0.036908,-0.032528,0.016299,-0.004517,0.071328
-0.006677,0.036666,0.000386,-0.030735,0.017508,0.089410,-0.022756,-0.047486,-0.078730,-0.112887,-0.063504,-0.005500,0.152623,0.061848,-0.018107,0.046127,-0.081115,-0.035896,0.000000,0.032108,-0.016951,0.000000,-0.050837,0.001375,-0.029892,-0.060162,0.013553,0.004648,0.073465
0.003115,0.002332,0.011202,0.029310,0.015584,0.072079,0.025773,0.009722,-0.065361,0.003371,-0.029505,-0.004222,0.113545,0.009661,0.016393,0.032947,-0.083697,0.012650,0.000000,0.005572,-0.040714,0.000000,-0.086564,0.005341,-0.034720,-0.049945,-0.010242,0.011050,0.042706
0.008011,-0.014835,0.016610,0.059332,0.014622,0.063413,0.050038,0.038326,-0.058677,0.061499,-0.012505,-0.003583,0.094006,-0.016432,0.033643,0.026357,-0.084988,0.036923,0.000000,-0.007696,-0.052595,0.000000,-0.104427,0.007325,-0.037134,-0.044837,-0.022140,0.014251,0.027326
-0.014883,-0.018278,-0.001150,0.020805,0.014275,0.062102,0.017022,0.013132,-0.036650,0.011834,-0.065394,-0.003251,0.105151,0.009081,0.090032,0.032237,-0.056772,0.022425,0.000000,0.013043,-0.032111,0.000000,-0.025252,0.017541,-0.017423,-0.006784,0.003967,0.035411,0.042825
-0.002930,-0.010920,0.001117,0.025102,0.013207,0.072213,0.018119,0.010928,-0.050659,0.004032,-0.055161,-0.003629,0.108865,0.008263,0.074756,0.025685,-0.068538,0.011544,0.000000,0.011967,-0.038936,0.000000,-0.034091,0.014557,-0.016420,-0.018315,-0.003510,0.005795,0.028127
0.020977,0.003796,0.005651,0.033696,0.011070,0.092437,0.020313,0.006520,-0.078676,-0.011571,-0.034694,-0.004385,0.116293,0.006628,0.044203,0.012581,-0.092070,-0.010218,0.000000,0.009817,-0.052586,0.000000,-0.051770,0.008588,-0.014416,-0.041378,-0.018465,-0.053435,-0.001271
-0.023696,-0.020463,0.019954,0.027785,0.001581,0.080134,0.014366,0.019422,-0.068007,0.013223,-0.022298,-0.014038,0.099184,-0.004118,0.040870,0.006835,-0.094019,0.007952,0.000000,0.001763,-0.046193,0.000000,-0.050766,-0.006614,-0.049731,-0.023054,0.002655,-0.044468,0.028899
-0.046032,-0.032592,0.027105,0.024830,-0.003163,0.073983,0.011392,0.025873,-0.062672,0.025620,-0.016100,-0.018865,0.090629,-0.009491,0.039203,0.003963,-0.094993,0.017036,0.000000,-0.002264,-0.042997,0.000000,-0.050265,-0.014215,-0.067388,-0.013893,0.013215,-0.039984,0.043984
0.013036,0.008768,0.005831,0.020435,-0.003846,0.090108,0.047577,-0.007591,-0.043266,-0.028369,-0.027598,-0.068336,0.108450,-0.000331,0.001279,0.032129,-0.117629,0.011415,0.000000,-0.010325,-0.039155,0.000000,-0.045040,-0.072890,-0.010146,-0.055689,-0.006540,-0.007215,-0.013608
0.021246,0.004249,0.011857,0.010820,-0.000260,0.078390,0.037632,0.004872,-0.040595,-0.039510,-0.021103,-0.060239,0.094949,0.013115,0.000659,0.027688,-0.097469,0.007497,0.000000,-0.018333,-0.032859,0.000000,-0.042360,-0.039942,-0.025595,-0.059332,-0.005059,-0.004326,-0.006506
0.037667,-0.004791,0.023909,-0.008410,0.006913,0.054954,0.017740,0.029798,-0.035253,-0.061791,-0.008115,-0.044045,0.067947,0.040006,-0.000581,0.018804,-0.057149,-0.000339,0.000000,-0.034350,-0.020267,0.000000,-0.037000,0.025956,-0.056492,-0.066617,-0.002098,0.001451,0.007698
-0.003325,0.007233,0.016616,-0.034510,0.042826,0.058999,-0.062133,0.031230,-0.051001,-0.065320,-0.036061,-0.071454,0.083807,0.031179,0.014676,0.027201,-0.057950,-0.024840,0.000000,-0.032946,-0.014979,0.000000,0.002899,-0.014220,-0.006205,-0.024713,0.020482,-0.001477,0.047032
-0.023822,0.013245,0.012969,-0.047561,0.060782,0.061022,-0.102070,0.031946,-0.058874,-0.067084,-0.050033,-0.085158,0.091737,0.026765,0.022305,0.031400,-0.058351,-0.037091,0.000000,-0.032244,-0.012335,0.000000,0.022849,-0.034308,0.018939,-0.003762,0.031771,-0.002941,0.066699
-0.007719,-0.023387,0.010468,0.050724,-0.001910,0.018904,0.041141,0.019656,-0.012316,0.052516,0.000508,-0.027705,0.010836,-0.025988,0.018930,0.028818,-0.010486,0.039321,0.000000,-0.043716,0.002210,0.000000,-0.062757,0.000071,-0.017267,-0.006214,-0.011825,0.015028,0.033090
-0.004612,-0.018967,0.012958,0.030537,-0.008007,0.014953,0.029818,0.025094,-0.010926,0.046374,-0.000982,-0.031073,0.006291,-0.027303,0.014799,0.030537,-0.009765,0.035349,0.000000,-0.042253,0.009629,0.000000,-0.069916,-0.005236,-0.018504,-0.007331,-0.013498,0.000763,0.011575
0.001602,-0.010128,0.017937,-0.009837,-0.020202,0.007052,0.007172,0.035970,-0.008147,0.034089,-0.003963,-0.037808,-0.002799,-0.029932,0.006538,0.033975,-0.008324,0.027403,0.000000,-0.039325,0.024466,0.000000,-0.084236,-0.015848,-0.020978,-0.009565,-0.016845,-0.027768,-0.031455
-0.026332,-0.020151,0.011171,0.010824,-0.017421,0.020125,0.027692,-0.013524,-0.013547,0.060643,0.014760,-0.057552,0.014060,-0.037910,0.001866,0.021338,-0.012185,0.042230,0.000000,-0.041666,0.013745,0.000000,-0.067706,-0.016433,-0.021054,0.004298,-0.000873,-0.018830,-0.015766
-0.040299,-0.025162,0.007789,0.021154,-0.016031,0.026662,0.037952,-0.038272,-0.016246,0.073920,0.024122,-0.067424,0.022489,-0.041900,-0.000470,0.015020,-0.014116,0.049643,0.000000,-0.042837,0.008384,0.000000,-0.059441,-0.016726,-0.021093,0.011229,0.007113,-0.014361,-0.007922
0.022468,0.002522,0.003516,-0.017821,0.008828,0.003520,-0.019263,-0.016262,0.010688,-0.033633,0.023270,-0.041116,0.010996,0.040427,-0.054307,0.029089,0.010028,0.001051,0.000000,-0.039625,0.022801,0.000000,-0.053033,-0.023531,-0.051471,-0.008033,0.022632,-0.061208,0.039242
0.017455,-0.008664,0.006275,-0.010166,0.011551,0.003859,-0.003182,0.003756,-0.003187,-0.026076,0.013292,-0.041355,0.013030,0.022622,-0.032581,0.014682,0.014151,0.000204,0.000000,-0.042553,0.019656,0.000000,-0.034977,0.000170,-0.048492,-0.018347,0.015728,-0.046096,0.035799
0.007428,-0.031035,0.011794,0.005143,0.016998,0.004536,0.028980,0.043792,-0.030937,-0.010963,-0.006665,-0.041832,0.017099,-0.012987,0.010872,-0.014133,0.022396,-0.001490,0.000000,-0.048409,0.013365,0.000000,0.001134,0.047573,-0.042534,-0.038975,0.001920,-0.015873,0.028912
0.000148,-0.025614,0.004698,-0.002617,0.007520,-0.002632,0.005902,0.026859,-0.014057,-0.012226,0.008505,-0.039822,0.002856,-0.000966,-0.022776,0.012765,0.009720,0.007731,0.000000,-0.044413,0.024595,0.000000,-0.057331,0.017072,-0.026113,-0.027686,-0.007659,-0.021539,0.036513
-0.003492,-0.022903,0.001150,-0.006496,0.002781,-0.006216,-0.005638,0.018392,-0.005617,-0.012857,0.016090,-0.038817,-0.004266,0.005044,-0.039599,0.026214,0.003381,0.012341,0.000000,-0.042415,0.030211,0.000000,-0.086564,0.001822,-0.017903,-0.022042,-0.012448,-0.024373,0.040313
0.002553,-0.027733,-0.009839,0.012320,0.000283,0.003631,0.027511,-0.023772,-0.010129,0.000479,0.052299,-0.038009,0.004481,0.026541,-0.045203,-0.013418,0.016530,-0.003827,0.000000,-0.042579,0.009349,0.000000,-0.022430,-0.019806,-0.007507,-0.014542,0.001047,-0.019593,0.024542
0.003243,-0.025822,-0.010201,0.011552,-0.005230,0.005695,0.029874,-0.029221,-0.008411,-0.002309,0.053797,-0.038474,0.004005,0.016648,-0.042214,-0.013659,0.010080,0.001249,0.000000,-0.044467,0.004781,0.000000,-0.019507,-0.023707,-0.002931,-0.013018,-0.000753,-0.022770,0.017279
0.004622,-0.021999,-0.010925,0.010015,-0.016256,0.009823,0.034600,-0.040120,-0.004975,-0.007886,0.056795,-0.039403,0.003051,-0.003140,-0.036236,-0.014141,-0.002818,0.011401,0.000000,-0.048244,-0.004357,0.000000,-0.013661,-0.031508,0.006221,-0.009968,-0.004354,-0.029124,0.002753
0.030456,-0.004606,-0.004982,-0.013779,0.006697,0.001391,-0.002148,-0.011951,-0.014325,-0.060426,0.023437,-0.034857,-0.006432,0.023181,-0.019114,-0.007203,0.007238,-0.009475,0.000000,-0.042088,0.003430,0.000000,-0.019047,-0.017153,0.008560,-0.028230,-0.004930,-0.031812,0.011284
0.043373,0.004091,-0.002010,-0.025676,0.018173,-0.002825,-0.020522,0.002133,-0.019000,-0.086696,0.006759,-0.032583,-0.011173,0.036341,-0.010553,-0.003734,0.012267,-0.019913,0.000000,-0.039010,0.007323,0.000000,-0.021740,-0.009976,0.009729,-0.037361,-0.005219,-0.033156,0.015550
0.012159,-0.019865,0.009737,-0.000331,-0.002527,-0.001768,0.003991,-0.004339,0.008735,-0.010575,0.025805,-0.014373,-0.011747,-0.006343,-0.041305,0.006108,-0.004567,0.019675,0.000000,-0.049871,0.016322,0.000000,-0.051109,0.040374,-0.037664,-0.013860,-0.014275,-0.054894,0.035433
0.006366,-0.016074,0.004323,0.001572,0.004205,0.002097,0.006935,-0.007661,0.004905,-0.016810,0.033130,-0.023652,-0.014601,0.008634,-0.039486,0.011849,-0.013157,0.017105,0.000000,-0.045387,0.012126,0.000000,-0.044864,0.026748,-0.017803,-0.006407,-0.011173,-0.039061,0.020283
-0.005221,-0.008493,-0.006507,0.005379,0.017667,0.009825,0.012823,-0.014306,-0.002754,-0.029281,0.047782,-0.042211,-0.020308,0.038589,-0.035848,0.023332,-0.030338,0.011964,0.000000,-0.036417,0.003735,0.000000,-0.032376,-0.000503,0.021920,0.008497,-0.004968,-0.007396,-0.010019
0.035421,-0.005560,-0.011172,-0.008521,0.015405,0.014366,0.035239,-0.009105,-0.012880,-0.051261,0.014140,-0.036467,-0.014499,0.023634,-0.026010,0.003943,-0.020424,0.007651,0.000000,-0.043603,-0.003387,0.000000,-0.016786,0.036078,-0.017997,-0.001476,0.001668,-0.028688,0.012869
0.055742,-0.004093,-0.013505,-0.015471,0.014275,0.016636,0.046447,-0.006504,-0.017944,-0.062250,-0.002681,-0.033596,-0.011594,0.016156,-0.021091,-0.005751,-0.015467,0.005495,0.000000,-0.047196,-0.006948,0.000000,-0.008991,0.054369,-0.037955,-0.006463,0.004986,-0.039334,0.024313
0.010230,-0.005717,0.006399,-0.035074,0.009912,-0.018277,0.016709,0.005626,-0.029211,-0.046236,-0.003844,-0.036893,-0.045003,-0.012107,-0.031462,0.023725,-0.013720,0.009972,0.000000,-0.013897,0.021346,0.000000,-0.027273,0.002944,-0.024707,-0.012063,0.000643,-0.027540,-0.003429
0.009385,-0.006821,0.002052,-0.022493,-0.002965,-0.016452,0.019064,-0.004731,-0.023783,-0.023590,0.008761,-0.035105,-0.040085,-0.019138,-0.026790,0.021074,-0.012697,0.017194,0.000000,-0.014527,0.014334,0.000000,-0.016812,-0.012609,-0.017416,-0.007839,-0.000989,-0.021614,-0.004064
0.007696,-0.009029,-0.006642,0.002670,-0.028719,-0.012801,0.023773,-0.025445,-0.012929,0.021701,0.033972,-0.031528,-0.030248,-0.033199,-0.017446,0.015771,-0.010650,0.031638,0.000000,-0.015786,0.000309,0.000000,0.004109,-0.043716,-0.002834,0.000609,-0.004254,-0.009762,-0.005333
-0.005631,-0.013674,0.006556,-0.006222,-0.009513,0.002965,0.028044,-0.005045,-0.018255,0.006237,0.030293,-0.031331,-0.035957,-0.013698,-0.023665,0.025427,-0.024178,0.027283,0.000000,-0.024006,0.012463,0.000000,0.003015,-0.009526,-0.018951,-0.012333,0.002898,-0.000863,-0.007859
-0.012295,-0.015997,0.013155,-0.010668,0.000089,0.010849,0.030179,0.005155,-0.020918,-0.001495,0.028453,-0.031232,-0.038811,-0.003948,-0.026775,0.030255,-0.030942,0.025106,0.000000,-0.028117,0.018540,0.000000,0.002468,0.007570,-0.027010,-0.018804,0.006474,0.003587,-0.009121
0.016751,0.015425,0.008361,-0.042039,-0.001475,-0.001950,0.002701,0.009054,-0.028239,-0.041419,-0.012023,-0.029426,-0.035060,-0.006442,-0.034575,0.022652,-0.012535,0.010532,0.000000,-0.016991,0.020789,0.000000,-0.005783,0.003709,-0.038497,-0.019389,-0.003747,-0.045018,0.002235
0.018145,0.008267,0.004335,-0.029560,-0.005859,-0.004564,0.003991,0.017118,-0.012724,-0.014388,0.008438,-0.018814,-0.038584,-0.002693,-0.046236,0.022814,-0.006112,0.011017,0.000000,-0.018487,0.021790,0.000000,-0.012109,0.008539,-0.028984,-0.017830,-0.011275,-0.021227,0.000448
0.020934,-0.006048,-0.003719,-0.004603,-0.014627,-0.009792,0.006571,0.033246,0.018304,0.039673,0.049359,0.002410,-0.045630,0.004805,-0.069558,0.023139,0.006734,0.011987,0.000000,-0.021479,0.023793,0.000000,-0.024762,0.018199,-0.009958,-0.014712,-0.026330,0.026356,-0.003126
0.002204,-0.006650,0.005114,-0.027647,-0.018786,-0.007046,-0.011592,0.021445,-0.010334,-0.004849,0.018295,0.002997,-0.035889,-0.001841,-0.027656,0.000565,0.024663,0.000955,0.000000,-0.014417,0.028813,0.000000,0.030918,0.005350,-0.023403,-0.024404,0.001636,-0.012004,0.035065
-0.007161,-0.006950,0.009530,-0.039169,-0.020866,-0.005673,-0.020674,0.015545,-0.024652,-0.027110,0.002763,0.003290,-0.031019,-0.005164,-0.006706,-0.010722,0.033628,-0.004561,0.000000,-0.010886,0.031324,0.000000,0.058758,-0.001074,-0.030126,-0.029251,0.015619,-0.031184,0.054160
-0.009157,-0.002711,0.004222,-0.021515,-0.005064,-0.007993,0.003554,-0.019782,-0.008092,0.011258,0.024523,0.015396,-0.028708,-0.009891,-0.035654,-0.002875,0.018128,-0.002258,0.000000,-0.015968,0.024684,0.000000,0.042479,0.010319,-0.039011,-0.017887,0.008375,-0.039995,0.040441
-0.002311,0.007595,0.010533,-0.034982,-0.004413,-0.003823,-0.018590,-0.013806,-0.012199,-0.009372,0.015104,0.005546,-0.022067,-0.003258,-0.029126,0.008590,0.015321,-0.005304,0.000000,-0.008025,0.036416,0.000000,0.036023,-0.003577,-0.043139,-0.022923,0.011669,-0.044411,0.041239
0.011380,0.028208,0.023156,-0.061916,-0.003110,0.004517,-0.062880,-0.001853,-0.020412,-0.050633,-0.003734,-0.014155,-0.008785,0.010008,-0.016068,0.031521,0.009706,-0.011396,0.000000,0.007861,0.059879,0.000000,0.023110,-0.031370,-0.051396,-0.032994,0.018256,-0.053243,0.042836
-0.019345,-0.002934,0.018266,-0.024101,0.009384,0.016308,-0.017373,0.001725,-0.018445,-0.004972,0.022735,-0.007393,-0.014734,-0.020593,-0.042638,0.025666,0.013903,0.006582,0.000000,-0.003164,0.049823,0.000000,-0.002716,-0.010157,-0.013534,-0.014247,0.002590,-0.027450,0.024814
-0.034708,-0.018505,0.015821,-0.005193,0.015630,0.022203,0.005380,0.003514,-0.017462,0.017858,0.035969,-0.004013,-0.017709,-0.035893,-0.055923,0.022738,0.016002,0.015571,0.000000,-0.008676,0.044795,0.000000,-0.015628,0.000449,0.005397,-0.004873,-0.005243,-0.014553,0.015802
0.014207,-0.038085,0.021542,-0.016167,-0.017261,0.004336,0.027300,0.015650,-0.032804,0.013649,0.015366,0.016547,-0.030970,-0.041021,-0.012773,-0.008276,0.043772,0.024033,0.000000,-0.004059,0.048119,0.000000,-0.009055,-0.001394,-0.022321,0.004258,0.001724,-0.062467,0.050073
0.008575,-0.030324,0.011803,-0.020683,-0.012503,0.008359,0.011813,0.016999,-0.025764,0.007942,0.011341,0.015261,-0.019283,-0.038680,-0.000609,-0.007594,0.052695,0.018594,0.000000,-0.004065,0.044989,0.000000,-0.004020,0.001255,-0.017046,-0.002252,0.000276,-0.053260,0.051276
-0.002688,-0.014801,-0.007677,-0.029715,-0.002986,0.016406,-0.019159,0.019696,-0.011683,-0.003471,0.003289,0.012689,0.004092,-0.034000,0.023721,-0.006230,0.070542,0.007717,0.000000,-0.004077,0.038729,0.000000,0.006051,0.006552,-0.006496,-0.015272,-0.002621,-0.034845,0.053680
-0.024732,-0.026721,0.001082,-0.012785,-0.030310,0.014935,-0.020260,-0.013523,-0.006703,0.047610,0.031680,0.012543,-0.001007,-0.045513,-0.007972,-0.004818,0.052215,0.015676,0.000000,-0.005109,0.034174,0.000000,-0.006485,-0.014555,-0.005401,-0.002408,0.000999,-0.042658,0.042362
-0.035754,-0.032681,0.005462,-0.004320,-0.043972,0.014199,-0.020811,-0.030133,-0.004213,0.073151,0.045876,0.012470,-0.003556,-0.051270,-0.023819,-0.004113,0.043051,0.019656,0.000000,-0.005625,0.031896,0.000000,-0.012753,-0.025108,-0.004853,0.004025,0.002809,-0.046565,0.036703
0.020930,-0.017809,0.014745,-0.009663,0.016787,0.036263,0.008335,0.023419,-0.034135,-0.069782,-0.019663,0.021039,0.005706,-0.003996,0.026138,-0.016394,0.056146,-0.007924,0.000000,-0.023679,0.037189,0.000000,0.039028,0.034990,-0.010548,-0.030101,0.007267,-0.021709,0.046194
0.025210,-0.012481,0.010837,-0.009136,0.017121,0.027489,0.015493,0.019176,-0.037766,-0.062174,-0.023582,0.021027,0.003312,-0.005075,0.034780,-0.019851,0.061480,-0.005517,0.000000,-0.016177,0.040850,0.000000,0.046370,0.023029,-0.020521,-0.028320,0.011704,-0.033507,0.063321
0.033771,-0.001825,0.003020,-0.008082,0.017790,0.009942,0.029808,0.010689,-0.045026,-0.046957,-0.031421,0.021003,-0.001475,-0.007232,0.052065,-0.026765,0.072148,-0.000701,0.000000,-0.001173,0.048173,0.000000,0.061054,-0.000893,-0.040466,-0.024757,0.020576,-0.057103,0.097573
0.028841,-0.016201,0.004490,0.027376,0.018288,0.026188,0.023448,0.054860,-0.016055,0.001667,0.004072,0.028578,0.008398,-0.001224,-0.017398,-0.021315,0.045739,0.004543,0.000000,-0.015857,0.068547,0.000000,0.059254,-0.002739,-0.053297,-0.010505,0.014795,-0.035345,0.093346
0.026377,-0.023389,0.005224,0.045106,0.018538,0.034311,0.020269,0.076946,-0.001569,0.025978,0.021818,0.032365,0.013335,0.001780,-0.052129,-0.018589,0.032535,0.007165,0.000000,-0.023199,0.078734,0.000000,0.058354,-0.003661,-0.059712,-0.003379,0.011905,-0.024467,0.091232
0.007841,-0.017421,-0.003762,-0.001228,0.015432,0.035432,0.009583,-0.002853,-0.049692,-0.053397,-0.008655,0.008765,-0.004572,-0.015563,-0.030729,-0.013661,0.008406,-0.015352,0.000000,-0.021493,0.038334,0.000000,0.030838,0.019754,-0.026367,-0.030422,0.026497,-0.040863,0.085448
0.008234,-0.007948,0.001757,-0.008880,0.021329,0.023966,0.003891,0.000939,-0.042038,-0.052356,-0.008665,0.010848,-0.007871,-0.016136,-0.034891,-0.008779,0.012597,-0.007592,0.000000,-0.012178,0.046203,0.000000,0.026315,0.008547,-0.036107,-0.022539,0.026984,-0.046295,0.082509
0.009021,0.010998,0.012795,-0.024183,0.033123,0.001034,-0.007491,0.008523,-0.026730,-0.050272,-0.008685,0.015013,-0.014469,-0.017281,-0.043215,0.000987,0.020978,0.007927,0.000000,0.006452,0.061940,0.000000,0.017270,-0.013867,-0.055588,-0.006774,0.027959,-0.057160,0.076633
0.009825,-0.013912,0.005362,-0.000087,0.016329,-0.001103,0.028019,0.012304,-0.036423,-0.003436,-0.032748,0.026982,-0.033777,-0.042513,-0.009634,-0.009542,0.020707,0.020960,0.000000,0.003841,0.050459,0.000000,0.006694,-0.030448,-0.040375,-0.002293,0.016483,-0.059004,0.083984
0.010226,-0.026367,0.001645,0.011961,0.007932,-0.002172,0.045775,0.014195,-0.041269,0.019982,-0.044780,0.032966,-0.043431,-0.055130,0.007156,-0.014806,0.020571,0.027477,0.000000,0.002536,0.044718,0.000000,0.001405,-0.038739,-0.032769,-0.000052,0.010745,-0.059926,0.087659
0.020694,-0.024698,0.003795,-0.006716,-0.021597,0.018848,0.040642,-0.019526,-0.049969,0.009642,-0.017676,0.001634,-0.016541,-0.029058,-0.031580,-0.013647,-0.048968,0.016168,0.000000,-0.020628,0.010061,0.000000,-0.019433,-0.016234,-0.038472,-0.028980,0.004768,-0.067935,0.046859
0.015727,-0.019038,0.004421,-0.004433,-0.012271,0.017018,0.026928,-0.009315,-0.034719,0.007926,-0.014735,0.007949,-0.019312,-0.031165,-0.036246,-0.007350,-0.043783,0.017198,0.000000,-0.019634,0.022965,0.000000,-0.022880,-0.004387,-0.042549,-0.020612,0.008957,-0.058759,0.063796
0.005794,-0.007718,0.005675,0.000132,0.006380,0.013359,-0.000501,0.011107,-0.004219,0.004494,-0.008852,0.020578,-0.024854,-0.035380,-0.045578,0.005243,-0.033413,0.019256,0.000000,-0.017645,0.048773,0.000000,-0.029773,0.019306,-0.050704,-0.003877,0.017336,-0.040407,0.097671
-0.004569,-0.012611,0.001611,-0.015045,-0.004319,0.008870,-0.009952,0.000159,-0.017504,0.013930,-0.010271,0.013638,-0.023967,-0.045846,-0.024703,0.004108,-0.044694,0.018815,0.000000,-0.015302,0.023124,0.000000,-0.022467,0.005335,-0.029970,-0.010266,0.022936,-0.056655,0.082339
-0.009751,-0.015058,-0.000421,-0.022634,-0.009668,0.006626,-0.014677,-0.005314,-0.024146,0.018649,-0.010981,0.010167,-0.023523,-0.051079,-0.014265,0.003541,-0.050334,0.018594,0.000000,-0.014130,0.010299,0.000000,-0.018815,-0.001650,-0.019603,-0.013460,0.025737,-0.064779,0.074674
-0.016539,-0.020659,0.009490,0.022917,0.006341,0.014629,0.048303,-0.024381,-0.041829,0.037676,-0.016635,-0.010589,-0.030426,-0.021328,-0.007482,-0.000966,-0.095614,0.028219,0.000000,-0.031300,-0.008569,0.000000,-0.057657,0.008676,-0.031890,0.009661,0.014357,-0.017354,0.028827
-0.007348,-0.024584,0.005996,0.013282,0.005882,0.008484,0.033329,-0.000617,-0.037425,0.030651,-0.009534,-0.010420,-0.034102,-0.018822,-0.004593,0.000436,-0.091511,0.023946,0.000000,-0.027342,-0.008455,0.000000,-0.055568,-0.000087,-0.026594,0.000044,0.012157,-0.022408,0.024231
0.011033,-0.032432,-0.000993,-0.005988,0.004966,-0.003806,0.003382,0.046912,-0.028615,0.016601,0.004667,-0.010082,-0.041456,-0.013810,0.001183,0.003240,-0.083306,0.015401,0.000000,-0.019426,-0.008228,0.000000,-0.051391,-0.017615,-0.016004,-0.019188,0.007757,-0.032515,0.015039
0.020051,-0.031790,0.003125,-0.008578,0.024405,-0.007533,0.011732,0.043920,-0.046981,-0.017722,-0.023600,-0.004879,-0.045502,-0.009085,0.019193,-0.020258,-0.079315,0.004242,0.000000,-0.025992,-0.012901,0.000000,-0.053880,0.005533,-0.036536,-0.026090,0.008992,-0.047764,0.027121
0.024560,-0.031469,0.005184,-0.009872,0.034125,-0.009396,0.015907,0.042424,-0.056164,-0.034883,-0.037734,-0.002278,-0.047525,-0.006723,0.028198,-0.032008,-0.077319,-0.001337,0.000000,-0.029275,-0.015237,0.000000,-0.055125,0.017107,-0.046802,-0.029540,0.009609,-0.055388,0.033161
0.043074,-0.017698,0.004043,-0.047125,0.018282,-0.004431,0.006894,0.005847,-0.055428,-0.069278,-0.028412,0.000869,-0.053519,-0.014886,-0.013332,-0.002933,-0.093673,-0.001899,0.000000,-0.031003,-0.003945,0.000000,-0.028743,-0.008489,-0.053938,-0.043691,0.028205,-0.080364,0.055274
0.043621,-0.023074,0.000660,-0.034912,0.021441,-0.003655,0.023456,0.009684,-0.056239,-0.080900,-0.033473,-0.002655,-0.051782,-0.003406,-0.017536,-0.001571,-0.108087,-0.000271,0.000000,-0.031322,-0.011493,0.000000,-0.028747,-0.014827,-0.036809,-0.039205,0.022864,-0.079003,0.051229
0.044714,-0.033825,-0.006107,-0.010487,0.027759,-0.002104,0.056579,0.017357,-0.057860,-0.104143,-0.043595,-0.009702,-0.048307,0.019553,-0.025943,0.001152,-0.136914,0.002985,0.000000,-0.031961,-0.026588,0.000000,-0.028757,-0.027502,-0.002549,-0.030232,0.012181,-0.076281,0.043137
0.039171,-0.027483,-0.018725,-0.012086,0.021845,-0.015509,0.044025,0.013930,-0.036866,-0.102728,-0.022091,0.002676,-0.044558,0.026252,-0.015023,0.008571,-0.145164,-0.006663,0.000000,-0.029002,-0.028464,0.000000,-0.013622,-0.046992,0.000669,-0.024329,0.018653,-0.065164,0.061217
0.036399,-0.024312,-0.025034,-0.012885,0.018888,-0.022211,0.037749,0.012217,-0.026368,-0.102021,-0.011338,0.008866,-0.042683,0.029601,-0.009563,0.012281,-0.149288,-0.011487,0.000000,-0.027523,-0.029402,0.000000,-0.006055,-0.056738,0.002278,-0.021377,0.021890,-0.059606,0.070257
0.069521,-0.032309,-0.018415,-0.027124,0.022230,-0.009005,0.042508,0.024370,-0.058455,-0.141238,-0.019835,0.000908,-0.049179,0.036848,-0.045858,0.021722,-0.193970,-0.015509,0.000000,-0.033259,-0.057303,0.000000,-0.020081,-0.023603,0.003073,-0.063028,0.029334,-0.103357,0.094958
0.070311,-0.040366,-0.023261,-0.019240,0.017906,-0.017299,0.058721,0.020794,-0.055677,-0.133510,-0.012010,0.005906,-0.047379,0.032311,-0.041076,0.008395,-0.205829,-0.011153,0.000000,-0.033194,-0.076779,0.000000,-0.031565,-0.036444,0.003175,-0.059223,0.023148,-0.100264,0.091816
0.071890,-0.056480,-0.032952,-0.003471,0.009257,-0.033885,0.091149,0.013644,-0.050122,-0.118055,0.003641,0.015900,-0.043778,0.023239,-0.031513,-0.018260,-0.229545,-0.002442,0.000000,-0.033063,-0.115731,0.000000,-0.054535,-0.062127,0.003380,-0.051612,0.010778,-0.094079,0.085532
0.094053,-0.033319,-0.041875,-0.016571,0.020266,-0.039130,0.096480,0.014226,-0.040269,-0.155689,-0.005417,0.015945,-0.032157,0.046767,-0.047797,-0.006750,-0.270751,-0.007279,0.000000,-0.030674,-0.120350,0.000000,-0.031689,-0.033810,-0.004919,-0.063489,0.015957,-0.113046,0.079789
0.105134,-0.021739,-0.046336,-0.023121,0.025771,-0.041753,0.099145,0.014517,-0.035342,-0.174506,-0.009947,0.015968,-0.026347,0.058531,-0.055940,-0.000994,-0.291354,-0.009697,0.000000,-0.029479,-0.122659,0.000000,-0.020267,-0.019652,-0.009069,-0.069428,0.018546,-0.122529,0.076918
0.092726,-0.042955,-0.055138,-0.052509,0.012658,-0.030410,0.044659,0.011804,-0.054753,-0.197901,0.025916,-0.005465,-0.003633,0.073764,-0.076649,0.002503,-0.421667,-0.007340,0.000000,-0.056759,-0.202270,0.000000,-0.055972,-0.004399,-0.000460,-0.027084,0.057340,-0.161029,0.207170
0.096333,-0.048054,-0.065211,-0.033691,0.007231,-0.029969,0.086276,0.004215,-0.055342,-0.196016,0.020147,-0.006042,0.020907,0.086296,-0.089772,-0.019684,-0.443133,-0.018308,0.000000,-0.061843,-0.224800,0.000000,-0.050207,-0.017233,-0.025636,-0.048197,0.044410,-0.160970,0.171444
0.103548,-0.058252,-0.085356,0.003945,-0.003625,-0.029086,0.169511,-0.010962,-0.056519,-0.192246,0.008607,-0.007195,0.069987,0.111360,-0.116017,-0.064058,-0.486066,-0.040243,0.000000,-0.072012,-0.269862,0.000000,-0.038677,-0.042902,-0.075990,-0.090422,0.018551,-0.160851,0.099993
0.113603,-0.040806,-0.094330,-0.003713,0.014417,-0.030715,0.153295,0.006396,-0.065223,-0.188452,0.008809,-0.035527,0.060898,0.108673,-0.067826,-0.034895,-0.585494,-0.008814,0.000000,-0.080194,-0.317716,0.000000,-0.096327,-0.036918,-0.036698,-0.065071,0.014163,-0.162349,0.108266
0.118631,-0.032083,-0.098816,-0.007542,0.023437,-0.031529,0.145187,0.015076,-0.069574,-0.186555,0.008911,-0.049692,0.056354,0.107329,-0.043730,-0.020313,-0.635208,0.006900,0.000000,-0.084286,-0.341643,0.000000,-0.125152,-0.033925,-0.017052,-0.052396,0.011969,-0.163098,0.112402
0.042177,-0.134021,-0.133643,0.019285,-0.007303,0.083489,0.085195,0.073570,0.052384,-0.130055,0.133833,-0.043076,0.075898,0.135077,-0.131550,-0.161376,-0.857570,-0.013489,0.000000,0.018075,-0.513518,0.000000,-0.198466,-0.001546,-0.070539,-0.029323,0.014919,-0.164335,0.093951
0.092334,-0.086614,-0.130655,0.015799,0.021387,0.028026,0.141678,0.056457,-0.005170,-0.171067,0.058902,-0.033391,0.110482,0.117422,-0.118446,-0.147767,-0.798660,-0.023576,0.000000,-0.035566,-0.483408,0.000000,-0.122579,-0.000307,-0.097233,-0.052376,0.020835,-0.168729,0.108199
0.192647,0.008200,-0.124680,0.008828,0.078766,-0.082902,0.254644,0.022229,-0.120277,-0.253090,-0.090962,-0.014019,0.179649,0.082114,-0.092237,-0.120549,-0.680839,-0.043751,0.000000,-0.142847,-0.423187,0.000000,0.029193,0.002172,-0.150621,-0.098482,0.032668,-0.177519,0.136696
0.150037,-0.081792,-0.155234,0.010162,0.032620,0.012385,0.206596,0.051354,-0.047604,-0.259155,0.045973,-0.040224,0.192281,0.183602,-0.115703,-0.167623,-0.912305,-0.065082,0.000000,-0.086418,-0.564758,0.000000,-0.021232,0.016147,-0.128298,-0.079696,0.024281,-0.207428,0.071655
0.128732,-0.126788,-0.170511,0.010829,0.009547,0.060029,0.182572,0.065917,-0.011267,-0.262188,0.114441,-0.053326,0.198597,0.234346,-0.127436,-0.191159,-1.028037,-0.075747,0.000000,-0.058204,-0.635544,0.000000,-0.046445,0.023135,-0.117137,-0.070302,0.020087,-0.222383,0.039134
0.124953,-0.049946,-0.180536,0.055350,0.003887,-0.017110,0.206116,0.028059,-0.028471,-0.105073,0.065109,-0.034364,0.191832,0.087571,-0.042338,-0.177305,-1.003245,0.032520,0.000000,-0.063815,-0.670035,0.000000,-0.139135,0.006445,-0.117382,-0.043479,0.030134,-0.199095,0.181581
0.127363,-0.054296,-0.189320,0.053748,0.010500,-0.004978,0.221665,0.038324,-0.061354,-0.157828,0.051382,-0.060115,0.251967,0.135044,-0.085927,-0.200183,-1.037578,-0.006486,0.000000,-0.081494,-0.697944,0.000000,-0.075815,0.008184,-0.156396,-0.045280,0.030595,-0.204508,0.151623
0.132183,-0.062996,-0.206888,0.050545,0.023725,0.019285,0.252763,0.058853,-0.127119,-0.263337,0.023929,-0.111616,0.372237,0.229991,-0.173104,-0.245941,-1.106245,-0.084499,0.000000,-0.116851,-0.753762,0.000000,0.050826,0.011661,-0.234424,-0.048882,0.031517,-0.215335,0.091707
0.138513,-0.029918,-0.236562,0.036095,0.024318,-0.004946,0.208721,0.015910,-0.121597,-0.249090,-0.007012,-0.104079,0.448772,0.206697,-0.129675,-0.293138,-1.019909,-0.107062,0.000000,-0.123265,-0.779500,0.000000,-0.027592,-0.048104,-0.257642,-0.071569,0.010478,-0.203171,0.091311
0.141678,-0.013378,-0.251399,0.028870,0.024614,-0.017061,0.186700,-0.005561,-0.118836,-0.241966,-0.022483,-0.100311,0.487040,0.195050,-0.107960,-0.316737,-0.976741,-0.118344,0.000000,-0.126472,-0.792368,0.000000,-0.066801,-0.077986,-0.269251,-0.082912,-0.000041,-0.197089,0.091113
0.133701,-0.053459,-0.228463,0.051822,-0.028362,-0.043970,0.263792,0.003316,-0.128374,-0.180987,0.014864,-0.076468,0.386930,0.145707,-0.083900,-0.259531,-1.090212,-0.063273,0.000000,-0.159287,-0.910196,0.000000,0.065510,0.024905,-0.237745,-0.032750,0.024270,-0.248596,0.107131
0.119507,-0.040566,-0.234818,0.062726,-0.023106,-0.028678,0.248251,-0.003485,-0.130348,-0.167624,0.016794,-0.102319,0.434562,0.145769,-0.086217,-0.267448,-1.092675,-0.067346,0.000000,-0.162426,-0.919643,0.000000,0.055040,-0.013113,-0.245981,-0.034522,0.024880,-0.238957,0.091024
0.091120,-0.014782,-0.247529,0.084534,-0.012594,0.001904,0.217169,-0.017088,-0.134296,-0.140900,0.020655,-0.154020,0.529827,0.145894,-0.090849,-0.283284,-1.097601,-0.075492,0.000000,-0.168704,-0.938537,0.000000,0.034100,-0.089147,-0.262452,-0.038067,0.026100,-0.219680,0.058810
0.107292,0.005991,-0.248614,0.048724,0.024599,-0.007371,0.207603,-0.015483,-0.138228,-0.182099,-0.024893,-0.149184,0.544108,0.167105,-0.113011,-0.278969,-1.050155,-0.093281,0.000000,-0.176660,-0.961685,0.000000,0.123945,-0.038233,-0.240654,-0.030361,0.060775,-0.210014,0.160180
0.115378,0.016378,-0.249156,0.030819,0.043196,-0.012009,0.202821,-0.014681,-0.140194,-0.202698,-0.047667,-0.146767,0.551248,0.177710,-0.124092,-0.276811,-1.026431,-0.102175,0.000000,-0.180638,-0.973259,0.000000,0.168868,-0.012776,-0.229755,-0.026509,0.078113,-0.205181,0.210865
0.089407,-0.018333,-0.243408,0.031033,0.012286,-0.022890,0.222161,-0.025225,-0.152133,-0.184724,0.001808,-0.184994,0.580389,0.185333,-0.160315,-0.264423,-1.115681,-0.093146,0.000000,-0.197371,-1.078126,0.000000,0.181042,0.005433,-0.324660,-0.009573,0.035836,-0.221094,0.098614
0.101086,0.012222,-0.225322,0.043955,0.005574,-0.016581,0.213892,-0.031135,-0.146403,-0.161127,-0.008486,-0.181122,0.582470,0.149398,-0.123146,-0.264194,-1.064464,-0.093781,0.000000,-0.205413,-1.067006,0.000000,0.251616,-0.009511,-0.278578,-0.032047,0.024559,-0.180348,0.058374
0.124446,0.073333,-0.189151,0.069800,-0.007852,-0.003965,0.197353,-0.042955,-0.134945,-0.113933,-0.029073,-0.173378,0.586633,0.077526,-0.048807,-0.263736,-0.962030,-0.095049,0.000000,-0.221497,-1.044765,0.000000,0.392765,-0.039400,-0.186414,-0.076996,0.002004,-0.098856,-0.022105
0.079641,-0.001555,-0.196121,0.088636,-0.006405,-0.028902,0.281857,0.054322,-0.123094,-0.116400,-0.037095,-0.191593,0.587371,0.136516,-0.078799,-0.215533,-0.963467,-0.017262,0.000000,-0.186688,-0.998134,0.000000,0.183827,-0.009384,-0.233508,-0.025700,0.003746,-0.148160,0.098360
0.057238,-0.038999,-0.199605,0.098054,-0.005681,-0.041371,0.324109,0.102961,-0.117168,-0.117633,-0.041106,-0.200701,0.587740,0.166011,-0.093795,-0.191431,-0.964186,0.021632,0.000000,-0.169283,-0.974818,0.000000,0.079358,0.005625,-0.257055,-0.000051,0.004617,-0.172812,0.158592
0.112313,0.025622,-0.213279,0.048464,0.028376,-0.010255,0.234086,0.012478,-0.151771,-0.155692,-0.064890,-0.227988,0.692881,0.098069,-0.087846,-0.242050,-0.985633,-0.082963,0.000000,-0.241835,-1.070096,0.000000,0.263282,0.032600,-0.310839,-0.076564,0.004023,-0.016636,-0.006547
0.085690,0.015740,-0.208188,0.044131,0.009181,-0.018909,0.208009,-0.004245,-0.129362,-0.143997,-0.041383,-0.224477,0.664389,0.125994,-0.098053,-0.215821,-0.928024,-0.069274,0.000000,-0.225914,-1.051733,0.000000,0.239507,0.013057,-0.246358,-0.040235,0.023232,-0.079540,0.081229
0.032444,-0.004024,-0.198005,0.035464,-0.029209,-0.036215,0.155853,-0.037690,-0.084544,-0.120608,0.005631,-0.217456,0.607405,0.181845,-0.118466,-0.163364,-0.812806,-0.041897,0.000000,-0.194070,-1.015009,0.000000,0.191957,-0.026031,-0.117397,0.032421,0.061650,-0.205347,0.256782
0.068216,-0.004645,-0.201539,0.070719,-0.025508,-0.018383,0.209808,-0.002842,-0.082163,-0.110044,0.020829,-0.230759,0.664492,0.129985,-0.095416,-0.198903,-0.832113,-0.038344,0.000000,-0.230932,-1.044000,0.000000,0.158223,-0.007448,-0.144645,0.004998,0.011178,-0.151103,0.170953
0.086102,-0.004956,-0.203306,0.088347,-0.023657,-0.009467,0.236785,0.014582,-0.080973,-0.104762,0.028427,-0.237411,0.693035,0.104056,-0.083890,-0.216672,-0.841767,-0.036567,0.000000,-0.249363,-1.058496,0.000000,0.141356,0.001843,-0.158269,-0.008713,-0.014058,-0.123981,0.128039
-0.007372,-0.001563,-0.157000,0.025139,-0.000300,-0.012572,0.119943,-0.013888,-0.114133,-0.057498,-0.027977,-0.271275,0.679526,0.087426,-0.047182,-0.170031,-0.716368,-0.041428,0.000000,-0.224386,-1.033736,0.000000,0.259345,-0.047974,-0.159341,0.009076,0.037989,-0.080630,0.076755
-0.003956,0.005027,-0.143750,0.015963,0.010334,-0.007382,0.115529,0.018218,-0.125451,-0.082383,-0.053138,-0.275583,0.688516,0.084972,-0.058217,-0.152779,-0.698314,-0.029867,0.000000,-0.225122,-1.006086,0.000000,0.225759,-0.032613,-0.191858,0.018010,0.040645,-0.083418,0.105728
0.002877,0.018209,-0.117249,-0.002391,0.031602,0.003000,0.106702,0.082428,-0.148086,-0.132152,-0.103460,-0.284200,0.706495,0.080064,-0.080286,-0.118275,-0.662205,-0.006745,0.000000,-0.226593,-0.950786,0.000000,0.158587,-0.001889,-0.256891,0.035877,0.045957,-0.088996,0.163675
0.013772,-0.010597,-0.125179,0.045629,0.017470,0.017916,0.161985,0.028010,-0.145787,-0.072120,-0.031332,-0.279915,0.707314,0.063375,-0.068580,-0.145788,-0.635092,-0.032044,0.000000,-0.274017,-1.010867,0.000000,0.210586,0.009639,-0.192378,0.001931,0.003324,-0.072112,0.044121
0.019219,-0.025000,-0.129144,0.069639,0.010403,0.025374,0.189626,0.000801,-0.144637,-0.042104,0.004731,-0.277773,0.707723,0.055030,-0.062727,-0.159545,-0.621536,-0.044693,0.000000,-0.297729,-1.040908,0.000000,0.236585,0.015403,-0.160121,-0.015043,-0.017993,-0.063669,-0.015655
0.011444,0.009090,-0.110990,-0.004712,-0.004746,-0.009167,0.130724,0.001971,-0.112198,-0.067016,-0.004294,-0.292050,0.718049,0.091057,-0.115778,-0.093184,-0.506802,-0.006512,0.000000,-0.246506,-0.916688,0.000000,0.077963,-0.060228,-0.219543,-0.025808,-0.036801,-0.066536,-0.008042
-0.001072,-0.002080,-0.098334,-0.002769,-0.010574,-0.016333,0.116296,0.014657,-0.093393,-0.051041,0.008234,-0.289330,0.685266,0.081744,-0.116355,-0.064490,-0.471349,0.004929,0.000000,-0.227058,-0.888194,0.000000,0.076525,-0.039360,-0.166540,0.013263,-0.007194,-0.051531,0.034894
-0.026103,-0.024418,-0.073021,0.001118,-0.022232,-0.030664,0.087441,0.040029,-0.055782,-0.019090,0.033291,-0.283892,0.619701,0.063117,-0.117510,-0.007102,-0.400443,0.027811,0.000000,-0.188162,-0.831206,0.000000,0.073650,0.002376,-0.060533,0.091404,0.052019,-0.021521,0.120765
-0.041476,-0.003171,-0.049938,-0.007133,-0.024278,-0.030643,0.041379,0.004903,-0.044742,0.004572,-0.002345,-0.266171,0.594690,0.001005,-0.067729,-0.012109,-0.316787,0.032871,0.000000,-0.168631,-0.767769,0.000000,0.025120,-0.061987,-0.054395,0.083345,0.039364,-0.089278,0.155728
-0.049163,0.007453,-0.038397,-0.011258,-0.025300,-0.030633,0.018348,-0.012660,-0.039222,0.016403,-0.020163,-0.257310,0.582184,-0.030051,-0.042839,-0.014613,-0.274959,0.035400,0.000000,-0.158865,-0.736050,0.000000,0.000855,-0.094168,-0.051326,0.079316,0.033037,-0.123157,0.173210
0.003515,-0.000717,-0.013666,0.004431,-0.002498,-0.018878,0.061077,0.054053,-0.029586,0.028803,0.012831,-0.204298,0.490462,-0.001271,-0.112537,-0.016422,-0.191302,0.011415,0.000000,-0.151362,-0.682125,0.000000,0.075055,0.001360,-0.095685,0.021299,-0.011688,-0.031543,0.032773
-0.003933,-0.003123,-0.016501,0.005180,0.000156,-0.022951,0.058758,0.038861,-0.020524,0.015967,0.023195,-0.200782,0.493358,0.017601,-0.123569,-0.013032,-0.186146,0.006628,0.000000,-0.137787,-0.652369,0.000000,0.061424,-0.017181,-0.112695,0.024730,-0.012169,-0.055855,0.037020
-0.018831,-0.007934,-0.022172,0.006677,0.005465,-0.031098,0.054120,0.008478,-0.002400,-0.009706,0.043923,-0.193748,0.499150,0.055346,-0.145632,-0.006251,-0.175835,-0.002946,0.000000,-0.110636,-0.592858,0.000000,0.034161,-0.054264,-0.146713,0.031594,-0.013130,-0.104480,0.045513
-0.009508,-0.008512,-0.000042,-0.022322,0.003593,-0.031033,0.025225,0.043551,-0.035390,-0.025777,-0.013057,-0.164655,0.452328,0.005475,-0.043657,-0.011396,-0.134295,-0.007418,0.000000,-0.100880,-0.544546,0.000000,0.013328,-0.042412,-0.151266,-0.000308,-0.010784,-0.085003,0.067275
-0.004846,-0.008800,0.011023,-0.036821,0.002657,-0.031001,0.010777,0.061087,-0.051885,-0.033812,-0.041546,-0.150109,0.428917,-0.019461,0.007330,-0.013969,-0.113525,-0.009653,0.000000,-0.096002,-0.520390,0.000000,0.002911,-0.036487,-0.153543,-0.016258,-0.009611,-0.075265,0.078155
-0.009168,-0.015826,-0.001961,-0.048299,0.003151,-0.025776,0.060184,0.031927,-0.041199,-0.059270,-0.029026,-0.118736,0.356673,0.017539,-0.046537,0.009191,-0.075495,0.004482,0.000000,-0.053533,-0.457662,0.000000,0.006434,-0.040420,-0.069534,-0.003531,0.007252,-0.039561,0.034736
0.007458,-0.009464,-0.005625,-0.034952,0.003015,-0.026419,0.057255,0.029055,-0.036845,-0.050789,-0.020754,-0.102839,0.351779,0.004113,-0.033483,-0.005538,-0.069094,0.001133,0.000000,-0.059776,-0.444902,0.000000,0.005590,-0.025038,-0.076461,-0.010745,0.000653,-0.033837,0.030394
0.040709,0.003259,-0.012953,-0.008256,0.002743,-0.027707,0.051396,0.023310,-0.028136,-0.033826,-0.004209,-0.071045,0.341991,-0.022741,-0.007374,-0.034997,-0.056291,-0.005565,0.000000,-0.072262,-0.419381,0.000000,0.003902,0.005726,-0.090315,-0.025173,-0.012546,-0.022390,0.021709
0.023861,0.003080,-0.004680,-0.018691,0.009565,-0.021575,0.043266,0.000347,-0.014164,-0.045924,0.000471,-0.066711,0.300716,0.006274,-0.064707,-0.011466,-0.059714,-0.012726,0.000000,-0.032828,-0.380184,0.000000,0.019766,-0.025512,-0.089075,-0.008846,-0.012090,-0.052747,0.008074
0.015437,0.002991,-0.000544,-0.023909,0.012977,-0.018509,0.039201,-0.011134,-0.007177,-0.051972,0.002811,-0.064545,0.280078,0.020782,-0.093373,0.000300,-0.061426,-0.016306,0.000000,-0.013111,-0.360585,0.000000,0.027698,-0.041131,-0.088455,-0.000682,-0.011862,-0.067925,0.001256
0.010546,0.006116,-0.011706,-0.010198,-0.018210,-0.016040,0.035339,0.020179,-0.020239,-0.015791,-0.002528,-0.036746,0.263515,0.003870,-0.059280,-0.042980,-0.026261,-0.010871,0.000000,-0.000311,-0.308152,0.000000,0.003154,-0.065580,-0.095289,-0.002469,-0.015335,-0.044982,0.017972
0.005650,-0.001795,-0.012697,-0.007895,-0.011889,-0.012326,0.042065,0.015623,-0.021057,-0.014787,-0.003986,-0.032248,0.243105,-0.003707,-0.052788,-0.036409,-0.040187,-0.001217,0.000000,0.005754,-0.310323,0.000000,0.011020,-0.058645,-0.083451,0.001427,-0.009383,-0.032815,0.018327
-0.004143,-0.017618,-0.014679,-0.003290,0.000753,-0.004897,0.055516,0.006512,-0.022691,-0.012778,-0.006901,-0.023253,0.202285,-0.018861,-0.039803,-0.023267,-0.068039,0.018091,0.000000,0.017885,-0.314666,0.000000,0.026751,-0.044776,-0.059775,0.009220,0.002520,-0.008483,0.019039
0.003124,-0.034277,-0.010283,-0.016971,-0.005035,-0.007081,0.041961,0.022245,-0.008682,-0.013428,0.010572,0.000668,0.188178,-0.007946,-0.038499,-0.023077,-0.060636,0.005069,0.000000,0.025443,-0.270110,0.000000,0.006146,-0.062727,-0.039212,-0.007559,-0.000879,-0.019348,0.021409
0.006757,-0.042607,-0.008085,-0.023811,-0.007929,-0.008174,0.035183,0.030112,-0.001678,-0.013753,0.019309,0.012628,0.181124,-0.002489,-0.037847,-0.022981,-0.056934,-0.001442,0.000000,0.029222,-0.247833,0.000000,-0.004156,-0.071702,-0.028930,-0.015949,-0.002579,-0.024781,0.022593
0.001949,-0.018411,-0.004973,-0.022171,-0.002047,-0.019715,0.023459,0.004673,0.005172,-0.019555,0.025890,0.029209,0.135078,0.018915,-0.048383,-0.016401,-0.045100,0.004663,0.000000,0.059388,-0.212688,0.000000,0.033724,-0.035362,-0.061871,0.004769,0.018413,-0.051859,0.048956
-0.000135,-0.017089,-0.005576,-0.013374,0.000508,-0.012504,0.028748,0.007575,-0.003366,-0.009234,0.014575,0.028712,0.137544,0.003489,-0.039144,-0.020919,-0.054687,0.004591,0.000000,0.055953,-0.211987,0.000000,0.029316,-0.026241,-0.063452,-0.002931,0.009768,-0.027883,0.041769
-0.004302,-0.014444,-0.006782,0.004220,0.005618,0.001918,0.039326,0.013378,-0.020443,0.011408,-0.008055,0.027716,0.142477,-0.027364,-0.020666,-0.029955,-0.073861,0.004448,0.000000,0.049084,-0.210586,0.000000,0.020499,-0.007999,-0.066613,-0.018329,-0.007522,0.020070,0.027396
-0.001516,-0.015907,-0.003561,-0.017226,0.009626,0.000052,0.019880,0.008470,-0.022441,-0.029155,-0.005331,0.041349,0.112364,-0.016332,-0.023988,-0.028067,-0.052067,0.002952,0.000000,0.070323,-0.184815,0.000000,0.027752,-0.015438,-0.061153,-0.006624,0.003526,-0.017897,0.027028
-0.000123,-0.016639,-0.001950,-0.027949,0.011630,-0.000881,0.010158,0.006015,-0.023441,-0.049437,-0.003969,0.048165,0.097307,-0.010816,-0.025648,-0.027122,-0.041170,0.002204,0.000000,0.080942,-0.171930,0.000000,0.031378,-0.019158,-0.058423,-0.000772,0.009051,-0.036880,0.026843
0.001304,-0.039568,0.000412,-0.018457,-0.002071,0.010177,0.024332,0.060802,0.001334,-0.008243,0.011169,0.070283,0.091891,0.017613,-0.065211,-0.022101,-0.064098,-0.006055,0.000000,0.071261,-0.132902,0.000000,0.014302,-0.034170,-0.047891,-0.000683,-0.006807,-0.038343,0.029116
-0.005996,-0.034043,0.002227,-0.028346,-0.000547,0.009080,0.012748,0.033095,0.000798,-0.020621,0.007372,0.070196,0.082755,0.013041,-0.056672,-0.012355,-0.063995,-0.003441,0.000000,0.081835,-0.122502,0.000000,0.023103,-0.047353,-0.046478,-0.001631,0.000208,-0.040881,0.019956
-0.020596,-0.022993,0.005857,-0.048122,0.002502,0.006887,-0.010420,-0.022319,-0.000275,-0.045376,-0.000221,0.070022,0.064484,0.003897,-0.039594,0.007138,-0.063790,0.001785,0.000000,0.102983,-0.101702,0.000000,0.040705,-0.073720,-0.043652,-0.003525,0.014240,-0.045957,0.001637
-0.016940,-0.014758,0.004054,-0.027943,0.007598,0.007747,0.006624,0.012517,0.000760,-0.005320,-0.017507,0.082058,0.048378,-0.003052,-0.029569,-0.001025,-0.050722,0.016731,0.000000,0.107760,-0.080442,0.000000,0.014269,-0.040031,-0.055094,0.025955,0.017405,-0.051260,0.077551
-0.015112,-0.010640,0.003152,-0.017853,0.010146,0.008177,0.015146,0.029934,0.001277,0.014707,-0.026150,0.088077,0.040324,-0.006526,-0.024557,-0.005107,-0.044188,0.024204,0.000000,0.110149,-0.069813,0.000000,0.001051,-0.023186,-0.060815,0.040695,0.018988,-0.053911,0.115508
0.016846,-0.006552,0.007784,-0.045902,0.013933,0.010720,0.028592,-0.002390,0.006475,-0.052224,-0.009163,0.093677,0.034318,0.018640,-0.061546,0.016923,-0.029426,-0.007775,0.000000,0.129157,-0.028381,0.000000,-0.000840,-0.035550,-0.048471,0.006258,0.004837,-0.057555,0.040923
0.024812,-0.017734,0.009106,-0.052052,0.009866,0.010174,0.024073,0.012268,0.001268,-0.064115,0.000336,0.113314,0.017986,0.023859,-0.058772,0.003047,-0.016150,-0.018713,0.000000,0.126034,-0.019683,0.000000,0.004381,-0.026436,-0.046173,-0.013376,-0.006444,-0.047105,0.036453
0.040745,-0.040098,0.011749,-0.064353,0.001733,0.009082,0.015036,0.041585,-0.009147,-0.087896,0.019336,0.152587,-0.014679,0.034299,-0.053225,-0.024705,0.010400,-0.040590,0.000000,0.119787,-0.002285,0.000000,0.014824,-0.008210,-0.041577,-0.052646,-0.029007,-0.026206,0.027513
0.010028,-0.044068,0.006809,-0.022929,0.010067,0.016927,0.037064,0.046443,-0.033097,-0.075670,-0.008503,0.147405,-0.021405,0.015276,-0.018777,-0.033855,0.001400,-0.027888,0.000000,0.131291,0.003635,0.000000,0.064625,-0.029258,-0.059247,-0.032572,-0.018493,-0.047409,0.018035
-0.005330,-0.046052,0.004339,-0.002217,0.014234,0.020850,0.048078,0.048872,-0.045071,-0.069557,-0.022423,0.144814,-0.024768,0.005765,-0.001553,-0.038431,-0.003101,-0.021536,0.000000,0.137043,0.006595,0.000000,0.089525,-0.039783,-0.068082,-0.022534,-0.013236,-0.058011,0.013296
-0.006657,-0.027270,0.021556,-0.022303,0.003555,0.026774,-0.033877,0.009166,-0.025612,-0.054279,-0.015550,0.131593,-0.011145,0.014210,-0.009056,-0.007911,-0.022166,0.005774,0.000000,0.137107,0.029984,0.000000,0.014902,-0.019620,-0.040470,-0.008194,0.011216,-0.058570,0.071819
-0.006759,-0.020372,0.014929,-0.028101,0.004211,0.021512,-0.020677,0.008090,-0.030951,-0.046701,-0.017352,0.131931,0.005322,0.018109,-0.014718,-0.017319,-0.021794,0.002334,0.000000,0.128856,0.026474,0.000000,0.018727,-0.030745,-0.056643,-0.014829,0.003396,-0.049203,0.063623
-0.006963,-0.006576,0.001675,-0.039695,0.005524,0.010988,0.005723,0.005938,-0.041629,-0.031546,-0.020958,0.132608,0.038255,0.025908,-0.026043,-0.036135,-0.021050,-0.004545,0.000000,0.112352,0.019455,0.000000,0.026375,-0.052994,-0.088988,-0.028098,-0.012244,-0.030470,0.047230
-0.020297,-0.019598,0.016786,-0.029737,0.007066,0.010620,-0.008079,0.038097,-0.031947,-0.031894,-0.017707,0.133305,0.002184,0.014942,-0.011498,-0.016227,-0.025811,0.009828,0.000000,0.126188,0.023580,0.000000,0.030156,-0.027822,-0.069313,-0.008884,0.002231,-0.025923,0.062567
-0.026963,-0.026109,0.024341,-0.024759,0.007837,0.010435,-0.014980,0.054177,-0.027107,-0.032068,-0.016082,0.133653,-0.015852,0.009459,-0.004225,-0.006273,-0.028192,0.017014,0.000000,0.133106,0.025642,0.000000,0.032047,-0.015236,-0.059475,0.000723,0.009469,-0.023649,0.070236
-0.001180,-0.031702,0.013243,-0.010234,0.008626,0.026132,0.021257,0.019871,-0.051280,-0.029154,-0.012638,0.124218,0.019015,-0.014396,-0.011119,-0.067914,-0.009009,-0.014419,0.000000,0.104080,0.004045,0.000000,0.050973,-0.065766,-0.041021,-0.000184,0.012724,-0.020029,0.034025
0.007209,-0.025004,0.014712,-0.011463,0.006959,0.022674,0.015547,0.014993,-0.046108,-0.028331,-0.011791,0.124925,0.005363,-0.015962,-0.002041,-0.051715,-0.009624,-0.010930,0.000000,0.109936,0.007420,0.000000,0.035008,-0.063134,-0.032220,-0.006455,0.008736,-0.013651,0.011790
0.023988,-0.011607,0.017652,-0.013921,0.003625,0.015758,0.004127,0.005237,-0.035764,-0.026684,-0.010097,0.126339,-0.021940,-0.019093,0.016115,-0.019319,-0.010854,-0.003951,0.000000,0.121647,0.014169,0.000000,0.003079,-0.057870,-0.014618,-0.018998,0.000758,-0.000894,-0.032682
-0.001162,-0.030886,0.012389,0.009655,0.000226,0.016178,0.010391,0.031924,-0.013495,0.010996,0.014568,0.133942,-0.028834,-0.020569,0.004098,-0.041177,0.006198,0.008131,0.000000,0.115842,0.019798,0.000000,-0.007399,-0.034767,0.007636,-0.011943,-0.008082,-0.013476,-0.011199
-0.013736,-0.040526,0.009757,0.021443,-0.001473,0.016388,0.013523,0.045268,-0.002361,0.029837,0.026901,0.137744,-0.032281,-0.021306,-0.001911,-0.052106,0.014724,0.014172,0.000000,0.112939,0.022613,0.000000,-0.012639,-0.023216,0.018763,-0.008415,-0.012502,-0.019767,-0.000458
0.003396,-0.022155,0.019188,-0.030443,-0.016681,-0.005924,-0.020930,0.028861,0.002944,-0.000104,0.027797,0.141492,-0.052146,-0.015057,-0.028780,-0.025334,0.020978,-0.014070,0.000000,0.130720,0.052364,0.000000,0.018060,-0.031081,-0.018645,-0.013056,0.004662,-0.051753,0.009317
-0.000907,-0.021413,0.014416,-0.017688,-0.007213,-0.000708,-0.016515,0.027773,-0.005329,0.006111,0.017149,0.138760,-0.048960,-0.016412,-0.019256,-0.029533,0.015122,-0.009454,0.000000,0.129364,0.048252,0.000000,0.022253,-0.025305,-0.022224,-0.008975,0.004091,-0.029444,0.006471
-0.009513,-0.019928,0.004871,0.007821,0.011721,0.009725,-0.007685,0.025598,-0.021875,0.018541,-0.004148,0.133295,-0.042590,-0.019121,-0.000207,-0.037930,0.003408,-0.000224,0.000000,0.126650,0.040029,0.000000,0.030638,-0.013753,-0.029382,-0.000812,0.002950,0.015174,0.000780
-0.017934,-0.017868,0.008347,-0.007299,0.019633,0.014980,-0.020826,0.006826,-0.026738,0.011231,-0.021795,0.124555,-0.031363,-0.033320,-0.001837,-0.037382,-0.007261,0.000731,0.000000,0.119903,0.030636,0.000000,0.017940,0.003931,-0.016702,0.013421,0.002923,-0.006581,0.016139
-0.022144,-0.016838,0.010085,-0.014859,0.023589,0.017608,-0.027396,-0.002561,-0.029169,0.007576,-0.030619,0.120184,-0.025749,-0.040419,-0.002653,-0.037107,-0.012596,0.001208,0.000000,0.116529,0.025939,0.000000,0.011591,0.012772,-0.010362,0.020537,0.002909,-0.017458,0.023819
-0.009454,-0.004969,0.004689,-0.002709,0.014722,0.011848,0.003674,0.068046,-0.023123,0.039986,-0.015642,0.133106,-0.040721,-0.032802,0.015226,-0.026629,0.009642,0.012142,0.000000,0.114906,0.053930,0.000000,-0.038302,-0.018856,-0.001608,-0.015021,-0.014032,-0.028450,0.013311
-0.019704,-0.019387,0.008406,-0.001913,0.000189,0.003821,0.014835,0.043063,-0.011376,0.050911,-0.006066,0.132757,-0.055584,-0.035616,0.002962,-0.016766,0.018119,0.030653,0.000000,0.131637,0.070773,0.000000,-0.045853,-0.034812,0.011881,0.007057,-0.003357,-0.035061,0.033875
-0.040203,-0.048225,0.015840,-0.000322,-0.028878,-0.012232,0.037158,-0.006901,0.012119,0.072759,0.013086,0.132061,-0.085310,-0.041245,-0.021565,0.002961,0.035073,0.067675,0.000000,0.165099,0.104460,0.000000,-0.060954,-0.066722,0.038859,0.051213,0.017995,-0.048282,0.075004
-0.041007,-0.003249,0.000389,-0.001687,-0.002626,-0.001478,-0.022535,-0.002411,-0.008691,0.040231,0.004895,0.143017,-0.063264,-0.006700,-0.033955,-0.009637,0.029355,0.004755,0.000000,0.135969,0.084256,0.000000,-0.013888,-0.020482,0.000254,-0.003157,0.000256,-0.007905,0.021050
-0.041410,0.019239,-0.007336,-0.002369,0.010499,0.003900,-0.052381,-0.000166,-0.019096,0.023966,0.000799,0.148494,-0.052240,0.010572,-0.040150,-0.015936,0.026497,-0.026705,0.000000,0.121404,0.074154,0.000000,0.009645,0.002638,-0.019049,-0.030342,-0.008613,0.012284,-0.005927
0.001985,0.029587,0.001824,-0.011968,0.027207,0.008913,-0.015591,0.024118,-0.025999,-0.008438,-0.034685,0.135984,-0.046170,-0.002471,0.008020,0.012438,-0.007174,-0.012232,0.000000,0.117660,0.067470,0.000000,0.002400,-0.001328,-0.038043,-0.009747,0.010543,-0.000487,-0.047824
-0.005617,0.016211,-0.000290,-0.005723,0.029831,0.007030,-0.007896,0.029892,-0.027513,0.000425,-0.023241,0.138170,-0.048496,0.003990,0.008550,0.006835,0.006145,-0.008090,0.000000,0.121691,0.073771,0.000000,-0.001595,0.000595,-0.029602,-0.014728,0.003620,0.001617,-0.030746
-0.020821,-0.010541,-0.004518,0.006766,0.035081,0.003264,0.007494,0.041439,-0.030542,0.018151,-0.000353,0.142540,-0.053149,0.016912,0.009610,-0.004370,0.032784,0.000195,0.000000,0.129755,0.086374,0.000000,-0.009584,0.004442,-0.012720,-0.024691,-0.010227,0.005826,0.003410
-0.006118,-0.002975,-0.007129,0.003312,0.003360,-0.004100,0.016911,-0.007317,-0.012590,0.019520,0.000680,0.147070,-0.062649,-0.008378,-0.008459,-0.006173,0.028268,0.005234,0.000000,0.127256,0.072742,0.000000,-0.009704,-0.005496,0.012313,-0.006736,-0.002360,0.000612,0.010620
0.001234,0.000807,-0.008435,0.001584,-0.012501,-0.007782,0.021619,-0.031695,-0.003613,0.020204,0.001196,0.149335,-0.067399,-0.021022,-0.017494,-0.007074,0.026010,0.007754,0.000000,0.126007,0.065925,0.000000,-0.009763,-0.010464,0.024830,0.002242,0.001574,-0.001994,0.014224
-0.019167,0.002371,-0.000946,0.000531,0.007554,0.013901,-0.010711,0.058495,-0.038321,0.051155,-0.002696,0.109524,-0.033245,-0.006523,-0.042930,0.007081,-0.018489,0.005280,0.000000,0.121222,0.056298,0.000000,0.012546,-0.027456,-0.001518,0.006654,0.013289,0.004720,0.006278
-0.013782,0.003107,-0.001009,-0.000902,-0.002514,0.011448,-0.006941,0.028694,-0.037110,0.043344,0.009713,0.116423,-0.043511,-0.013687,-0.030705,0.005181,-0.010130,-0.001333,0.000000,0.119872,0.051219,0.000000,0.021088,-0.037971,0.001290,0.000355,0.013745,-0.004500,0.006949
-0.003011,0.004578,-0.001135,-0.003768,-0.022650,0.006540,0.000598,-0.030907,-0.034688,0.027722,0.034532,0.130223,-0.064044,-0.028014,-0.006255,0.001380,0.006588,-0.014560,0.000000,0.117173,0.041063,0.000000,0.038173,-0.059000,0.006905,-0.012243,0.014658,-0.022939,0.008292
-0.010279,0.017059,-0.010986,-0.004509,-0.002449,0.003566,-0.018492,-0.001247,-0.030611,0.022960,-0.009573,0.130759,-0.045023,-0.009830,0.008972,-0.010722,0.011797,-0.021809,0.000000,0.109935,0.039039,0.000000,0.031197,-0.006738,-0.001521,-0.002421,0.007034,-0.024832,0.017880
-0.013914,0.023300,-0.015911,-0.004880,0.007651,0.002079,-0.028037,0.013583,-0.028573,0.020580,-0.031625,0.131028,-0.035512,-0.000739,0.016586,-0.016773,0.014402,-0.025434,0.000000,0.106316,0.038027,0.000000,0.027709,0.019393,-0.005734,0.002490,0.003222,-0.025778,0.022675
-0.014910,0.019377,0.013578,-0.068300,-0.003676,0.012204,-0.072287,0.011662,-0.068921,-0.062397,-0.040302,0.103673,0.012360,0.033279,-0.020103,-0.021966,-0.042136,-0.052037,0.000000,0.082844,0.021472,0.000000,0.067538,0.019019,-0.080065,-0.013757,0.030019,-0.038153,0.048490
-0.022454,0.010036,0.007911,-0.057567,-0.004312,0.009439,-0.059693,0.013558,-0.062198,-0.034450,-0.033402,0.101614,0.003387,0.015914,-0.017984,-0.016060,-0.026870,-0.041929,0.000000,0.091555,0.028504,0.000000,0.040478,0.003038,-0.054567,-0.001223,0.021753,-0.033101,0.035831
-0.037544,-0.008646,-0.003422,-0.036103,-0.005584,0.003910,-0.034503,0.017350,-0.048753,0.021443,-0.019600,0.097497,-0.014559,-0.018815,-0.013745,-0.004249,0.003662,-0.021712,0.000000,0.108976,0.042568,0.000000,-0.013644,-0.028922,-0.003572,0.023845,0.005220,-0.022996,0.010514
-0.032970,-0.000331,-0.011422,-0.011350,0.011125,0.006492,-0.021176,0.027413,-0.037397,0.035776,-0.009545,0.097373,0.000838,-0.009186,-0.004535,-0.004220,-0.024173,-0.011744,0.000000,0.080931,0.007039,0.000000,0.001942,0.023592,-0.003563,0.013446,0.004872,-0.015245,0.018644
-0.030683,0.003827,-0.015422,0.001026,0.019480,0.007783,-0.014513,0.032445,-0.031718,0.042942,-0.004517,0.097311,0.008537,-0.004371,0.000070,-0.004206,-0.038091,-0.006760,0.000000,0.066909,-0.010725,0.000000,0.009735,0.049849,-0.003558,0.008247,0.004698,-0.011370,0.022709
-0.016961,0.019922,-0.015999,-0.016665,0.000308,0.016621,-0.021580,-0.023227,-0.032768,-0.003558,0.004850,0.083145,0.013770,0.011259,0.004366,0.001395,0.014337,-0.016071,0.000000,0.096238,0.026675,0.000000,-0.006022,-0.022005,-0.029555,-0.018796,0.003879,0.023831,-0.009323
-0.016440,0.017303,-0.013499,-0.013687,-0.001189,0.022127,-0.015625,-0.018857,-0.037044,0.002099,-0.002933,0.081439,0.017397,0.006499,0.007196,0.003388,-0.000221,-0.010513,0.000000,0.082443,0.011603,0.000000,0.003774,-0.004133,-0.029131,-0.017804,0.004075,0.024795,-0.010069
-0.015399,0.012067,-0.008497,-0.007730,-0.004182,0.033139,-0.003716,-0.010116,-0.045597,0.013415,-0.018500,0.078027,0.024650,-0.003021,0.012855,0.007374,-0.029336,0.000604,0.000000,0.054853,-0.018543,0.000000,0.023367,0.031611,-0.028283,-0.015822,0.004466,0.026722,-0.011561
-0.005206,-0.001071,-0.008582,0.023481,0.010042,0.017318,0.013295,0.033447,-0.036053,0.026755,-0.012714,0.080173,0.012318,0.000089,0.023624,-0.008118,-0.008055,0.001851,0.000000,0.061867,-0.012885,0.000000,-0.000856,0.026920,-0.015537,-0.009387,0.001675,0.000062,0.017183
-0.000109,-0.007641,-0.008624,0.039087,0.017155,0.009407,0.021801,0.055228,-0.031282,0.033426,-0.009821,0.081246,0.006153,0.001644,0.029009,-0.015864,0.002586,0.002475,0.000000,0.065374,-0.010056,0.000000,-0.012968,0.024574,-0.009164,-0.006170,0.000280,-0.013268,0.031556
0.011008,0.019379,0.004401,0.004057,0.006374,0.024721,0.027429,-0.013255,-0.031784,-0.004351,-0.007216,0.066050,0.014772,0.017174,0.023140,0.016916,-0.007582,-0.005969,0.000000,0.063608,-0.001899,0.000000,0.015160,0.013302,-0.050856,-0.020809,0.008795,-0.009999,0.010507
-0.001209,0.005966,-0.000833,0.017686,-0.001352,0.023521,0.023499,-0.007097,-0.025379,0.012701,0.000861,0.066168,0.010245,-0.002468,0.026132,0.014224,0.000693,0.008127,0.000000,0.065783,-0.000113,0.000000,-0.000166,0.006641,-0.025033,-0.012833,0.007004,-0.010948,0.023421
-0.025644,-0.020859,-0.011300,0.044945,-0.016803,0.021119,0.015638,0.005220,-0.012569,0.046803,0.017015,0.066404,0.001191,-0.041752,0.032115,0.008841,0.017241,0.036319,0.000000,0.070134,0.003458,0.000000,-0.030817,-0.006681,0.026612,0.003121,0.003420,-0.012846,0.049249
-0.046299,-0.032961,-0.008353,0.021300,-0.017551,0.026112,-0.022143,0.011007,-0.001518,0.055633,0.028007,0.057743,-0.002214,-0.046036,0.021135,0.012908,-0.002791,0.022635,0.000000,0.060934,-0.013303,0.000000,-0.030540,-0.029036,0.051963,0.024117,0.021832,-0.016704,0.025216
-0.056627,-0.039012,-0.006879,0.009477,-0.017924,0.028608,-0.041033,0.013901,0.004008,0.060048,0.033503,0.053412,-0.003916,-0.048178,0.015644,0.014942,-0.012807,0.015793,0.000000,0.056334,-0.021683,0.000000,-0.030402,-0.040213,0.064638,0.034615,0.031038,-0.018633,0.013200
0.027600,0.033707,-0.010155,0.006207,0.043465,0.047397,0.002469,0.028396,-0.032343,-0.046016,-0.003626,0.061905,0.066032,0.039756,-0.033668,-0.023367,0.009695,-0.040525,0.000000,0.021651,-0.001452,0.000000,0.018522,0.019229,-0.061907,-0.078634,-0.031879,-0.013172,0.020343
0.012888,0.017308,-0.005696,0.005676,0.025033,0.043523,0.005762,0.016893,-0.024429,-0.028176,-0.000407,0.056907,0.049754,0.021747,-0.010953,-0.007303,0.016984,-0.026457,0.000000,0.033162,0.004367,0.000000,0.012782,-0.011898,-0.035119,-0.058489,-0.017050,-0.012971,0.018810
-0.016535,-0.015488,0.003221,0.004615,-0.011831,0.035774,0.012347,-0.006113,-0.008601,0.007505,0.006030,0.046910,0.017198,-0.014272,0.034478,0.024827,0.031561,0.001679,0.000000,0.056183,0.016004,0.000000,0.001302,-0.074151,0.018456,-0.018199,0.012609,-0.012569,0.015743
-0.035058,-0.034396,0.010306,-0.000779,0.002253,0.024362,-0.023294,0.012695,-0.000303,0.027893,0.031294,0.047232,0.000595,0.003488,-0.002587,0.033357,0.015484,-0.000259,0.000000,0.058243,0.014049,0.000000,-0.001431,-0.006134,0.015625,0.011956,0.022850,-0.034348,0.070362
-0.044319,-0.043851,0.013849,-0.003476,0.009295,0.018656,-0.041115,0.022100,0.003847,0.038087,0.043926,0.047393,-0.007707,0.012368,-0.021120,0.037622,0.007446,-0.001228,0.000000,0.059273,0.013071,0.000000,-0.002797,0.027874,0.014209,0.027034,0.027971,-0.045238,0.097671
-0.007072,-0.008848,-0.010285,0.025855,0.007456,0.045782,0.018823,0.007227,-0.019447,0.017585,0.008973,0.020975,0.038377,-0.020143,0.015518,0.004871,-0.004681,0.011414,0.000000,0.034393,-0.018246,0.000000,0.011644,-0.064284,0.031159,-0.019868,-0.003423,0.055481,-0.063040
-0.012704,-0.012320,-0.008022,0.028694,-0.002765,0.041071,0.016855,-0.003260,-0.007341,0.032027,0.019404,0.024954,0.031689,-0.024251,0.011445,0.012016,0.002750,0.013774,0.000000,0.035510,-0.009488,0.000000,-0.005648,-0.048936,0.023645,-0.024212,-0.007174,0.054135,-0.054676
-0.023968,-0.019264,-0.003495,0.034373,-0.023206,0.031650,0.012918,-0.024233,0.016871,0.060913,0.040264,0.032912,0.018314,-0.032466,0.003298,0.026307,0.017613,0.018496,0.000000,0.037744,0.008029,0.000000,-0.040233,-0.018239,0.008618,-0.032900,-0.014676,0.051445,-0.037947
-0.064099,-0.031574,-0.009937,0.012574,-0.014968,0.041476,-0.023403,-0.016589,0.004971,0.034692,0.021005,0.023729,0.026629,-0.014880,-0.004523,0.012336,-0.000263,-0.004136,0.000000,0.031848,-0.000767,0.000000,-0.030313,-0.028891,0.012320,0.010987,0.002666,0.000649,0.009882
-0.084164,-0.037730,-0.013158,0.001674,-0.010849,0.046390,-0.041564,-0.012767,-0.000979,0.021581,0.011375,0.019137,0.030786,-0.006086,-0.008433,0.005350,-0.009202,-0.015453,0.000000,0.028900,-0.005164,0.000000,-0.025352,-0.034217,0.014171,0.032931,0.011337,-0.024749,0.033797
-0.048455,-0.015700,0.014972,-0.006019,-0.008602,0.033619,-0.063369,-0.012479,0.010274,0.055017,0.019002,0.018661,0.034066,-0.016448,0.018202,0.010707,0.035913,-0.002906,0.000000,0.033098,0.041871,0.000000,-0.037973,0.024195,-0.002718,0.002399,0.011745,-0.023539,0.067630
-0.047965,-0.022780,0.009744,0.002326,-0.006250,0.034913,-0.038109,-0.000560,-0.006244,0.048121,0.010675,0.011344,0.037475,-0.020944,0.018669,0.010769,0.023016,0.004364,0.000000,0.023721,0.023730,0.000000,-0.031394,0.020462,0.000208,0.003077,0.014063,-0.013762,0.066961
-0.046985,-0.036942,-0.000713,0.019017,-0.001546,0.037500,0.012412,0.023278,-0.039282,0.034327,-0.005980,-0.003290,0.044292,-0.029936,0.019601,0.010893,-0.002779,0.018902,0.000000,0.004967,-0.012553,0.000000,-0.018235,0.012995,0.006061,0.004433,0.018699,0.005793,0.065623
-0.036901,-0.048979,-0.008114,0.060119,-0.013662,0.025800,0.043879,0.016794,0.010969,0.075746,0.024620,0.010209,0.014601,-0.034590,0.018913,-0.001147,0.029997,0.044131,0.000000,0.012726,-0.012853,0.000000,-0.028723,-0.016637,0.068726,0.029925,0.008240,0.007004,0.040236
-0.031859,-0.054998,-0.011814,0.080670,-0.019720,0.019950,0.059613,0.013552,0.036094,0.096456,0.039920,0.016959,-0.000245,-0.036917,0.018569,-0.007167,0.046384,0.056745,0.000000,0.016605,-0.013003,0.000000,-0.033967,-0.031452,0.100058,0.042671,0.003011,0.007609,0.027543
-0.050054,0.015430,0.004109,-0.001062,0.013250,0.059130,-0.025222,0.021707,-0.060449,0.001488,-0.030951,-0.048527,0.093026,-0.004123,-0.000064,0.035462,-0.054957,-0.009253,0.000000,-0.018257,-0.022527,0.000000,0.018032,0.036179,-0.061076,-0.038280,0.010177,0.023216,0.009105
-0.054473,0.005307,0.004522,0.000882,0.004253,0.040964,-0.023096,0.001634,-0.043825,0.022044,-0.024716,-0.036864,0.074620,-0.019627,0.016548,0.032732,-0.030451,-0.003496,0.000000,-0.013670,-0.017749,0.000000,-0.004293,0.018690,-0.041063,-0.023746,0.008089,0.003294,0.019113
-0.063311,-0.014941,0.005347,0.004771,-0.013741,0.004630,-0.018844,-0.038511,-0.010579,0.063155,-0.012245,-0.013540,0.037808,-0.050636,0.049772,0.027273,0.018561,0.008017,0.000000,-0.004495,-0.008193,0.000000,-0.048941,-0.016289,-0.001036,0.005322,0.003913,-0.036549,0.039130
-0.035727,-0.004985,-0.002892,0.011992,0.003836,0.024817,0.007613,-0.014093,-0.035237,0.032452,-0.002049,-0.037608,0.084097,-0.010105,-0.004577,0.018904,-0.020287,-0.008131,0.000000,-0.029899,-0.030712,0.000000,-0.012895,-0.013227,-0.029661,-0.020780,-0.001045,-0.001893,0.013362
-0.021935,-0.000007,-0.007011,0.015603,0.012624,0.034910,0.020842,-0.001884,-0.047566,0.017100,0.003050,-0.049642,0.107242,0.010160,-0.031752,0.014720,-0.039711,-0.016205,0.000000,-0.042601,-0.041971,0.000000,0.005128,-0.011696,-0.043973,-0.033832,-0.003525,0.015434,0.000478
-0.039681,-0.007284,-0.008354,0.011612,0.015965,0.003107,-0.029501,0.035058,0.013271,0.032968,0.024313,-0.019716,0.040260,0.038649,-0.056832,0.039182,0.034178,-0.028872,0.000000,-0.007038,-0.001874,0.000000,-0.009356,-0.010735,0.001996,-0.002047,-0.005444,-0.058544,0.045385
-0.041700,-0.001716,-0.005004,0.008785,0.014885,0.011287,-0.022176,0.014184,-0.007232,0.037606,0.011872,-0.030408,0.052019,0.025452,-0.036518,0.035667,0.011579,-0.019601,0.000000,-0.021034,-0.022395,0.000000,-0.007811,-0.002165,-0.001156,-0.008282,-0.001729,-0.035728,0.035799
-0.045739,0.009420,0.001696,0.003129,0.012727,0.027647,-0.007526,-0.027566,-0.048238,0.046883,-0.013012,-0.051792,0.075538,-0.000941,0.004110,0.028639,-0.033621,-0.001060,0.000000,-0.049027,-0.063436,0.000000,-0.004721,0.014976,-0.007461,-0.020752,0.005701,0.009904,0.016626
-0.046616,-0.000083,0.004826,0.015880,-0.000427,0.020759,0.001710,-0.000885,-0.038906,0.036882,-0.017240,-0.054178,0.074909,-0.004263,0.012541,0.032525,-0.034956,0.004517,0.000000,-0.050000,-0.061076,0.000000,0.013559,0.007166,-0.024051,-0.011383,0.008910,-0.006793,0.025155
-0.047055,-0.004835,0.006391,0.022255,-0.007004,0.017315,0.006328,0.012456,-0.034239,0.031881,-0.019353,-0.055372,0.074594,-0.005924,0.016757,0.034468,-0.035623,0.007305,0.000000,-0.050486,-0.059896,0.000000,0.022699,0.003262,-0.032346,-0.006698,0.010514,-0.015142,0.029419
-0.048162,0.001011,-0.020089,0.073226,-0.001553,0.005353,0.048353,-0.016490,-0.014714,0.132446,0.012719,-0.034200,0.045068,-0.032665,0.002376,0.008469,0.005125,0.020750,0.000000,-0.047064,-0.064609,0.000000,-0.011970,0.069675,0.014298,0.001894,-0.015004,0.026948,0.025095
-0.052667,-0.006130,-0.007148,0.051651,-0.001758,0.004431,0.023361,-0.002154,-0.015265,0.120436,0.010816,-0.039352,0.031437,-0.032718,-0.000061,0.017176,0.008756,0.021497,0.000000,-0.030589,-0.043900,0.000000,-0.002327,0.040028,0.012785,0.015160,-0.000950,-0.003789,0.053887
-0.061677,-0.020412,0.018733,0.008501,-0.002169,0.002586,-0.026625,0.026519,-0.016369,0.096416,0.007010,-0.049657,0.004174,-0.032824,-0.004935,0.034590,0.016018,0.022990,0.000000,0.002360,-0.002482,0.000000,0.016959,-0.019265,0.009760,0.041692,0.027158,-0.065262,0.111470
-0.074108,-0.008233,0.009825,0.033863,-0.016595,0.006793,-0.011854,-0.022669,-0.020101,0.099598,-0.000473,-0.055450,0.041249,-0.046491,-0.002199,0.031462,-0.022081,0.023216,0.000000,-0.029845,-0.034566,0.000000,0.020134,-0.010601,-0.008895,0.012522,0.009656,-0.005904,0.003613
-0.080323,-0.002143,0.005371,0.046543,-0.023808,0.008897,-0.004469,-0.047263,-0.021967,0.101189,-0.004215,-0.058347,0.059786,-0.053324,-0.000831,0.029898,-0.041131,0.023329,0.000000,-0.045948,-0.050608,0.000000,0.021722,-0.006269,-0.018222,-0.002063,0.000905,0.023776,-0.050315
-0.052952,-0.021090,0.015574,0.020120,-0.006516,0.002018,-0.030834,0.008022,-0.017888,0.066200,-0.010480,-0.042475,0.025619,-0.025894,0.057854,0.017209,-0.009749,0.000127,0.000000,-0.037143,-0.042500,0.000000,0.006391,0.009419,-0.015755,-0.001595,-0.008578,-0.006264,0.004064
-0.058346,-0.005017,0.009756,0.020782,-0.003363,0.005412,-0.021500,-0.001628,-0.019192,0.057231,-0.008984,-0.049363,0.038216,-0.020360,0.024675,0.023708,-0.012146,0.000925,0.000000,-0.034081,-0.032783,0.000000,0.007310,0.015497,-0.021064,0.002797,0.000457,-0.006396,0.012141
-0.069133,0.027127,-0.001881,0.022107,0.002942,0.012199,-0.002833,-0.020926,-0.021802,0.039293,-0.005993,-0.063139,0.063409,-0.009292,-0.041683,0.036707,-0.016941,0.002521,0.000000,-0.027956,-0.013347,0.000000,0.009148,0.027653,-0.031683,0.011582,0.018528,-0.006660,0.028296
-0.045651,0.006790,0.000641,0.043668,-0.008147,0.013263,0.021639,0.019462,-0.019087,0.059582,-0.012455,-0.053045,0.066373,-0.030226,-0.023385,0.002809,-0.027522,0.002309,0.000000,-0.060245,-0.041821,0.000000,0.029426,0.031034,-0.036652,0.005049,0.010492,-0.007008,0.018713
-0.033910,-0.003378,0.001902,0.054449,-0.013692,0.013795,0.033875,0.039656,-0.017730,0.069727,-0.015686,-0.047997,0.067855,-0.040693,-0.014235,-0.014141,-0.032812,0.002203,0.000000,-0.076389,-0.056058,0.000000,0.039564,0.032725,-0.039137,0.001782,0.006474,-0.007182,0.013921
-0.054134,0.011637,0.017397,-0.003515,-0.002421,-0.014747,-0.052944,-0.031355,0.004446,0.062229,0.002365,-0.044696,0.001134,0.003342,0.030055,0.047064,0.025481,-0.008943,0.000000,-0.019791,0.000347,0.000000,0.008583,0.008802,-0.013264,-0.012179,0.006059,-0.021727,0.027359
-0.055792,0.012028,0.021591,-0.002671,-0.005609,-0.014320,-0.061166,-0.027439,0.001568,0.063857,0.000615,-0.049603,0.001851,-0.007399,0.025490,0.050218,0.019906,-0.001403,0.000000,-0.018891,-0.000247,0.000000,0.005846,0.018279,-0.014317,-0.002811,0.010615,-0.022286,0.032492
-0.059109,0.012810,0.029979,-0.000983,-0.011984,-0.013464,-0.077610,-0.019606,-0.004187,0.067112,-0.002886,-0.059416,0.003287,-0.028883,0.016360,0.056527,0.008755,0.013676,0.000000,-0.017091,-0.001434,0.000000,0.000372,0.037235,-0.016424,0.015925,0.019727,-0.023403,0.042759
-0.041969,0.006143,0.013218,0.008384,-0.002750,-0.008709,-0.022907,-0.003615,-0.011521,0.038064,-0.001849,-0.060689,0.027018,-0.009047,-0.015625,0.040576,0.000403,0.000128,0.000000,-0.030264,-0.010043,0.000000,0.021060,0.011138,-0.020869,-0.005151,0.006525,0.000158,0.008146
-0.033399,0.002810,0.004837,0.013068,0.001867,-0.006332,0.004444,0.004381,-0.015187,0.023539,-0.001331,-0.061326,0.038883,0.000870,-0.031617,0.032601,-0.003773,-0.006646,0.000000,-0.036850,-0.014348,0.000000,0.031403,-0.001910,-0.023091,-0.015689,-0.000076,0.011938,-0.009160
-0.040702,-0.009193,0.004713,-0.002366,-0.001126,0.001228,-0.023453,-0.020991,-0.010686,0.004629,0.011422,-0.039303,0.004748,-0.010359,-0.024733,0.016401,0.031378,-0.018849,0.000000,-0.028331,-0.006484,0.000000,0.016240,-0.009927,0.020143,0.017721,-0.004815,-0.025400,-0.016039
-0.038266,-0.004216,0.007682,0.010502,-0.002732,-0.001530,-0.005201,-0.011295,-0.005378,0.030196,0.002501,-0.035709,-0.003247,-0.016227,-0.007013,0.020711,0.022777,-0.000503,0.000000,-0.027791,-0.004930,0.000000,0.001976,0.011536,0.015544,0.017963,-0.003719,-0.024491,-0.002544
-0.033394,0.005739,0.013620,0.036237,-0.005944,-0.007045,0.031304,0.008098,0.005239,0.081330,-0.015342,-0.028521,-0.019235,-0.027962,0.028426,0.029333,0.005575,0.036187,0.000000,-0.026711,-0.001824,0.000000,-0.026550,0.054462,0.006345,0.018448,-0.001527,-0.022673,0.024444
-0.030295,0.023200,0.001230,0.023686,-0.007254,-0.010196,0.009284,-0.006288,0.010167,0.070511,-0.031393,-0.024799,-0.010335,-0.031632,0.013651,0.020092,0.014600,0.024374,0.000000,-0.027083,0.002005,0.000000,-0.015934,0.034879,-0.006510,0.022544,-0.000738,-0.014759,0.013319
-0.028746,0.031931,-0.004965,0.017411,-0.007909,-0.011771,-0.001726,-0.013481,0.012632,0.065101,-0.039418,-0.022938,-0.005885,-0.033467,0.006263,0.015471,0.019112,0.018467,0.000000,-0.027269,0.003920,0.000000,-0.010625,0.025087,-0.012938,0.024592,-0.000343,-0.010801,0.007757
0.029717,0.043576,0.013280,0.000327,0.008391,-0.007692,0.041572,0.012439,-0.004715,0.035611,0.023763,-0.023689,-0.028399,0.054669,-0.055932,0.032437,0.018561,-0.001523,0.000000,-0.014513,0.005540,0.000000,0.056577,0.072232,-0.021052,-0.026895,-0.012865,0.012646,-0.035849
-0.000003,0.027821,0.007935,0.012149,0.007553,-0.003552,0.023135,0.022106,-0.004666,0.040734,0.022352,-0.029576,-0.016951,0.027438,-0.043342,0.025668,0.011190,0.001528,0.000000,-0.016061,0.003853,0.000000,0.030234,0.044552,-0.006814,-0.013049,-0.014157,-0.000600,-0.026020
-0.059443,-0.003691,-0.002755,0.035793,0.005878,0.004728,-0.013739,0.041441,-0.004568,0.050980,0.019532,-0.041349,0.005946,-0.027024,-0.018160,0.012131,-0.003551,0.007629,0.000000,-0.019158,0.000479,0.000000,-0.022452,-0.010808,0.021663,0.014642,-0.016741,-0.027093,-0.006362
-0.039391,0.003414,-0.008466,0.040275,-0.006421,0.000403,-0.026313,0.010149,0.021768,0.082972,0.029369,-0.026810,-0.010718,-0.028216,-0.023809,0.004845,0.015329,0.012316,0.000000,-0.019680,0.002527,0.000000,-0.040860,-0.002503,0.037991,0.021317,-0.010291,-0.004006,-0.015666
-0.029365,0.006967,-0.011322,0.042517,-0.012571,-0.001759,-0.032600,-0.005498,0.034936,0.098968,0.034287,-0.019541,-0.019049,-0.028812,-0.026633,0.001202,0.024769,0.014660,0.000000,-0.019941,0.003551,0.000000,-0.050064,0.001649,0.046155,0.024655,-0.007065,0.007537,-0.020317
-0.055557,-0.006050,0.008792,0.012914,-0.009221,0.006196,-0.033180,0.001083,-0.021991,0.037492,-0.006165,-0.046245,0.010822,-0.013853,0.010655,-0.008755,-0.008411,0.005170,0.000000,-0.024877,-0.001037,0.000000,-0.019798,-0.026494,-0.013712,0.005272,0.012753,0.016081,0.003870
-0.043427,0.011174,0.008729,0.003828,-0.002956,0.010426,-0.033652,-0.004584,-0.028677,0.031452,-0.022389,-0.048554,0.024863,-0.013485,0.009967,-0.003471,-0.008759,-0.002234,0.000000,-0.032696,-0.001507,0.000000,-0.005554,-0.019392,-0.037352,-0.005786,0.012105,0.019663,0.000927
-0.019165,0.045621,0.008604,-0.014344,0.009575,0.018887,-0.034595,-0.015917,-0.042051,0.019373,-0.054838,-0.053172,0.052947,-0.012748,0.008591,0.007095,-0.009456,-0.017041,0.000000,-0.048333,-0.002446,0.000000,0.022935,-0.005188,-0.084632,-0.027902,0.010811,0.026828,-0.004960
-0.061779,0.000975,-0.002554,0.019823,-0.001722,0.013265,-0.034746,0.015317,-0.008857,0.064229,-0.001815,-0.052025,0.037078,-0.016467,-0.009987,0.004101,0.012560,0.011250,0.000000,-0.041767,-0.010622,0.000000,-0.011460,-0.014718,0.009464,0.005894,0.010447,0.020508,0.000730
-0.083086,-0.021348,-0.008133,0.036907,-0.007370,0.010454,-0.034821,0.030935,0.007739,0.086657,0.024696,-0.051452,0.029143,-0.018327,-0.019276,0.002604,0.023568,0.025396,0.000000,-0.038484,-0.014709,0.000000,-0.028657,-0.019484,0.056513,0.022791,0.010265,0.017347,0.003575
-0.039945,0.026652,0.004110,0.018733,-0.005178,0.021265,-0.035544,-0.000031,-0.006602,0.064816,-0.011165,-0.071551,0.063225,-0.033299,-0.021195,0.009649,-0.011201,0.013405,0.000000,-0.062156,-0.031968,0.000000,-0.033717,0.014638,0.006232,0.000222,0.004185,-0.006797,0.000530
-0.050113,0.010675,0.005236,0.025060,-0.003926,0.017356,-0.027778,0.006113,-0.000871,0.065145,-0.005620,-0.066372,0.049831,-0.031191,-0.010984,0.011265,-0.002207,0.018326,0.000000,-0.056869,-0.028218,0.000000,-0.034665,0.013055,0.011918,0.004030,0.003073,-0.002806,0.004538
-0.070447,-0.021280,0.007489,0.037715,-0.001422,0.009538,-0.012246,0.018403,0.010591,0.065802,0.005470,-0.056015,0.023042,-0.026976,0.009438,0.014498,0.015782,0.028169,0.000000,-0.046295,-0.020717,0.000000,-0.036560,0.009889,0.023290,0.011645,0.000848,0.005175,0.012554
-0.001025,0.050588,0.007009,-0.006421,-0.001392,-0.013164,0.040095,-0.038878,-0.023338,0.004609,-0.049458,-0.060974,0.060053,-0.026904,-0.011538,0.041573,0.027593,0.019442,0.000000,-0.067285,0.013255,0.000000,-0.035287,0.012913,-0.005127,-0.000363,-0.001269,0.017042,0.031330
0.033687,0.086523,0.006769,-0.028489,-0.001377,-0.024515,0.066266,-0.067518,-0.040303,-0.025987,-0.076922,-0.063454,0.078558,-0.026869,-0.022026,0.055110,0.033499,0.015078,0.000000,-0.077780,0.030241,0.000000,-0.034651,0.014425,-0.019335,-0.006367,-0.002327,0.022976,0.040718
-0.111383,-0.070064,0.018480,0.037905,-0.004606,0.023544,-0.139864,0.072106,0.012304,0.102591,0.064172,-0.050225,-0.039350,-0.010766,0.031114,-0.003955,0.040534,-0.026090,0.000000,-0.023857,-0.020803,0.000000,-0.034028,0.018825,0.029456,0.003372,0.003265,0.032948,-0.046040
-0.071140,-0.018821,0.018904,0.006744,-0.001136,0.003971,-0.090636,0.021891,-0.003139,0.069119,0.021040,-0.052224,-0.017478,-0.022934,0.008139,0.019727,0.048759,-0.010641,0.000000,-0.028976,0.007623,0.000000,-0.040241,-0.002357,0.022075,0.008653,0.004756,0.018548,-0.015219
0.009347,0.083665,0.019751,-0.055579,0.005804,-0.035173,0.007820,-0.078539,-0.034025,0.002176,-0.065222,-0.056223,0.026266,-0.047270,-0.037812,0.067091,0.065210,0.020257,0.000000,-0.039214,0.064477,0.000000,-0.052668,-0.044722,0.007311,0.019213,0.007737,-0.010252,0.046422
-0.097916,-0.019340,0.012584,-0.002084,-0.003633,0.009424,-0.092579,0.007197,-0.000744,0.064159,0.020539,-0.062772,0.014830,-0.038031,0.005497,0.027556,0.026152,0.013451,0.000000,-0.034496,0.025736,0.000000,-0.081142,-0.027774,0.003986,0.021000,0.023357,-0.027239,0.053443
-0.151547,-0.070843,0.009000,0.024664,-0.008352,0.031722,-0.142778,0.050065,0.015896,0.095150,0.063419,-0.066047,0.009112,-0.033411,0.027152,0.007789,0.006623,0.010048,0.000000,-0.032136,0.006366,0.000000,-0.095379,-0.019299,0.002324,0.021893,0.031167,-0.035732,0.056954
-0.056047,0.008672,0.008914,-0.024549,-0.018935,0.001821,-0.055836,-0.023147,0.024294,0.066431,0.009166,-0.047282,-0.013871,-0.040402,-0.002434,0.034275,0.046806,0.028369,0.000000,-0.022770,0.040308,0.000000,-0.110217,0.015322,0.010447,0.023714,0.022517,-0.072921,0.053787
-0.044081,0.005079,0.005277,0.004233,-0.012934,-0.000703,-0.031590,-0.019724,0.025086,0.068547,0.013313,-0.037369,-0.015228,-0.032351,0.003020,0.022397,0.054481,0.024697,0.000000,-0.023855,0.045469,0.000000,-0.099286,0.006344,0.008345,0.013821,0.013005,-0.042631,0.040292
-0.020147,-0.002107,-0.001997,0.061796,-0.000932,-0.005752,0.016904,-0.012877,0.026671,0.072777,0.021608,-0.017542,-0.017942,-0.016248,0.013928,-0.001359,0.069830,0.017353,0.000000,-0.026025,0.055790,0.000000,-0.077423,-0.011610,0.004140,-0.005964,-0.006021,0.017950,0.013301
-0.027567,-0.007761,0.005249,0.020797,-0.017141,-0.009492,0.001743,-0.016164,0.015327,0.054293,0.019835,-0.026735,-0.020798,-0.014460,0.010127,0.010300,0.046461,0.014852,0.000000,-0.020572,0.054259,0.000000,-0.062560,-0.008682,-0.006546,0.003620,0.000691,0.002635,-0.008281
-0.031276,-0.010587,0.008872,0.000297,-0.025245,-0.011362,-0.005838,-0.017807,0.009656,0.045050,0.018949,-0.031332,-0.022227,-0.013565,0.008226,0.016129,0.034776,0.013601,0.000000,-0.017846,0.053494,0.000000,-0.055128,-0.007218,-0.011889,0.008413,0.004047,-0.005022,-0.019072
-0.048006,0.001310,0.002244,-0.011628,0.030363,0.006281,-0.029609,0.015004,-0.026146,-0.004597,-0.032472,-0.035924,0.014863,-0.017760,0.004839,0.009584,0.012449,0.004952,0.000000,-0.037780,0.047990,0.000000,-0.056012,0.025621,-0.047480,0.001033,0.002353,0.006991,0.025487
-0.036781,0.003969,0.005364,-0.011680,0.020755,-0.001568,-0.030417,0.020053,-0.018226,0.005958,-0.026951,-0.028775,-0.004122,-0.009361,0.001554,0.020530,0.018425,0.005562,0.000000,-0.030507,0.050963,0.000000,-0.052080,0.021355,-0.025945,0.003207,0.002354,0.004763,0.020880
-0.014332,0.009287,0.011605,-0.011784,0.001540,-0.017265,-0.032035,0.030150,-0.002385,0.027069,-0.015909,-0.014477,-0.042093,0.007439,-0.005016,0.042422,0.030377,0.006782,0.000000,-0.015961,0.056909,0.000000,-0.044217,0.012823,0.017125,0.007554,0.002356,0.000306,0.011667
-0.007772,-0.001555,-0.006021,0.025276,-0.008610,-0.010014,0.013732,0.020520,0.015899,0.046836,0.007740,-0.008888,-0.026410,-0.007682,0.003847,0.001986,0.034392,0.006374,0.000000,-0.030659,0.043257,0.000000,-0.038970,0.025530,0.021701,0.010820,-0.008802,-0.003832,0.008321
-0.004492,-0.006977,-0.014835,0.043806,-0.013685,-0.006388,0.036615,0.015705,0.025040,0.056720,0.019564,-0.006094,-0.018568,-0.015243,0.008278,-0.018232,0.036399,0.006170,0.000000,-0.038009,0.036432,0.000000,-0.036346,0.031884,0.023988,0.012452,-0.014382,-0.005900,0.006647
0.011671,-0.000393,-0.020933,0.039398,-0.005681,-0.017055,0.035530,0.005524,0.041426,0.089182,0.012389,-0.006455,-0.044401,-0.044913,0.002395,-0.012853,0.019362,0.016928,0.000000,-0.013411,0.026554,0.000000,-0.041560,0.005825,0.029629,0.016701,-0.016088,0.010490,-0.011478
-0.000656,-0.000302,-0.014794,0.039642,-0.001987,-0.013009,0.029160,0.004769,0.028221,0.075856,0.012691,-0.003173,-0.051987,-0.036928,0.003096,-0.010283,0.024428,0.017246,0.000000,-0.006510,0.035392,0.000000,-0.037962,0.004956,0.020151,0.014186,-0.011295,0.010356,-0.002180
-0.025309,-0.000119,-0.002516,0.040129,0.005400,-0.004916,0.016420,0.003260,0.001810,0.049204,0.013295,0.003390,-0.067157,-0.020958,0.004497,-0.005143,0.034561,0.017883,0.000000,0.007292,0.053068,0.000000,-0.030767,0.003220,0.001195,0.009157,-0.001709,0.010087,0.016415
0.035080,0.061135,0.003402,-0.013424,0.010030,-0.022715,0.039580,-0.020362,-0.051119,-0.024604,-0.066491,-0.015745,-0.003256,-0.030181,0.004362,0.021265,0.026217,0.011356,0.000000,-0.039841,0.049561,0.000000,0.003873,0.004810,-0.028686,-0.003732,0.007042,0.007122,0.019680
0.065274,0.091763,0.006362,-0.040201,0.012345,-0.031615,0.051160,-0.032173,-0.077583,-0.061508,-0.106384,-0.025313,0.028694,-0.034793,0.004295,0.034468,0.022044,0.008093,0.000000,-0.063407,0.047808,0.000000,0.021193,0.005606,-0.043627,-0.010177,0.011418,0.005640,0.021313
-0.084003,-0.066479,-0.003702,0.016154,-0.007267,0.006740,-0.070334,0.064420,-0.007661,0.055924,0.037570,-0.005579,-0.042198,0.014840,0.032369,-0.022566,-0.012302,-0.020299,0.000000,-0.010371,0.013669,0.000000,0.009348,0.048924,-0.047578,-0.009300,-0.003278,-0.003347,-0.010226
-0.053530,-0.041758,-0.003521,0.010544,-0.007522,0.000805,-0.051637,0.045587,0.004905,0.052754,0.034581,-0.002025,-0.048696,0.006106,0.020080,-0.011380,-0.007068,-0.016142,0.000000,-0.003852,0.018985,0.000000,0.003839,0.032630,-0.028641,-0.008319,-0.001623,-0.014329,-0.010210
0.007415,0.007685,-0.003158,-0.000676,-0.008032,-0.011066,-0.014243,0.007921,0.030038,0.046413,0.028603,0.005082,-0.061693,-0.011361,-0.004498,0.010993,0.003401,-0.007828,0.000000,0.009187,0.029619,0.000000,-0.007181,0.000043,0.009233,-0.006356,0.001686,-0.036292,-0.010177
0.002589,0.005969,-0.010555,-0.005075,-0.004995,0.000590,0.023287,0.007903,-0.001665,0.020722,-0.005061,-0.001553,-0.039486,-0.017228,-0.014900,-0.003154,-0.000988,-0.001495,0.000000,0.003031,0.020123,0.000000,0.008152,-0.006820,-0.001004,0.001354,-0.006202,-0.001913,-0.035854
0.000175,0.005110,-0.014254,-0.007274,-0.003476,0.006418,0.042052,0.007894,-0.017516,0.007877,-0.021893,-0.004871,-0.028383,-0.020161,-0.020100,-0.010228,-0.003183,0.001672,0.000000,-0.000046,0.015374,0.000000,0.015818,-0.010252,-0.006123,0.005209,-0.010146,0.015276,-0.048693
-0.031645,-0.025606,-0.022932,0.002908,-0.019047,-0.004537,-0.004484,-0.006668,0.001004,0.075595,0.023047,0.002725,-0.023367,-0.026408,-0.019811,-0.001867,-0.015231,0.021762,0.000000,0.004942,0.019455,0.000000,-0.024029,0.001606,-0.001386,0.018175,-0.000854,0.004562,0.027695
-0.025778,-0.024590,-0.016179,0.001801,-0.015416,-0.005495,-0.004920,0.004646,-0.009572,0.061800,0.014253,0.005746,-0.026137,-0.031764,-0.015655,-0.009358,-0.013825,0.010881,0.000000,0.002583,0.011582,0.000000,-0.005355,-0.000255,-0.000358,0.014869,0.000864,0.000365,0.017719
-0.014046,-0.022556,-0.002674,-0.000413,-0.008152,-0.007412,-0.005793,0.027274,-0.030723,0.034211,-0.003336,0.011787,-0.031675,-0.042475,-0.007343,-0.024340,-0.011011,-0.010880,0.000000,-0.002135,-0.004163,0.000000,0.031993,-0.003975,0.001698,0.008256,0.004300,-0.008028,-0.002234
-0.031345,-0.010791,-0.000221,-0.019543,-0.028942,-0.010660,-0.027699,-0.012788,-0.000275,0.063287,0.006702,0.015678,-0.042616,-0.045954,-0.004764,0.007060,-0.002857,0.007095,0.000000,0.017422,0.021679,0.000000,-0.016754,-0.014966,0.013367,0.019811,0.007683,-0.019707,0.012791
-0.039995,-0.004909,0.001006,-0.029107,-0.039337,-0.012285,-0.038652,-0.032819,0.014949,0.077825,0.011721,0.017624,-0.048087,-0.047693,-0.003474,0.022759,0.001220,0.016083,0.000000,0.027201,0.034600,0.000000,-0.041127,-0.020461,0.019201,0.025588,0.009375,-0.025546,0.020303
-0.003238,-0.020805,-0.015783,0.050547,-0.012921,0.012747,0.042370,0.019830,-0.005784,0.063833,0.035104,0.009724,-0.006337,-0.016304,-0.011906,-0.001495,-0.001853,0.029384,0.000000,-0.003068,0.007099,0.000000,-0.007943,0.008250,0.003097,-0.035900,-0.020200,0.045527,-0.022545
-0.009984,-0.022949,-0.013265,0.040594,-0.008430,0.010748,0.032780,0.028569,0.007184,0.067458,0.028076,0.012687,-0.016904,-0.020151,-0.012762,-0.000732,0.001082,0.029287,0.000000,0.003624,0.009693,0.000000,-0.006745,0.003388,0.026099,-0.014385,-0.018678,0.031601,-0.019910
-0.023476,-0.027236,-0.008229,0.020689,0.000553,0.006750,0.013600,0.046047,0.033120,0.074708,0.014020,0.018615,-0.038037,-0.027845,-0.014474,0.000794,0.006952,0.029091,0.000000,0.017009,0.014881,0.000000,-0.004349,-0.006337,0.072104,0.028644,-0.015635,0.003748,-0.014640
0.016769,0.003580,-0.014797,0.014116,-0.020302,-0.000538,0.026449,0.033207,0.018740,0.041759,0.021342,0.036114,-0.026844,-0.020130,0.027797,-0.004652,0.026984,0.014884,0.000000,0.011809,0.022775,0.000000,-0.038972,0.015167,-0.009836,-0.039029,-0.017118,-0.029622,0.004387
0.036891,0.018989,-0.018081,0.010829,-0.030729,-0.004182,0.032874,0.026787,0.011550,0.025284,0.025003,0.044864,-0.021247,-0.016272,0.048932,-0.007374,0.037000,0.007781,0.000000,0.009209,0.026722,0.000000,-0.056283,0.025919,-0.050806,-0.072865,-0.017860,-0.046307,0.013901
-0.010849,-0.018158,-0.010865,0.044782,-0.010200,0.013913,0.030278,0.019247,0.010583,0.035489,0.011646,0.033839,-0.007524,-0.025263,-0.019159,-0.014420,0.007135,-0.004280,0.000000,0.004481,0.008054,0.000000,-0.009066,-0.017017,0.000722,-0.010261,-0.009331,-0.020876,-0.010671
-0.008783,-0.010221,-0.009888,0.017961,-0.018060,0.021423,0.010079,0.008993,-0.004391,0.012759,0.012891,0.012467,0.020840,-0.028469,-0.016087,-0.018487,-0.004290,-0.006663,0.000000,-0.004591,-0.003283,0.000000,-0.002416,-0.030554,-0.005513,-0.012956,0.001309,-0.014468,-0.021019
-0.004653,0.005653,-0.007935,-0.035681,-0.033780,0.036445,-0.030319,-0.011513,-0.034337,-0.032701,0.015380,-0.030277,0.077569,-0.034880,-0.009943,-0.026622,-0.027140,-0.011430,0.000000,-0.022734,-0.025957,0.000000,0.010883,-0.057626,-0.017982,-0.018346,0.022589,-0.001651,-0.041716
-0.008527,-0.006754,0.001505,-0.021389,-0.024300,0.027435,-0.011508,-0.014915,-0.010602,0.001571,0.013659,-0.018384,0.048299,-0.021158,-0.021662,-0.004354,0.004169,0.003851,0.000000,-0.014168,-0.008614,0.000000,-0.031897,-0.015399,0.009498,-0.000593,0.014189,-0.013037,0.006487
-0.010464,-0.012957,0.006226,-0.014243,-0.019560,0.022930,-0.002103,-0.016615,0.001266,0.018708,0.012799,-0.012438,0.033664,-0.014297,-0.027521,0.006781,0.019823,0.011491,0.000000,-0.009885,0.000057,0.000000,-0.053287,0.005714,0.023237,0.008284,0.009989,-0.018729,0.030588
-0.014745,-0.003249,-0.001124,0.001849,-0.002162,0.020870,-0.013138,-0.003996,-0.005861,0.023732,0.011369,-0.020989,0.034005,-0.031542,-0.002940,0.018561,0.018808,0.001255,0.000000,-0.003551,-0.004767,0.000000,-0.039629,0.000560,-0.005963,-0.012702,0.010836,-0.009807,0.013049
-0.020304,-0.004655,-0.000259,-0.010796,-0.004697,0.023780,-0.017933,0.007326,-0.015372,0.017165,0.001592,-0.025806,0.047370,-0.021694,0.008541,0.012059,0.019958,-0.003321,0.000000,-0.011973,-0.004637,0.000000,-0.039462,-0.011267,-0.010027,-0.015382,0.006097,-0.008694,0.001049
-0.031423,-0.007468,0.001473,-0.036086,-0.009767,0.029600,-0.027523,0.029970,-0.034393,0.004030,-0.017963,-0.035441,0.074100,-0.001998,0.031502,-0.000944,0.022259,-0.012471,0.000000,-0.028818,-0.004377,0.000000,-0.039128,-0.034921,-0.018154,-0.020741,-0.003380,-0.006467,-0.022949
-0.012216,0.006944,0.003880,-0.018113,-0.000008,0.017413,-0.022427,0.020821,-0.015114,0.004320,-0.007575,-0.024817,0.045319,-0.003475,0.011392,0.013490,0.027916,-0.009837,0.000000,-0.029309,-0.012624,0.000000,-0.038961,-0.027411,0.003279,-0.029852,-0.005023,0.025419,-0.033712
-0.002612,0.014150,0.005083,-0.009127,0.004871,0.011320,-0.019880,0.016246,-0.005475,0.004465,-0.002382,-0.019505,0.030928,-0.004213,0.001337,0.020707,0.030745,-0.008520,0.000000,-0.029554,-0.016748,0.000000,-0.038878,-0.023656,0.013995,-0.034408,-0.005844,0.041363,-0.039093
0.026997,-0.012280,-0.019383,0.017926,-0.016934,0.014905,0.050910,0.008652,-0.003788,0.003821,-0.006827,-0.024000,0.047582,-0.015310,0.026402,-0.013597,0.050544,-0.003220,0.000000,-0.039915,-0.031346,0.000000,-0.005693,0.023327,0.033035,-0.029868,-0.021657,0.081935,-0.081043
0.016221,-0.019439,-0.016027,0.005932,-0.024057,0.014603,0.032254,0.001716,-0.005197,-0.003680,0.006404,-0.024172,0.040795,-0.004386,0.004282,-0.012510,0.040812,-0.013416,0.000000,-0.039878,-0.036938,0.000000,0.011505,0.004805,0.049779,-0.018222,-0.016195,0.048168,-0.071273
-0.005330,-0.033757,-0.009314,-0.018057,-0.038304,0.013998,-0.005059,-0.012156,-0.008016,-0.018682,0.032865,-0.024515,0.027219,0.017461,-0.039958,-0.010335,0.021350,-0.033808,0.000000,-0.039804,-0.048122,0.000000,0.045902,-0.032240,0.083267,0.005069,-0.005271,-0.019366,-0.051733
-0.004321,-0.022594,-0.003519,-0.002409,-0.017644,0.017698,-0.006524,0.011440,-0.014588,-0.002233,0.013278,-0.053133,0.055325,-0.016050,-0.017680,-0.004475,0.024416,-0.004615,0.000000,-0.036108,-0.036519,0.000000,-0.029157,-0.013089,0.068324,-0.020409,-0.005778,0.021061,0.011596
-0.003816,-0.017013,-0.000621,0.005414,-0.007313,0.019547,-0.007257,0.023238,-0.017874,0.005992,0.003484,-0.067441,0.069378,-0.032805,-0.006541,-0.001545,0.025949,0.009982,0.000000,-0.034261,-0.030717,0.000000,-0.066687,-0.003514,0.060852,-0.033149,-0.006031,0.041275,0.043261
0.103097,0.121312,0.002546,-0.058608,0.028174,-0.017871,0.044890,-0.035596,-0.073632,-0.086873,-0.115958,-0.067195,0.098655,-0.008388,0.016228,0.065453,0.029808,-0.009925,0.000000,-0.081278,0.010815,0.000000,-0.027344,0.005959,-0.051489,-0.034536,-0.000549,-0.002458,0.032622
0.052361,0.052816,-0.002505,-0.020092,0.015669,-0.005009,0.020581,-0.006817,-0.034921,-0.032758,-0.053875,-0.059505,0.067823,-0.001415,0.021383,0.039845,0.027522,-0.008527,0.000000,-0.067264,-0.015814,0.000000,-0.019549,0.009618,-0.020443,-0.022364,-0.002096,0.003486,0.013177
-0.049109,-0.084176,-0.012607,0.056942,-0.009341,0.020714,-0.028039,0.050741,0.042501,0.075472,0.070291,-0.044124,0.006158,0.012531,0.031693,-0.011373,0.022949,-0.005733,0.000000,-0.039235,-0.069072,0.000000,-0.003959,0.016935,0.041648,0.001981,-0.005192,0.015372,-0.025714
-0.015423,-0.008798,-0.014762,0.025835,0.003054,-0.003048,-0.034996,0.032589,0.048568,0.055285,0.055248,-0.039001,0.001534,0.006511,-0.016456,0.022211,0.020326,-0.000078,0.000000,-0.005661,-0.018945,0.000000,-0.003904,-0.001158,0.004914,0.012308,-0.001236,0.003924,-0.001537
0.001420,0.028890,-0.015839,0.010282,0.009252,-0.014929,-0.038475,0.023513,0.051601,0.045192,0.047726,-0.036439,-0.000778,0.003501,-0.040530,0.039003,0.019015,0.002750,0.000000,0.011126,0.006119,0.000000,-0.003877,-0.010204,-0.013453,0.017472,0.000743,-0.001800,0.010551
-0.003818,-0.019170,-0.011348,0.001118,0.007435,-0.000215,0.007201,-0.002661,-0.016271,-0.017383,-0.011123,-0.019240,-0.004737,0.022562,0.022893,-0.001209,0.033449,-0.024879,0.000000,-0.021529,-0.033070,0.000000,0.012764,0.038001,0.032611,-0.028671,-0.006812,0.043031,0.004895
-0.002156,-0.003798,-0.004917,-0.018137,-0.008279,-0.010167,-0.012149,-0.005813,-0.011804,-0.010230,-0.013466,-0.021859,-0.008029,0.018684,0.016851,0.018287,0.021862,-0.019490,0.000000,-0.012439,-0.020820,0.000000,0.013297,0.030441,0.018294,-0.012696,0.001729,0.026978,-0.004049
0.001168,0.026946,0.007943,-0.056646,-0.039707,-0.030070,-0.050849,-0.012117,-0.002870,0.004075,-0.018153,-0.027097,-0.014613,0.010929,0.004766,0.057278,-0.001312,-0.008711,0.000000,0.005740,0.003680,0.000000,0.014362,0.015321,-0.010341,0.019253,0.018810,-0.005130,-0.021935
-0.015368,-0.016131,-0.013751,0.023569,-0.013692,-0.006908,0.047279,-0.016350,-0.017111,0.047351,0.022547,-0.035912,0.007595,-0.045688,0.011058,0.018816,-0.000864,0.027931,0.000000,-0.014058,-0.041183,0.000000,0.028708,-0.013658,0.083551,0.033090,0.010641,-0.018142,0.022291
-0.023636,-0.037669,-0.024598,0.063677,-0.000685,0.004672,0.096343,-0.018467,-0.024232,0.068988,0.042897,-0.040319,0.018699,-0.073996,0.014203,-0.000415,-0.000640,0.046252,0.000000,-0.023957,-0.063615,0.000000,0.035881,-0.028147,0.130497,0.040008,0.006557,-0.024647,0.044404
-0.004726,0.009025,-0.027257,0.007607,0.009284,-0.014904,-0.040077,0.045319,0.049310,0.042400,0.025519,0.001245,0.008862,0.018681,-0.006704,0.004835,0.015750,-0.040452,0.000000,-0.016165,-0.003340,0.000000,-0.059062,0.019819,-0.014386,-0.016095,-0.021484,0.006624,0.008291
-0.002723,0.007428,-0.017927,-0.005278,0.005001,-0.004692,-0.022899,0.036535,0.013850,0.017650,0.010835,-0.015830,0.035909,0.013468,-0.008715,0.003321,-0.007931,-0.026572,0.000000,-0.030935,-0.017680,0.000000,-0.032638,0.022036,-0.029631,-0.021093,-0.012828,0.009186,0.014841
0.001282,0.004233,0.000732,-0.031047,-0.003566,0.015731,0.011457,0.018967,-0.057071,-0.031852,-0.018535,-0.049978,0.090004,0.003041,-0.012738,0.000293,-0.055293,0.001187,0.000000,-0.060475,-0.046359,0.000000,0.020210,0.026469,-0.060122,-0.031088,0.004484,0.014310,0.027940
-0.012577,0.030765,-0.007921,-0.014337,-0.017825,-0.000611,-0.022436,-0.038983,-0.028632,0.016989,0.003418,-0.046324,0.064240,-0.026370,0.014873,0.013416,-0.025197,-0.002847,0.000000,-0.038013,-0.047165,0.000000,0.014571,-0.031077,-0.028045,-0.015648,0.007449,0.016824,-0.025508
-0.019507,0.044031,-0.012248,-0.005981,-0.024955,-0.008782,-0.039382,-0.067957,-0.014412,0.041410,0.014395,-0.044496,0.051357,-0.041076,0.028678,0.019977,-0.010149,-0.004864,0.000000,-0.026783,-0.047568,0.000000,0.011752,-0.059849,-0.012007,-0.007928,0.008931,0.018081,-0.052231
-0.015183,0.004069,-0.008606,0.011612,-0.010663,-0.012865,0.003391,-0.018001,-0.000804,0.046647,0.010785,-0.023403,0.034792,-0.017789,-0.033967,0.007331,0.001874,0.001951,0.000000,-0.032487,-0.044986,0.000000,0.006970,0.019772,0.005380,0.007816,-0.009437,-0.013459,0.002343
-0.006559,0.006178,-0.009793,0.003253,-0.013968,-0.017971,0.004050,-0.014918,0.005332,0.038434,0.014602,-0.022800,0.023839,-0.009852,-0.026344,0.012860,-0.003749,-0.002522,0.000000,-0.025113,-0.045776,0.000000,0.009112,0.016942,0.014204,0.002362,-0.005649,0.007695,-0.010957
0.010688,0.010395,-0.012167,-0.013466,-0.020578,-0.028184,0.005366,-0.008752,0.017604,0.022007,0.022236,-0.021594,0.001935,0.006022,-0.011100,0.023918,-0.014995,-0.011469,0.000000,-0.010364,-0.047357,0.000000,0.013397,0.011281,0.031852,-0.008546,0.001928,0.050001,-0.037557
0.011242,-0.008077,-0.004608,0.023578,-0.023957,-0.014525,0.006837,0.008978,0.027130,0.053515,0.063858,-0.020158,0.005826,-0.015996,-0.039294,-0.000930,-0.004317,-0.004373,0.000000,-0.014343,-0.048740,0.000000,0.017140,-0.010704,0.052345,-0.013133,-0.021210,0.040714,-0.063615
0.011519,-0.017313,-0.000828,0.042100,-0.025647,-0.007695,0.007572,0.017843,0.031893,0.069269,0.084669,-0.019441,0.007771,-0.027005,-0.053392,-0.013354,0.001023,-0.000824,0.000000,-0.016333,-0.049431,0.000000,0.019011,-0.021697,0.062592,-0.015426,-0.032779,0.036071,-0.076644
0.038023,0.021837,0.004433,0.028201,-0.009915,0.016970,0.011002,0.032303,-0.041857,-0.031729,0.006213,-0.032837,0.054161,0.009010,0.010987,-0.048974,0.009767,-0.054351,0.000000,-0.048730,-0.066715,0.000000,0.113618,-0.016142,-0.068129,-0.058635,-0.013746,0.015619,-0.132330
0.025414,0.014946,0.001940,0.028905,-0.001898,0.006917,0.013263,0.015875,-0.031457,-0.012117,0.002474,-0.022806,0.028663,-0.000390,0.012539,-0.039058,0.012151,-0.035909,0.000000,-0.033869,-0.056747,0.000000,0.088843,0.002112,-0.040413,-0.034659,-0.012990,0.022947,-0.102025
0.000197,0.001165,-0.003046,0.030313,0.014135,-0.013190,0.017784,-0.016982,-0.010656,0.027106,-0.005003,-0.002743,-0.022332,-0.019191,0.015644,-0.019226,0.016919,0.000976,0.000000,-0.004145,-0.036811,0.000000,0.039293,0.038621,0.015019,0.013292,-0.011477,0.037605,-0.041414
0.010335,0.001170,-0.003455,0.015479,0.001948,-0.005677,0.016671,-0.015731,-0.000650,0.024862,0.017070,-0.009347,-0.009256,-0.015447,-0.014355,-0.007639,0.001725,0.006666,0.000000,-0.010558,-0.038570,0.000000,0.043367,0.012277,0.042220,0.004996,-0.013396,0.055316,-0.066385
0.015405,0.001172,-0.003659,0.008063,-0.004145,-0.001921,0.016114,-0.015106,0.004353,0.023739,0.028106,-0.012649,-0.002718,-0.013576,-0.029355,-0.001845,-0.005872,0.009511,0.000000,-0.013765,-0.039450,0.000000,0.045404,-0.000895,0.055821,0.000848,-0.014355,0.064172,-0.078870
0.024498,0.012841,0.011274,-0.002856,-0.012626,-0.024423,0.005163,0.032534,0.006872,-0.016292,-0.014205,0.028120,-0.039577,0.007804,-0.038946,-0.030098,0.035566,-0.019375,0.000000,0.016090,0.008658,0.000000,0.007396,0.027831,-0.016513,-0.010581,-0.018169,-0.037186,-0.022155
0.019362,0.003264,0.004198,0.008877,-0.006646,-0.019005,0.015410,0.024243,0.007970,-0.005956,0.000086,0.021832,-0.032277,0.010608,-0.024316,-0.019031,0.019740,-0.007164,0.000000,0.013908,-0.000384,0.000000,-0.002010,0.033143,0.004718,-0.008672,-0.013444,-0.021333,-0.012265
0.009091,-0.015888,-0.009955,0.032342,0.005314,-0.008169,0.035905,0.007659,0.010167,0.014715,0.028668,0.009255,-0.017676,0.016216,0.004945,0.003104,-0.011913,0.017258,0.000000,0.009545,-0.018468,0.000000,-0.020821,0.043767,0.047179,-0.004855,-0.003995,0.010373,0.007516
0.074691,0.083404,0.006765,-0.048663,0.008272,-0.036546,0.079180,-0.087738,-0.041267,-0.098916,-0.089156,0.004778,0.007295,0.043246,-0.005038,0.027018,0.023748,-0.011154,0.000000,-0.009991,0.027056,0.000000,0.020285,-0.017483,-0.025517,0.000923,0.001854,-0.017819,-0.007513
0.107490,0.133049,0.015125,-0.089166,0.009751,-0.050735,0.100817,-0.135437,-0.066985,-0.155731,-0.148068,0.002539,0.019780,0.056761,-0.010029,0.038974,0.041578,-0.025360,0.000000,-0.019759,0.049818,0.000000,0.040838,-0.048108,-0.061865,0.003813,0.004779,-0.031914,-0.015027
-0.077103,-0.099964,0.018445,0.032353,-0.028174,0.006539,-0.115657,0.088528,0.032308,0.071150,0.068423,0.065364,-0.109718,-0.023810,0.033541,-0.023067,0.038935,-0.008829,0.000000,0.053065,0.041635,0.000000,-0.032569,0.015842,0.012564,0.033661,0.011509,-0.084311,0.050001
-0.048864,-0.057231,0.010342,0.023586,-0.012812,0.003932,-0.087694,0.058736,0.032921,0.047158,0.051383,0.062628,-0.095969,-0.009446,0.012784,-0.014088,0.028620,-0.005411,0.000000,0.048687,0.042970,0.000000,-0.029216,0.041699,0.013530,0.030528,0.010941,-0.083873,0.056352
0.007612,0.028236,-0.005864,0.006051,0.017912,-0.001280,-0.031769,-0.000848,0.034148,-0.000826,0.017304,0.057156,-0.068470,0.019282,-0.028730,0.003870,0.007989,0.001426,0.000000,0.039933,0.045640,0.000000,-0.022509,0.093412,0.015462,0.024263,0.009806,-0.082997,0.069056
0.013458,0.010391,-0.006544,0.002488,0.003524,-0.000767,0.024001,-0.008293,0.002785,-0.008628,-0.005084,0.048723,-0.028948,0.006021,-0.022988,-0.003798,-0.026660,-0.006516,0.000000,0.029447,0.030754,0.000000,0.025890,0.001708,-0.056157,0.001561,-0.001863,-0.039507,-0.034734
0.016381,0.001468,-0.006884,0.000706,-0.003669,-0.000511,0.051886,-0.012016,-0.012897,-0.012529,-0.016278,0.044507,-0.009187,-0.000610,-0.020117,-0.007632,-0.043985,-0.010487,0.000000,0.024204,0.023310,0.000000,0.050089,-0.044144,-0.091967,-0.009791,-0.007697,-0.017762,-0.086629
0.010986,-0.011551,0.023961,-0.008755,-0.001663,-0.003784,-0.020175,0.025283,0.015331,0.023822,0.018237,0.059052,-0.065315,0.007048,-0.041404,0.018747,-0.034794,0.009797,0.000000,0.034379,0.023661,0.000000,-0.002664,0.029617,-0.015023,0.011184,0.003435,-0.052303,0.021045
0.016862,-0.003142,0.015669,-0.005612,0.001388,-0.005226,-0.008851,0.007564,0.013043,0.004766,0.005528,0.060740,-0.062206,-0.002224,-0.015521,0.011382,-0.013627,0.002072,0.000000,0.042901,0.033599,0.000000,-0.005754,0.013193,-0.001650,-0.001043,-0.003104,-0.029830,-0.005728
0.028612,0.013676,-0.000914,0.000674,0.007489,-0.008109,0.013797,-0.027874,0.008465,-0.033345,-0.019890,0.064116,-0.055987,-0.020768,0.036244,-0.003347,0.028707,-0.013380,0.000000,0.059946,0.053476,0.000000,-0.011934,-0.019656,0.025097,-0.025497,-0.016183,0.015117,-0.059274
0.012972,-0.012637,0.004238,0.010983,-0.022168,-0.011253,0.073756,-0.031446,0.005071,0.012552,-0.006261,0.056679,-0.057628,-0.042802,0.026861,0.000668,-0.004820,0.028586,0.000000,0.056632,0.035340,0.000000,0.000407,-0.019559,0.030722,-0.003651,-0.004085,0.045993,-0.058189
0.005152,-0.025794,0.006815,0.016138,-0.036997,-0.012825,0.103735,-0.033233,0.003374,0.035500,0.000553,0.052961,-0.058449,-0.053820,0.022170,0.002675,-0.021583,0.049569,0.000000,0.054975,0.026271,0.000000,0.006577,-0.019511,0.033535,0.007273,0.001963,0.061432,-0.057646
0.046281,0.010179,0.002626,0.007684,0.007610,0.002805,0.025566,0.017286,0.015579,-0.032267,0.007815,0.070263,-0.055908,0.002595,-0.032235,-0.003469,-0.019594,-0.017306,0.000000,0.039400,0.027416,0.000000,0.010793,0.017173,-0.001630,-0.038937,-0.028010,0.021846,-0.096253
0.024527,0.007666,0.000681,0.005103,0.003809,0.004283,0.010974,0.007658,0.015739,-0.011280,0.006202,0.060885,-0.037656,-0.005689,-0.019180,-0.006795,-0.022345,-0.006034,0.000000,0.038351,0.026705,0.000000,0.001720,0.009191,0.002697,-0.029476,-0.022720,0.035793,-0.073558
-0.018979,0.002640,-0.003210,-0.000057,-0.003793,0.007241,-0.018209,-0.011597,0.016058,0.030695,0.002977,0.042129,-0.001153,-0.022257,0.006930,-0.013447,-0.027845,0.016509,0.000000,0.036253,0.025284,0.000000,-0.016426,-0.006773,0.011350,-0.010553,-0.012138,0.063686,-0.028169
-0.018437,-0.006430,0.004152,0.000830,0.000818,0.000904,-0.010567,0.024217,-0.007851,0.003835,0.004656,0.044887,-0.013562,0.004332,-0.006963,-0.026355,-0.032895,-0.016994,0.000000,0.024523,-0.000949,0.000000,0.030669,-0.007197,0.004941,-0.015432,-0.006308,0.039886,-0.032512
-0.018166,-0.010965,0.007833,0.001273,0.003124,-0.002264,-0.006746,0.042124,-0.019806,-0.009595,0.005495,0.046266,-0.019766,0.017626,-0.013910,-0.032809,-0.035419,-0.033746,0.000000,0.018657,-0.014066,0.000000,0.054216,-0.007409,0.001736,-0.017872,-0.003394,0.027986,-0.034684
-0.021638,0.006468,0.018213,-0.029266,0.016644,-0.033375,-0.064794,0.015848,0.004394,0.002532,-0.018887,0.041875,-0.063120,0.013754,-0.000322,0.006874,-0.008136,-0.007960,0.000000,0.067184,0.016379,0.000000,0.025452,-0.008636,0.048739,0.020819,0.014450,-0.023205,0.071753
-0.014971,-0.000362,0.015954,-0.028769,0.008107,-0.020080,-0.053945,0.009949,0.001670,-0.006496,-0.014270,0.040339,-0.048970,0.012969,-0.002724,0.005968,-0.014291,-0.003714,0.000000,0.052874,0.009090,0.000000,0.022990,0.000744,0.051631,0.018313,0.015989,-0.007958,0.053773
-0.001638,-0.014022,0.011436,-0.027773,-0.008968,0.006512,-0.032246,-0.001850,-0.003776,-0.024553,-0.005035,0.037268,-0.020671,0.011398,-0.007529,0.004156,-0.026600,0.004777,0.000000,0.024254,-0.005490,0.000000,0.018064,0.019505,0.057415,0.013301,0.019066,0.022538,0.017811
-0.010667,-0.020969,0.008708,-0.005344,-0.012890,0.005835,0.019508,-0.009866,0.007396,-0.004194,0.016199,0.019649,0.009667,0.023606,-0.043222,-0.003703,-0.041349,0.000091,0.000000,0.020263,-0.007259,0.000000,0.005320,0.007524,0.026347,0.005157,-0.007052,0.009203,-0.028607
-0.015181,-0.024442,0.007344,0.005870,-0.014850,0.005496,0.045386,-0.013874,0.012982,0.005985,0.026816,0.010840,0.024835,0.029710,-0.061069,-0.007632,-0.048723,-0.002252,0.000000,0.018268,-0.008143,0.000000,-0.001051,0.001534,0.010813,0.001085,-0.020112,0.002535,-0.051816
-0.001438,0.015657,0.002521,-0.025145,0.008937,-0.012411,-0.039706,-0.000831,-0.019595,-0.028743,-0.019224,0.027333,0.000263,0.003464,0.040611,-0.020127,-0.000050,-0.012415,0.000000,0.028750,-0.003705,0.000000,0.007997,-0.026375,-0.032163,-0.016868,0.008337,-0.010851,0.051362
0.002354,0.018078,0.003148,-0.023143,0.012784,-0.011637,-0.027617,-0.002580,-0.019221,-0.032678,-0.018163,0.026270,0.006530,0.012191,0.022573,-0.017273,-0.006866,-0.012916,0.000000,0.024161,-0.006952,0.000000,0.011931,-0.013092,-0.038665,-0.012725,0.004106,-0.023045,0.035595
0.000000,0.000000,0.000000,0.000000,0.000000,0.000000,0.000000,0.000000,0.000000,0.000000,0.000000,0.000000,0.000000,0.000000,0.000000,0.000000,0.000000,0.000000,0.000000,0.000000,0.000000,0.000000,0.000000,0.000000,0.000000,0.000000,0.000000,0.000000,0.000000
-0.009937,-0.022920,-0.004403,0.019138,-0.020477,0.010088,0.003440,0.006079,0.018473,0.040549,0.016042,-0.024144,-0.019064,-0.029644,0.013502,0.011566,0.020498,0.013917,0.000000,-0.014983,0.013446,0.000000,-0.019801,-0.013473,0.051671,0.004439,0.004354,0.047432,-0.004060
