joint_0,joint_1,joint_2,joint_3,joint_4,joint_5,joint_6,joint_7,joint_8,joint_9,joint_10,joint_11,joint_12,joint_13,joint_14,joint_15,joint_16,joint_17,joint_18,joint_19,joint_20,joint_21,joint_22,joint_23,joint_24,joint_25,joint_26,joint_27,joint_28
-0.834543,0.050929,0.082452,0.749655,-0.532995,0.298029,0.247234,-0.356108,0.128575,0.748158,0.119864,-0.586885,0.528886,-0.115661,0.012660,1.807357,-0.668305,-0.104666,0.261800,0.517944,-0.548329,0.830914,0.721595,-0.046956,0.226897,0.155302,0.048396,0.274263,-0.277873
-0.860600,0.049049,-0.033365,0.753829,-0.531346,0.219390,0.223929,-0.355559,0.144629,0.781080,0.129390,-0.313049,0.268726,-0.131153,0.007830,2.073843,-0.725742,-0.106020,0.261800,0.701639,-0.278359,1.179081,0.988682,-0.165977,0.332253,0.000689,-0.063491,0.188361,-0.225839
-0.883710,0.033496,-0.119662,0.755539,-0.535027,0.184822,0.203071,-0.346731,0.167084,0.805584,0.158169,-0.108941,0.072683,-0.140581,-0.002561,2.251500,-0.795095,-0.106738,0.261800,0.852325,-0.091889,1.443881,1.175014,-0.241673,0.405162,-0.102575,-0.135768,0.134344,-0.185241
-0.900927,-0.009404,-0.146918,0.752320,-0.549369,0.238398,0.187108,-0.321343,0.202340,0.813253,0.225454,-0.044288,0.004877,-0.137883,-0.024074,2.251500,-0.888281,-0.106183,0.261800,0.936994,-0.072418,1.541950,1.199838,-0.230719,0.413178,-0.103141,-0.128824,0.144097,-0.167513
-0.906554,-0.024128,-0.153779,0.751407,-0.553915,0.262285,0.181909,-0.313024,0.214133,0.815729,0.249255,-0.002426,-0.022702,-0.137452,-0.032241,2.251500,-0.927379,-0.106084,0.261800,0.989336,-0.064442,1.587662,1.216306,-0.224921,0.417967,-0.108647,-0.126550,0.147487,-0.157708
-0.906386,-0.024764,-0.150443,0.751646,-0.553564,0.271328,0.182092,-0.313239,0.214196,0.815610,0.251313,0.028042,-0.030169,-0.138157,-0.033735,2.251500,-0.939431,-0.106213,0.261800,1.025515,-0.062214,1.607197,1.228596,-0.221703,0.421144,-0.116623,-0.126610,0.147696,-0.151864
-0.906419,-0.025576,-0.145908,0.751872,-0.553383,0.276814,0.182257,-0.313605,0.211313,0.815132,0.250818,0.053359,-0.028153,-0.137902,-0.033430,2.251500,-0.945752,-0.106105,0.261800,1.053346,-0.064887,1.616143,1.234462,-0.220007,0.423641,-0.120583,-0.128001,0.148727,-0.148490
-0.906182,-0.026086,-0.141244,0.752004,-0.553228,0.281783,0.182759,-0.314139,0.208024,0.814118,0.250256,0.077312,-0.024798,-0.137454,-0.033158,2.251500,-0.951255,-0.105963,0.261800,1.079393,-0.068293,1.623421,1.239064,-0.218460,0.425769,-0.123851,-0.129351,0.149882,-0.146006
-0.905407,-0.025990,-0.136320,0.751949,-0.553126,0.285718,0.183932,-0.315011,0.203924,0.812030,0.249561,0.098533,-0.018765,-0.136616,-0.032952,2.251500,-0.955121,-0.105751,0.261800,1.101875,-0.073166,1.627362,1.241141,-0.217212,0.427160,-0.125737,-0.130622,0.151287,-0.145302
-0.904734,-0.026086,-0.131509,0.752222,-0.552970,0.288804,0.184816,-0.315511,0.200041,0.810624,0.249266,0.117862,-0.012142,-0.135953,-0.032731,2.251500,-0.957939,-0.105543,0.261800,1.122298,-0.078484,1.630100,1.241963,-0.216684,0.428053,-0.126899,-0.131583,0.152728,-0.145068
-0.904113,-0.026278,-0.126754,0.752659,-0.552787,0.291464,0.185555,-0.315827,0.196265,0.809559,0.249171,0.136244,-0.005225,-0.135377,-0.032502,2.251500,-0.960231,-0.105337,0.261800,1.141690,-0.084024,1.632236,1.242158,-0.216516,0.428699,-0.127699,-0.132390,0.154186,-0.145069
-0.903279,-0.026122,-0.122003,0.752560,-0.552018,0.293881,0.185911,-0.316146,0.192427,0.807526,0.247937,0.151546,0.002784,-0.134143,-0.031954,2.251500,-0.962354,-0.105556,0.261800,1.158388,-0.089685,1.633469,1.242183,-0.216358,0.428517,-0.128127,-0.132492,0.154425,-0.144347
-0.902472,-0.026170,-0.117461,0.752474,-0.551480,0.295992,0.186281,-0.316391,0.188847,0.805730,0.246982,0.166386,0.010313,-0.133095,-0.031537,2.251500,-0.964084,-0.105761,0.261800,1.174539,-0.095341,1.634740,1.241996,-0.216268,0.428393,-0.128448,-0.132660,0.154634,-0.143837
-0.901718,-0.026627,-0.113339,0.752417,-0.551408,0.297491,0.186677,-0.316490,0.185779,0.804405,0.246583,0.180306,0.016878,-0.132421,-0.031384,2.251500,-0.965028,-0.105937,0.261800,1.189594,-0.100987,1.636086,1.241388,-0.216313,0.428386,-0.128556,-0.132956,0.154783,-0.143751
-0.901186,-0.026760,-0.109138,0.752316,-0.550811,0.298913,0.186926,-0.316484,0.182632,0.802706,0.245812,0.192913,0.023168,-0.131824,-0.030431,2.251500,-0.966404,-0.106244,0.261800,1.203226,-0.106621,1.636775,1.240853,-0.216875,0.429091,-0.128403,-0.132908,0.155333,-0.143816
-0.900765,-0.026730,-0.104898,0.752195,-0.549951,0.300296,0.187101,-0.316425,0.179444,0.800819,0.244854,0.204864,0.029321,-0.131266,-0.029077,2.251500,-0.967996,-0.106616,0.261800,1.216146,-0.112250,1.637135,1.240354,-0.217696,0.430152,-0.128120,-0.132689,0.156084,-0.143956
-0.900233,-0.026765,-0.101069,0.751998,-0.549592,0.301432,0.186937,-0.316709,0.176912,0.799218,0.244599,0.215571,0.035084,-0.130400,-0.028467,2.251500,-0.969372,-0.106873,0.261800,1.227366,-0.117549,1.637083,1.239554,-0.217717,0.430232,-0.128143,-0.132749,0.156497,-0.144053
-0.899805,-0.026939,-0.097367,0.751919,-0.549393,0.302529,0.187110,-0.316954,0.174288,0.797588,0.244161,0.225682,0.040914,-0.129527,-0.027979,2.251500,-0.970473,-0.107123,0.261800,1.238100,-0.122796,1.637147,1.238845,-0.217900,0.430237,-0.128229,-0.132877,0.156870,-0.144021
-0.899583,-0.027391,-0.093914,0.752076,-0.549517,0.303549,0.187957,-0.317119,0.171480,0.795899,0.243356,0.234600,0.046882,-0.128640,-0.027737,2.251500,-0.971025,-0.107360,0.261800,1.247864,-0.127940,1.637442,1.238317,-0.218403,0.430092,-0.128437,-0.133142,0.157164,-0.143736
-0.899156,-0.027807,-0.091303,0.752286,-0.549919,0.304649,0.188622,-0.318432,0.169827,0.795077,0.243468,0.243210,0.051874,-0.128179,-0.027235,2.251500,-0.972021,-0.107443,0.261800,1.257150,-0.132783,1.637755,1.237282,-0.218531,0.430267,-0.128111,-0.133179,0.157039,-0.143386
-0.898626,-0.028204,-0.089111,0.752523,-0.550462,0.305789,0.189194,-0.320317,0.168751,0.794688,0.244038,0.251666,0.056378,-0.127929,-0.026601,2.251500,-0.973240,-0.107448,0.261800,1.266199,-0.137477,1.638077,1.235994,-0.218470,0.430600,-0.127518,-0.133103,0.156705,-0.143004
-0.898558,-0.027955,-0.085813,0.752020,-0.549529,0.306566,0.188975,-0.320482,0.166493,0.793474,0.242612,0.259015,0.060813,-0.126920,-0.025579,2.251500,-0.973292,-0.108294,0.261800,1.273858,-0.141319,1.637750,1.236809,-0.219059,0.429603,-0.127757,-0.132409,0.157170,-0.143496
-0.898384,-0.027774,-0.082746,0.751723,-0.548623,0.307335,0.188955,-0.320337,0.164568,0.792131,0.241512,0.266114,0.065149,-0.125994,-0.024818,2.251500,-0.973424,-0.108867,0.261800,1.281252,-0.144949,1.637368,1.237162,-0.219448,0.428706,-0.127982,-0.131929,0.157518,-0.143811
-0.897997,-0.027730,-0.080143,0.751839,-0.547770,0.308091,0.189334,-0.319571,0.163309,0.790529,0.241066,0.272712,0.069286,-0.125235,-0.024578,2.251500,-0.973716,-0.108896,0.261800,1.288114,-0.148155,1.636874,1.236591,-0.219437,0.428008,-0.128177,-0.131880,0.157629,-0.143774
-0.897776,-0.028087,-0.077805,0.751922,-0.547522,0.308952,0.190075,-0.319441,0.161832,0.789663,0.240808,0.278808,0.072824,-0.124880,-0.023892,2.251500,-0.974174,-0.108845,0.261800,1.294510,-0.151102,1.636217,1.236265,-0.219328,0.427628,-0.128438,-0.131805,0.158029,-0.143845
-0.897640,-0.028646,-0.075599,0.751989,-0.547579,0.309865,0.190997,-0.319628,0.160247,0.789165,0.240644,0.284653,0.076062,-0.124727,-0.022983,2.251500,-0.974715,-0.108753,0.261800,1.300673,-0.153920,1.635477,1.236064,-0.219170,0.427408,-0.128733,-0.131716,0.158572,-0.143970
-0.897822,-0.029179,-0.073901,0.751937,-0.547376,0.310455,0.191305,-0.319508,0.159179,0.788979,0.240845,0.289976,0.078561,-0.124367,-0.022863,2.251500,-0.975151,-0.108609,0.261800,1.306449,-0.156160,1.634868,1.235308,-0.219379,0.427571,-0.128952,-0.131943,0.158826,-0.143991
-0.897850,-0.029576,-0.072357,0.752283,-0.547355,0.311155,0.191797,-0.319531,0.158329,0.789029,0.241312,0.295250,0.081078,-0.124160,-0.023062,2.251500,-0.975513,-0.108379,0.261800,1.311872,-0.158346,1.634301,1.234842,-0.219371,0.427428,-0.129062,-0.132022,0.159171,-0.143899
-0.897570,-0.029702,-0.071121,0.753428,-0.547698,0.312076,0.192660,-0.319843,0.157911,0.789551,0.242313,0.300426,0.083633,-0.124261,-0.023900,2.251500,-0.975728,-0.107979,0.261800,1.316590,-0.160428,1.633817,1.234957,-0.218929,0.426672,-0.128952,-0.131803,0.159700,-0.143577
-0.897307,-0.029380,-0.070096,0.753812,-0.547532,0.312823,0.192850,-0.320301,0.157411,0.788863,0.242647,0.305045,0.086048,-0.123981,-0.025342,2.251500,-0.976009,-0.107871,0.261800,1.321313,-0.162048,1.633072,1.235237,-0.218831,0.425901,-0.128930,-0.131490,0.159818,-0.143157
-0.897051,-0.028835,-0.069178,0.753817,-0.547113,0.313483,0.192703,-0.320832,0.156870,0.787570,0.242647,0.309385,0.088395,-0.123511,-0.027085,2.251500,-0.976323,-0.107910,0.261800,1.326038,-0.163437,1.632197,1.235598,-0.218904,0.425123,-0.128954,-0.131130,0.159730,-0.142688
-0.896996,-0.029451,-0.067952,0.754616,-0.547706,0.314354,0.192912,-0.320744,0.156291,0.788432,0.243474,0.313526,0.090181,-0.124011,-0.026714,2.251500,-0.976807,-0.107393,0.261800,1.329375,-0.165288,1.631455,1.234999,-0.217946,0.425579,-0.129564,-0.131716,0.160153,-0.142730
-0.896977,-0.029916,-0.066980,0.755182,-0.548122,0.315241,0.193216,-0.320803,0.155807,0.789316,0.244232,0.317392,0.091714,-0.124552,-0.026662,2.251500,-0.977429,-0.106836,0.261800,1.332909,-0.166962,1.630755,1.234512,-0.217356,0.426103,-0.130028,-0.132233,0.160738,-0.142906
-0.897029,-0.030079,-0.066515,0.755284,-0.548185,0.316161,0.193714,-0.321157,0.155510,0.790243,0.244853,0.320708,0.092737,-0.125175,-0.027247,2.251500,-0.978327,-0.106200,0.261800,1.336838,-0.168282,1.630140,1.234245,-0.217500,0.426767,-0.130199,-0.132615,0.161647,-0.143349
-0.897457,-0.030130,-0.066091,0.755635,-0.548236,0.316887,0.193807,-0.321479,0.155383,0.790456,0.245101,0.324039,0.093783,-0.125304,-0.027325,2.251500,-0.978890,-0.105676,0.261800,1.340495,-0.169201,1.629382,1.233886,-0.217561,0.426859,-0.130273,-0.132619,0.162161,-0.143292
-0.898073,-0.030126,-0.065688,0.756110,-0.548281,0.317514,0.193699,-0.321784,0.155342,0.790312,0.245163,0.327378,0.094839,-0.125184,-0.027149,2.251500,-0.979285,-0.105208,0.261800,1.344015,-0.169919,1.628551,1.233481,-0.217579,0.426666,-0.130298,-0.132435,0.162476,-0.142984
-0.898345,-0.030050,-0.065206,0.755817,-0.548662,0.318147,0.193584,-0.321736,0.154696,0.790213,0.245020,0.330021,0.096050,-0.125448,-0.027522,2.251500,-0.980024,-0.105180,0.261800,1.346944,-0.170844,1.628161,1.233432,-0.217783,0.426646,-0.130293,-0.132274,0.161949,-0.142431
-0.898334,-0.029699,-0.064712,0.755683,-0.548519,0.318716,0.193682,-0.321477,0.153838,0.789664,0.244577,0.332419,0.097305,-0.125359,-0.028006,2.251500,-0.980718,-0.105271,0.261800,1.349814,-0.171667,1.627748,1.233642,-0.217718,0.426585,-0.130388,-0.132095,0.161665,-0.141919
-0.897759,-0.028795,-0.064192,0.755870,-0.547328,0.319155,0.194206,-0.320795,0.152557,0.788211,0.243534,0.334330,0.098650,-0.124563,-0.028712,2.251500,-0.981320,-0.105602,0.261800,1.352566,-0.172284,1.627292,1.234367,-0.217112,0.426440,-0.130682,-0.131881,0.161869,-0.141485
-0.897790,-0.028092,-0.064080,0.755780,-0.546691,0.319399,0.194197,-0.320247,0.152134,0.787696,0.242745,0.336619,0.099344,-0.124574,-0.028975,2.251500,-0.981921,-0.105574,0.261800,1.355564,-0.172413,1.626630,1.234801,-0.216967,0.426360,-0.130830,-0.131633,0.161788,-0.140748
-0.898125,-0.027489,-0.064173,0.755553,-0.546330,0.319546,0.193920,-0.319767,0.152139,0.787650,0.242083,0.339096,0.099712,-0.124987,-0.029016,2.251500,-0.982522,-0.105366,0.261800,1.358684,-0.172297,1.625864,1.235089,-0.217052,0.426311,-0.130906,-0.131368,0.161565,-0.139859
-0.897691,-0.026299,-0.064325,0.754795,-0.546032,0.319796,0.193357,-0.320141,0.151618,0.785936,0.241517,0.341078,0.100653,-0.123393,-0.029736,2.251500,-0.983319,-0.106105,0.261800,1.361398,-0.172262,1.625458,1.235729,-0.216304,0.426442,-0.131022,-0.131012,0.162434,-0.139047
-0.897414,-0.025263,-0.064508,0.753976,-0.545856,0.320090,0.192899,-0.320451,0.151014,0.784306,0.240837,0.342967,0.101502,-0.122011,-0.030235,2.251500,-0.984281,-0.106753,0.261800,1.364031,-0.172344,1.625026,1.236250,-0.215829,0.426625,-0.131016,-0.130605,0.163015,-0.138130
-0.897452,-0.024536,-0.064752,0.753034,-0.545927,0.320468,0.192650,-0.320633,0.150246,0.782845,0.239927,0.344671,0.102169,-0.121053,-0.030291,2.251500,-0.985570,-0.107216,0.261800,1.366500,-0.172662,1.624544,1.236530,-0.215903,0.426912,-0.130768,-0.130100,0.163021,-0.137004
-0.897305,-0.023941,-0.065077,0.752672,-0.545606,0.321026,0.192616,-0.320913,0.149499,0.781682,0.239250,0.346020,0.103303,-0.120336,-0.029992,2.251500,-0.986978,-0.107453,0.261800,1.368634,-0.173279,1.624215,1.236665,-0.215588,0.427674,-0.130639,-0.129801,0.162981,-0.136042
-0.897066,-0.023412,-0.065441,0.752601,-0.545088,0.321674,0.192688,-0.321242,0.148763,0.780669,0.238688,0.347192,0.104669,-0.119739,-0.029516,2.251500,-0.988445,-0.107577,0.261800,1.370600,-0.174046,1.623962,1.236727,-0.215080,0.428673,-0.130569,-0.129606,0.162917,-0.135162
-0.896407,-0.023048,-0.065314,0.751701,-0.544526,0.322385,0.192707,-0.321652,0.147593,0.778430,0.238105,0.347882,0.106438,-0.118435,-0.029502,2.251500,-0.990277,-0.108047,0.261800,1.371759,-0.175357,1.623275,1.235972,-0.214220,0.429168,-0.130599,-0.129553,0.162875,-0.134153
-0.896069,-0.022849,-0.065104,0.750959,-0.544079,0.322821,0.192778,-0.321651,0.146478,0.776385,0.237643,0.348671,0.108219,-0.117300,-0.029533,2.251500,-0.991665,-0.108407,0.261800,1.372721,-0.176751,1.622703,1.235209,-0.213753,0.429603,-0.130634,-0.129519,0.162505,-0.133332
-0.896374,-0.022981,-0.064726,0.750533,-0.543862,0.322705,0.192955,-0.320828,0.145473,0.774729,0.237422,0.349657,0.110026,-0.116503,-0.029655,2.251500,-0.992165,-0.108548,0.261800,1.373288,-0.178311,1.622363,1.234430,-0.214074,0.429914,-0.130682,-0.129525,0.161478,-0.132886
-0.895933,-0.022811,-0.065117,0.750357,-0.543698,0.322803,0.192885,-0.320660,0.145508,0.773677,0.238251,0.350683,0.111586,-0.115773,-0.030118,2.251500,-0.992910,-0.108651,0.261800,1.374220,-0.179840,1.622003,1.233700,-0.213999,0.430734,-0.130764,-0.129710,0.160480,-0.132467
-0.895119,-0.022491,-0.065891,0.750307,-0.543559,0.323007,0.192692,-0.320819,0.146062,0.772926,0.239605,0.351730,0.113023,-0.115076,-0.030751,2.251500,-0.993777,-0.108736,0.261800,1.375335,-0.181353,1.621632,1.232995,-0.213725,0.431808,-0.130863,-0.129984,0.159496,-0.132061
-0.894226,-0.022580,-0.066052,0.750586,-0.543661,0.323765,0.193438,-0.320924,0.146316,0.772302,0.240857,0.352435,0.114230,-0.114292,-0.030341,2.251500,-0.995526,-0.108495,0.261800,1.375932,-0.182936,1.621723,1.232427,-0.212389,0.432323,-0.130924,-0.130288,0.159002,-0.132593
-0.893459,-0.022862,-0.066168,0.750570,-0.543856,0.324272,0.193894,-0.321163,0.146619,0.771493,0.242039,0.353123,0.115406,-0.113471,-0.030211,2.251500,-0.996847,-0.108495,0.261800,1.376591,-0.184511,1.621750,1.232048,-0.211570,0.432972,-0.131052,-0.130562,0.158507,-0.132945
-0.892944,-0.023526,-0.066194,0.749965,-0.544238,0.324276,0.193771,-0.321667,0.147022,0.770317,0.243082,0.353778,0.116522,-0.112575,-0.030639,2.251500,-0.997313,-0.108976,0.261800,1.377372,-0.186072,1.621650,1.232046,-0.211786,0.433888,-0.131313,-0.130779,0.158009,-0.132941
-0.892404,-0.024141,-0.065583,0.749186,-0.544334,0.324395,0.193730,-0.322022,0.146831,0.768956,0.243597,0.354110,0.117850,-0.112015,-0.030631,2.251500,-0.997609,-0.109407,0.261800,1.377658,-0.187796,1.621619,1.232153,-0.211755,0.434550,-0.131652,-0.131023,0.156994,-0.133124
-0.891851,-0.024732,-0.064652,0.748319,-0.544286,0.324572,0.193730,-0.322303,0.146343,0.767502,0.243848,0.354282,0.119285,-0.111623,-0.030406,2.251500,-0.997821,-0.109813,0.261800,1.377695,-0.189603,1.621622,1.232316,-0.211599,0.435084,-0.132029,-0.131280,0.155718,-0.133400
-0.891469,-0.025621,-0.064242,0.748275,-0.544257,0.324923,0.193689,-0.322494,0.146630,0.766430,0.244645,0.354751,0.120241,-0.111016,-0.031095,2.251500,-0.998466,-0.109899,0.261800,1.377703,-0.191235,1.621669,1.232063,-0.210796,0.435263,-0.131877,-0.131338,0.155565,-0.133135
-0.891103,-0.026619,-0.063782,0.748288,-0.544475,0.325196,0.193701,-0.322481,0.147059,0.765818,0.245555,0.355232,0.121075,-0.110785,-0.031691,2.251500,-0.999095,-0.109861,0.261800,1.377704,-0.192799,1.621703,1.231701,-0.210055,0.435418,-0.131794,-0.131563,0.155393,-0.133147
-0.890768,-0.027837,-0.063226,0.748414,-0.545189,0.325314,0.193817,-0.322061,0.147775,0.766129,0.246691,0.355736,0.121664,-0.111309,-0.032101,2.251500,-0.999694,-0.109574,0.261800,1.377693,-0.194228,1.621709,1.231119,-0.209437,0.435527,-0.131849,-0.132121,0.155186,-0.133710
-0.890090,-0.028759,-0.062589,0.748278,-0.545615,0.325353,0.194061,-0.321589,0.148245,0.765339,0.247233,0.356288,0.121939,-0.111115,-0.032116,2.251500,-1.000307,-0.109553,0.261800,1.377599,-0.195594,1.621714,1.230646,-0.208733,0.435217,-0.131916,-0.132431,0.154832,-0.134361
-0.889241,-0.029533,-0.061911,0.748012,-0.545899,0.325354,0.194368,-0.321090,0.148591,0.763999,0.247477,0.356865,0.122056,-0.110563,-0.031932,2.251500,-1.000927,-0.109664,0.261800,1.377463,-0.196929,1.621717,1.230229,-0.207985,0.434697,-0.131989,-0.132617,0.154403,-0.135056
-0.888904,-0.030570,-0.061101,0.748144,-0.546272,0.325382,0.194658,-0.321131,0.148829,0.764035,0.247914,0.357210,0.122646,-0.111087,-0.032113,2.251500,-1.000978,-0.109548,0.261800,1.377159,-0.198114,1.622034,1.230154,-0.207516,0.434165,-0.132118,-0.132909,0.153952,-0.135334
-0.888556,-0.031467,-0.060097,0.748050,-0.546658,0.325332,0.194651,-0.321213,0.148786,0.764078,0.247766,0.357622,0.123156,-0.111806,-0.031747,2.251500,-1.000888,-0.109558,0.261800,1.376682,-0.199289,1.622199,1.230433,-0.207299,0.433651,-0.132342,-0.133027,0.153683,-0.135565
-0.888185,-0.032084,-0.058703,0.747502,-0.547070,0.325126,0.194045,-0.321378,0.148179,0.764132,0.246450,0.358168,0.123504,-0.112912,-0.030287,2.251500,-1.000518,-0.109822,0.261800,1.375861,-0.200444,1.622061,1.231423,-0.207588,0.433171,-0.132757,-0.132796,0.153778,-0.135700
-0.888067,-0.032581,-0.057310,0.746762,-0.547461,0.324757,0.193773,-0.321391,0.147568,0.764083,0.245097,0.358782,0.123609,-0.113728,-0.029962,2.251500,-1.000344,-0.110029,0.261800,1.375138,-0.201237,1.621742,1.232364,-0.207291,0.432259,-0.133056,-0.132639,0.153829,-0.135739
-0.888075,-0.033019,-0.055918,0.745925,-0.547843,0.324304,0.193669,-0.321328,0.146956,0.763982,0.243727,0.359430,0.123593,-0.114398,-0.030205,2.251500,-1.000267,-0.110208,0.261800,1.374465,-0.201850,1.621332,1.233280,-0.206702,0.431130,-0.133298,-0.132518,0.153858,-0.135731
-0.887983,-0.033920,-0.055329,0.745749,-0.548279,0.323872,0.192871,-0.320875,0.146946,0.765119,0.244369,0.359994,0.123731,-0.115510,-0.029719,2.251500,-0.999907,-0.110289,0.261800,1.374160,-0.202377,1.621140,1.233873,-0.206763,0.430333,-0.133473,-0.132611,0.153724,-0.135807
-0.887833,-0.034805,-0.054696,0.745508,-0.548743,0.323643,0.192185,-0.320479,0.147035,0.766207,0.244833,0.360426,0.123839,-0.116696,-0.029429,2.251500,-0.999920,-0.110216,0.261800,1.373938,-0.202789,1.620944,1.234112,-0.206783,0.429646,-0.133701,-0.132788,0.153367,-0.136040
-0.887568,-0.035660,-0.053972,0.745135,-0.549264,0.323822,0.191722,-0.320195,0.147323,0.767196,0.244942,0.360595,0.123887,-0.118033,-0.029531,2.251500,-1.000680,-0.109834,0.261800,1.373883,-0.202972,1.620739,1.233645,-0.206724,0.429176,-0.134034,-0.133134,0.152563,-0.136586
-0.887523,-0.036009,-0.053343,0.744791,-0.549549,0.323694,0.191083,-0.320007,0.147390,0.767770,0.245196,0.360832,0.124017,-0.118948,-0.029430,2.251500,-1.000730,-0.109847,0.261800,1.373744,-0.203430,1.620822,1.234235,-0.206616,0.428792,-0.134220,-0.133014,0.152066,-0.136643
-0.887588,-0.036105,-0.052761,0.744462,-0.549717,0.323411,0.190357,-0.319866,0.147345,0.768138,0.245522,0.361103,0.124187,-0.119653,-0.029227,2.251500,-1.000424,-0.110057,0.261800,1.373562,-0.204025,1.621048,1.235353,-0.206483,0.428451,-0.134332,-0.132661,0.151722,-0.136458
-0.886722,-0.036496,-0.052326,0.743867,-0.549428,0.323364,0.190145,-0.319407,0.147214,0.767185,0.245672,0.361177,0.124589,-0.119192,-0.029564,2.251500,-1.000613,-0.110601,0.261800,1.373591,-0.204334,1.620890,1.236000,-0.206211,0.428065,-0.134583,-0.132390,0.151616,-0.136202
-0.886270,-0.036823,-0.051930,0.743509,-0.549294,0.323468,0.190037,-0.319223,0.146964,0.766328,0.245759,0.361128,0.124966,-0.118765,-0.029831,2.251500,-1.000931,-0.110969,0.261800,1.373583,-0.204783,1.620902,1.236468,-0.205920,0.428066,-0.134635,-0.132210,0.151671,-0.136055
-0.886645,-0.037022,-0.051611,0.743621,-0.549468,0.323871,0.190140,-0.319592,0.146477,0.765660,0.245717,0.360833,0.125292,-0.118402,-0.029953,2.251500,-1.001506,-0.110986,0.261800,1.373505,-0.205509,1.621252,1.236580,-0.205593,0.428841,-0.134288,-0.132209,0.152048,-0.136127
-0.887110,-0.037269,-0.051566,0.743487,-0.549627,0.323967,0.189930,-0.319890,0.146540,0.765617,0.245926,0.360614,0.125624,-0.118212,-0.029763,2.251500,-1.001730,-0.110908,0.261800,1.373850,-0.205918,1.621861,1.236582,-0.206027,0.429227,-0.133975,-0.132319,0.152019,-0.136214
-0.887620,-0.037541,-0.051658,0.743231,-0.549779,0.323911,0.189563,-0.320152,0.146879,0.765886,0.246261,0.360433,0.125958,-0.118107,-0.029415,2.251500,-1.001779,-0.110783,0.261800,1.374408,-0.206167,1.622599,1.236530,-0.206841,0.429418,-0.133679,-0.132484,0.151785,-0.136308
-0.887742,-0.037772,-0.051298,0.743150,-0.549363,0.324284,0.189260,-0.320401,0.146506,0.764711,0.246303,0.360261,0.126170,-0.117512,-0.029293,2.251500,-1.001614,-0.110851,0.261800,1.374424,-0.206496,1.622772,1.236698,-0.206560,0.429743,-0.133288,-0.132194,0.151294,-0.136066
-0.887808,-0.037990,-0.051100,0.743188,-0.549088,0.324690,0.189053,-0.320622,0.146245,0.763698,0.246415,0.360082,0.126376,-0.116941,-0.029284,2.251500,-1.001534,-0.110884,0.261800,1.374479,-0.206860,1.623050,1.236849,-0.206391,0.430055,-0.132925,-0.132058,0.150898,-0.136000
-0.887761,-0.038185,-0.051224,0.743460,-0.549097,0.325161,0.189035,-0.320789,0.146208,0.763008,0.246666,0.359889,0.126569,-0.116416,-0.029501,2.251500,-1.001621,-0.110845,0.261800,1.374615,-0.207298,1.623540,1.236964,-0.206449,0.430338,-0.132615,-0.132234,0.150692,-0.136283
-0.887634,-0.038125,-0.051514,0.744132,-0.548809,0.325745,0.189445,-0.321216,0.146396,0.762371,0.247110,0.359577,0.127147,-0.115628,-0.029849,2.251500,-1.001561,-0.110732,0.261800,1.374740,-0.207628,1.624044,1.236653,-0.207006,0.430412,-0.132478,-0.132498,0.150340,-0.136867
-0.887466,-0.037939,-0.051888,0.745003,-0.548373,0.326385,0.190067,-0.321772,0.146695,0.761760,0.247652,0.359206,0.127917,-0.114710,-0.030263,2.251500,-1.001427,-0.110582,0.261800,1.374860,-0.207904,1.624555,1.236129,-0.207812,0.430383,-0.132428,-0.132806,0.149916,-0.137602
-0.887328,-0.038553,-0.051924,0.745290,-0.548924,0.326432,0.190584,-0.322499,0.147273,0.761889,0.248157,0.359354,0.127950,-0.114799,-0.030352,2.251500,-1.000982,-0.110394,0.261800,1.374820,-0.208223,1.625357,1.236165,-0.207799,0.429772,-0.132383,-0.132829,0.149880,-0.137854
-0.887282,-0.039106,-0.052026,0.745546,-0.549213,0.326719,0.191172,-0.323126,0.147727,0.761711,0.248560,0.359365,0.128129,-0.114635,-0.030578,2.251500,-1.000446,-0.110321,0.261800,1.374743,-0.208535,1.625946,1.235959,-0.207733,0.429524,-0.132319,-0.132969,0.150232,-0.138316
-0.887420,-0.039538,-0.052258,0.745742,-0.548978,0.327484,0.191903,-0.323554,0.147932,0.760916,0.248761,0.359099,0.128597,-0.113964,-0.031075,2.251500,-0.999726,-0.110475,0.261800,1.374591,-0.208832,1.626109,1.235269,-0.207562,0.430003,-0.132216,-0.133341,0.151359,-0.139200
-0.887700,-0.039737,-0.052352,0.746294,-0.548687,0.328114,0.192626,-0.323752,0.148461,0.760584,0.249244,0.359153,0.129078,-0.113580,-0.031623,2.251500,-0.999099,-0.110272,0.261800,1.374218,-0.208887,1.626178,1.234879,-0.206856,0.430020,-0.131992,-0.133559,0.152307,-0.140099
-0.888051,-0.039820,-0.052377,0.747024,-0.548368,0.328677,0.193346,-0.323835,0.149151,0.760483,0.249869,0.359367,0.129567,-0.113339,-0.032198,2.251500,-0.998519,-0.109891,0.261800,1.373734,-0.208820,1.626200,1.234640,-0.205881,0.429806,-0.131708,-0.133699,0.153164,-0.141007
-0.888625,-0.040022,-0.052497,0.747026,-0.548262,0.329037,0.193264,-0.324220,0.149466,0.760041,0.249688,0.359196,0.130003,-0.112389,-0.031696,2.251500,-0.997560,-0.110579,0.261800,1.374003,-0.208153,1.626305,1.235371,-0.206290,0.429317,-0.131817,-0.133494,0.152784,-0.140809
-0.889194,-0.040165,-0.052702,0.747152,-0.548179,0.329510,0.193227,-0.324382,0.149986,0.759882,0.249740,0.359142,0.130350,-0.111630,-0.031129,2.251500,-0.996637,-0.110847,0.261800,1.374257,-0.207391,1.626257,1.235690,-0.206575,0.428801,-0.131839,-0.133292,0.152470,-0.140350
-0.889751,-0.040193,-0.053074,0.747528,-0.548141,0.330211,0.193279,-0.324100,0.150920,0.760291,0.250255,0.359320,0.130520,-0.111252,-0.030432,2.251500,-0.995786,-0.110276,0.261800,1.374480,-0.206438,1.625906,1.235186,-0.206612,0.428231,-0.131689,-0.133095,0.152292,-0.139371
-0.890463,-0.039865,-0.053036,0.747878,-0.547779,0.330804,0.193632,-0.324511,0.151182,0.760246,0.250390,0.359327,0.130677,-0.110747,-0.030477,2.251500,-0.995517,-0.110129,0.261800,1.374589,-0.205481,1.625317,1.235116,-0.206631,0.427827,-0.131624,-0.132665,0.152562,-0.138903
-0.891254,-0.039358,-0.052793,0.748215,-0.547255,0.331345,0.194135,-0.325269,0.151109,0.759975,0.250335,0.359249,0.130826,-0.110177,-0.030893,2.251500,-0.995539,-0.110193,0.261800,1.374642,-0.204521,1.624609,1.235263,-0.206641,0.427506,-0.131600,-0.132118,0.153057,-0.138691
-0.891997,-0.039129,-0.053109,0.748399,-0.546959,0.331318,0.193593,-0.325102,0.152002,0.761115,0.251042,0.359927,0.129957,-0.110678,-0.031319,2.251500,-0.994890,-0.109521,0.261800,1.375504,-0.203032,1.624569,1.236141,-0.206850,0.426882,-0.131062,-0.131236,0.153346,-0.136924
-0.892594,-0.038643,-0.053203,0.748369,-0.546653,0.331353,0.193168,-0.324988,0.152289,0.761649,0.251187,0.360451,0.129329,-0.110735,-0.031283,2.251500,-0.994141,-0.109239,0.261800,1.376079,-0.201658,1.624279,1.237213,-0.207366,0.426087,-0.130953,-0.130554,0.153708,-0.135707
-0.892896,-0.037645,-0.052852,0.747911,-0.546327,0.331512,0.192980,-0.324981,0.151365,0.760971,0.250208,0.360669,0.129183,-0.109907,-0.030326,2.251500,-0.993195,-0.109737,0.261800,1.376077,-0.200510,1.623489,1.238672,-0.208497,0.424950,-0.131702,-0.130269,0.154215,-0.135594
-0.893108,-0.037075,-0.052771,0.748140,-0.545810,0.331813,0.193095,-0.325124,0.150738,0.760589,0.249812,0.360798,0.129210,-0.108492,-0.029860,2.251500,-0.992796,-0.110084,0.261800,1.376112,-0.199483,1.623042,1.239554,-0.208827,0.424483,-0.131993,-0.129883,0.154653,-0.134962
-0.893275,-0.036718,-0.052827,0.748713,-0.545197,0.332186,0.193362,-0.325340,0.150261,0.760353,0.249707,0.360882,0.129324,-0.106784,-0.029640,2.251500,-0.992671,-0.110354,0.261800,1.376166,-0.198515,1.622765,1.240146,-0.208754,0.424349,-0.132054,-0.129447,0.155056,-0.134069
-0.893824,-0.036287,-0.053211,0.749063,-0.545133,0.332448,0.192992,-0.325198,0.150364,0.761426,0.249879,0.361156,0.129399,-0.106629,-0.030395,2.251500,-0.992548,-0.110535,0.261800,1.376246,-0.197804,1.622311,1.240628,-0.208857,0.424362,-0.132221,-0.129154,0.155366,-0.133037
-0.894754,-0.036077,-0.053572,0.749670,-0.545262,0.332595,0.193070,-0.325262,0.150519,0.763250,0.250147,0.361514,0.129243,-0.106762,-0.030906,2.251500,-0.992447,-0.110313,0.261800,1.376304,-0.197208,1.621889,1.240977,-0.208755,0.424365,-0.132258,-0.128920,0.156003,-0.132173
-0.896447,-0.036311,-0.053887,0.750789,-0.545778,0.332510,0.194042,-0.325738,0.150775,0.766578,0.250607,0.362039,0.128624,-0.107472,-0.030930,2.251500,-0.992392,-0.109285,0.261800,1.376317,-0.196842,1.621528,1.241059,-0.208244,0.424351,-0.132035,-0.128802,0.157292,-0.131647
-0.897710,-0.036184,-0.053935,0.751522,-0.546024,0.332541,0.193833,-0.325692,0.150672,0.769991,0.250719,0.362268,0.128318,-0.108659,-0.030571,2.251500,-0.992548,-0.108452,0.261800,1.376108,-0.196604,1.621007,1.241126,-0.207845,0.424690,-0.132101,-0.128846,0.158776,-0.131411
-0.898758,-0.035875,-0.053849,0.752061,-0.546135,0.332628,0.193034,-0.325387,0.150389,0.773446,0.250655,0.362349,0.128169,-0.110086,-0.030019,2.251500,-0.992810,-0.107715,0.261800,1.375789,-0.196429,1.620407,1.241187,-0.207503,0.425205,-0.132312,-0.128970,0.160356,-0.131319
-0.899900,-0.035585,-0.054231,0.752860,-0.546282,0.332409,0.192836,-0.325139,0.150721,0.775548,0.251110,0.362662,0.128295,-0.110122,-0.031036,2.251500,-0.992488,-0.107939,0.261800,1.375733,-0.196045,1.620203,1.241097,-0.207264,0.424774,-0.132114,-0.128753,0.160625,-0.130701
-0.900771,-0.035323,-0.054504,0.753473,-0.546555,0.332110,0.192557,-0.324842,0.151010,0.777795,0.251416,0.363111,0.128300,-0.110445,-0.031670,2.251500,-0.992072,-0.108097,0.261800,1.375541,-0.195823,1.619916,1.241045,-0.206974,0.424534,-0.132093,-0.128582,0.160557,-0.130146
-0.901099,-0.035120,-0.054558,0.753711,-0.547082,0.331656,0.192114,-0.324448,0.151216,0.780335,0.251423,0.363832,0.128062,-0.111341,-0.031535,2.251500,-0.991469,-0.108125,0.261800,1.375075,-0.195926,1.619464,1.241068,-0.206579,0.424679,-0.132430,-0.128500,0.159811,-0.129719
-0.902104,-0.034734,-0.054485,0.753761,-0.547416,0.331504,0.191020,-0.323975,0.151051,0.782475,0.251268,0.364043,0.128559,-0.112439,-0.031941,2.251500,-0.991147,-0.108204,0.261800,1.374555,-0.196203,1.619140,1.241745,-0.207026,0.424966,-0.132702,-0.128238,0.159453,-0.129852
-0.903448,-0.034255,-0.054348,0.753718,-0.547653,0.331504,0.189602,-0.323462,0.150699,0.784415,0.251033,0.363997,0.129422,-0.113639,-0.032618,2.251500,-0.990965,-0.108309,0.261800,1.374008,-0.196565,1.618881,1.242748,-0.207893,0.425325,-0.132940,-0.127886,0.159288,-0.130266
-0.904175,-0.034067,-0.054453,0.754037,-0.548549,0.330905,0.188520,-0.322505,0.151887,0.787814,0.251622,0.365157,0.128693,-0.115371,-0.032981,2.251500,-0.990917,-0.107682,0.261800,1.373941,-0.196416,1.618481,1.242579,-0.207299,0.425035,-0.133085,-0.127846,0.158754,-0.129843
-0.904743,-0.033698,-0.054487,0.754170,-0.548869,0.330266,0.187662,-0.321776,0.152446,0.789999,0.251564,0.366051,0.128151,-0.116380,-0.033229,2.251500,-0.990735,-0.107436,0.261800,1.373912,-0.196412,1.618217,1.242745,-0.206772,0.424846,-0.133161,-0.127658,0.158455,-0.129541
-0.904991,-0.032968,-0.054381,0.753935,-0.548033,0.329549,0.187253,-0.321503,0.151746,0.789756,0.250209,0.366412,0.127984,-0.115942,-0.033245,2.251500,-0.990283,-0.107949,0.261800,1.373962,-0.196698,1.618229,1.243582,-0.206379,0.424863,-0.133097,-0.127175,0.158627,-0.129482
-0.904745,-0.032186,-0.054226,0.753544,-0.547552,0.329019,0.186665,-0.321183,0.151489,0.789240,0.249186,0.367152,0.127663,-0.115669,-0.033222,2.251500,-0.989823,-0.108603,0.261800,1.373835,-0.196786,1.618216,1.244056,-0.205309,0.424582,-0.133125,-0.126976,0.158684,-0.129661
-0.904254,-0.031376,-0.054046,0.753076,-0.547248,0.328582,0.185989,-0.320839,0.151453,0.788588,0.248329,0.368082,0.127264,-0.115478,-0.033179,2.251500,-0.989361,-0.109329,0.261800,1.373621,-0.196775,1.618191,1.244349,-0.203902,0.424151,-0.133200,-0.126920,0.158683,-0.129960
-0.903818,-0.030903,-0.054658,0.753688,-0.547279,0.328102,0.186571,-0.320457,0.151923,0.788441,0.248632,0.368998,0.126760,-0.114826,-0.033657,2.251500,-0.988779,-0.108947,0.261800,1.374012,-0.196728,1.618253,1.244042,-0.203151,0.424260,-0.132951,-0.126993,0.158831,-0.130334
-0.903473,-0.030615,-0.055063,0.754166,-0.547309,0.327668,0.186840,-0.319904,0.152264,0.788319,0.249010,0.369884,0.126310,-0.114295,-0.033891,2.251500,-0.988280,-0.108600,0.261800,1.374260,-0.196718,1.618393,1.243864,-0.202620,0.424312,-0.132778,-0.126985,0.158703,-0.130540
-0.903312,-0.030699,-0.055053,0.754377,-0.547335,0.327322,0.186486,-0.319007,0.152350,0.788245,0.249537,0.370711,0.125969,-0.114006,-0.033639,2.251500,-0.987946,-0.108326,0.261800,1.374224,-0.196782,1.618688,1.243945,-0.202527,0.424251,-0.132754,-0.126814,0.158021,-0.130411
-0.903167,-0.030451,-0.055441,0.754210,-0.547135,0.327211,0.186290,-0.319346,0.152630,0.786916,0.249497,0.371461,0.125411,-0.112790,-0.032558,2.251500,-0.987615,-0.108839,0.261800,1.374551,-0.196840,1.618867,1.244203,-0.202463,0.424787,-0.132241,-0.126269,0.157935,-0.130795
-0.903030,-0.030037,-0.056028,0.753853,-0.546821,0.327219,0.186173,-0.320302,0.153007,0.784961,0.249174,0.372172,0.124744,-0.111108,-0.031063,2.251500,-0.987285,-0.109748,0.261800,1.375060,-0.196895,1.618989,1.244548,-0.202413,0.425620,-0.131483,-0.125537,0.158145,-0.131435
-0.902589,-0.030124,-0.056597,0.753881,-0.546749,0.326969,0.186573,-0.320361,0.153862,0.783615,0.249892,0.372822,0.124354,-0.109441,-0.030108,2.251500,-0.986874,-0.110058,0.261800,1.375619,-0.196962,1.619553,1.244713,-0.201888,0.426290,-0.130823,-0.125098,0.156774,-0.132016
-0.902129,-0.030077,-0.057112,0.753935,-0.546606,0.326768,0.187090,-0.320401,0.154426,0.782275,0.250412,0.373444,0.124020,-0.108029,-0.029549,2.251500,-0.986198,-0.110334,0.261800,1.376077,-0.197093,1.620044,1.244974,-0.201359,0.427024,-0.130297,-0.124779,0.156107,-0.132523
-0.901631,-0.029762,-0.057517,0.754038,-0.546322,0.326666,0.187840,-0.320402,0.154409,0.780949,0.250534,0.374012,0.123799,-0.107131,-0.029785,2.251500,-0.984991,-0.110545,0.261800,1.376336,-0.197353,1.620386,1.245428,-0.200819,0.427883,-0.130041,-0.124698,0.156850,-0.132879
-0.901469,-0.029413,-0.057760,0.754177,-0.545996,0.326499,0.187852,-0.320031,0.154343,0.779836,0.250312,0.374701,0.123726,-0.106285,-0.029432,2.251500,-0.983988,-0.110646,0.261800,1.376487,-0.197443,1.620603,1.246112,-0.201058,0.428384,-0.130060,-0.124681,0.157443,-0.133017
-0.901473,-0.029046,-0.057923,0.754332,-0.545650,0.326298,0.187494,-0.319473,0.154252,0.778829,0.249917,0.375450,0.123726,-0.105466,-0.028785,2.251500,-0.983087,-0.110691,0.261800,1.376584,-0.197448,1.620757,1.246911,-0.201687,0.428705,-0.130215,-0.124696,0.157962,-0.133045
-0.899852,-0.027954,-0.058725,0.754202,-0.544627,0.326124,0.187791,-0.319371,0.154271,0.775936,0.249707,0.376133,0.124106,-0.102841,-0.028383,2.251500,-0.982694,-0.111736,0.261800,1.376542,-0.198102,1.621651,1.248038,-0.200108,0.428812,-0.130007,-0.124430,0.158565,-0.132913
-0.898623,-0.027092,-0.059471,0.754187,-0.543829,0.326053,0.188212,-0.319489,0.154245,0.773657,0.249522,0.376659,0.124560,-0.100594,-0.027997,2.251500,-0.982395,-0.112520,0.261800,1.376549,-0.198734,1.622418,1.248976,-0.198877,0.429044,-0.129818,-0.124253,0.159220,-0.133077
-0.898180,-0.026690,-0.060108,0.754399,-0.543482,0.326192,0.188880,-0.320048,0.154129,0.772608,0.249386,0.376870,0.125159,-0.099100,-0.027640,2.251500,-0.982283,-0.112784,0.261800,1.376654,-0.199322,1.622931,1.249534,-0.198341,0.429528,-0.129667,-0.124253,0.159978,-0.133832
-0.897755,-0.025982,-0.060793,0.754663,-0.543095,0.326382,0.189283,-0.320642,0.153574,0.771030,0.249008,0.376775,0.126591,-0.097833,-0.026845,2.251500,-0.982014,-0.113434,0.261800,1.376467,-0.200314,1.623445,1.249979,-0.198433,0.429952,-0.129600,-0.124150,0.159776,-0.133928
-0.897337,-0.025120,-0.061504,0.754953,-0.542690,0.326598,0.189554,-0.321255,0.152801,0.769189,0.248508,0.376526,0.128439,-0.096678,-0.025832,2.251500,-0.981667,-0.114276,0.261800,1.376135,-0.201507,1.623961,1.250368,-0.198839,0.430348,-0.129575,-0.123996,0.159093,-0.133696
-0.897280,-0.024715,-0.062120,0.755503,-0.542897,0.327349,0.189900,-0.322394,0.152458,0.768373,0.248721,0.376059,0.130314,-0.095951,-0.025429,2.251500,-0.982087,-0.114314,0.261800,1.375668,-0.203072,1.624416,1.250685,-0.199883,0.431343,-0.129223,-0.123800,0.158445,-0.133740
-0.897201,-0.024217,-0.062655,0.755850,-0.543016,0.327887,0.190195,-0.323464,0.152222,0.767627,0.248816,0.375687,0.132076,-0.095145,-0.024939,2.251500,-0.982648,-0.114529,0.261800,1.375242,-0.204545,1.624746,1.250949,-0.200385,0.431882,-0.128809,-0.123415,0.157908,-0.133573
-0.897080,-0.023534,-0.063029,0.755789,-0.542960,0.328000,0.190389,-0.324397,0.152200,0.767019,0.248678,0.375508,0.133611,-0.094181,-0.024277,2.251500,-0.983494,-0.115095,0.261800,1.374898,-0.205833,1.624827,1.251107,-0.199803,0.431506,-0.128270,-0.122653,0.157594,-0.132984
-0.896907,-0.022940,-0.063549,0.756357,-0.542829,0.328600,0.191400,-0.325193,0.151919,0.766590,0.248828,0.375035,0.135337,-0.093403,-0.023847,2.251500,-0.984442,-0.114731,0.261800,1.374459,-0.207323,1.625177,1.251205,-0.199210,0.431550,-0.127570,-0.122038,0.157837,-0.132960
-0.896709,-0.022389,-0.064141,0.757240,-0.542660,0.329444,0.192819,-0.325921,0.151508,0.766250,0.249122,0.374415,0.137157,-0.092716,-0.023531,2.251500,-0.985441,-0.113903,0.261800,1.373972,-0.208913,1.625661,1.251274,-0.198613,0.431804,-0.126790,-0.121496,0.158357,-0.133216
-0.896379,-0.021550,-0.064711,0.756983,-0.542498,0.329556,0.193014,-0.326710,0.150984,0.764741,0.248736,0.373797,0.139413,-0.091116,-0.023524,2.251500,-0.984864,-0.114888,0.261800,1.373621,-0.210352,1.625829,1.251044,-0.199085,0.432558,-0.126841,-0.121381,0.157732,-0.132734
-0.896462,-0.020909,-0.065195,0.757109,-0.542350,0.329716,0.193177,-0.327265,0.150488,0.763590,0.248389,0.373090,0.141409,-0.089605,-0.023503,2.251500,-0.984823,-0.115516,0.261800,1.373465,-0.211605,1.625972,1.250620,-0.199849,0.433299,-0.126755,-0.121204,0.157109,-0.132389
-0.897372,-0.020661,-0.065506,0.758002,-0.542231,0.329975,0.193280,-0.327354,0.150051,0.763154,0.248121,0.372203,0.142885,-0.088273,-0.023457,2.251500,-0.985854,-0.115432,0.261800,1.373700,-0.212487,1.626063,1.249806,-0.201200,0.434012,-0.126397,-0.120903,0.156488,-0.132320
-0.897450,-0.020102,-0.066211,0.758911,-0.541488,0.330026,0.193929,-0.327271,0.150087,0.762761,0.248294,0.371731,0.144205,-0.087257,-0.023693,2.251500,-0.985905,-0.115465,0.261800,1.374103,-0.213271,1.626478,1.249430,-0.201907,0.434498,-0.126158,-0.120566,0.156318,-0.131973
-0.897110,-0.019388,-0.067111,0.759828,-0.540435,0.329972,0.194849,-0.327102,0.150360,0.762389,0.248687,0.371466,0.145447,-0.086399,-0.024070,2.251500,-0.985467,-0.115557,0.261800,1.374590,-0.214006,1.627056,1.249274,-0.202291,0.434871,-0.125979,-0.120210,0.156371,-0.131488
-0.897127,-0.018556,-0.067763,0.760356,-0.540109,0.329598,0.194800,-0.326946,0.150410,0.761981,0.248249,0.371432,0.146229,-0.085460,-0.024772,2.251500,-0.985314,-0.115846,0.261800,1.375118,-0.214615,1.627452,1.249112,-0.202603,0.435824,-0.126054,-0.120263,0.156727,-0.131230
-0.897219,-0.018235,-0.068306,0.760740,-0.539992,0.329225,0.194849,-0.326599,0.150213,0.762031,0.248050,0.371424,0.146784,-0.084703,-0.024665,2.251500,-0.985158,-0.115944,0.261800,1.375559,-0.215205,1.627954,1.248880,-0.202608,0.436738,-0.125952,-0.120233,0.156733,-0.131010
-0.897463,-0.018934,-0.068631,0.760834,-0.540294,0.328853,0.195097,-0.325870,0.149525,0.762999,0.248332,0.371469,0.146882,-0.084311,-0.022943,2.251500,-0.984997,-0.115662,0.261800,1.375825,-0.215754,1.628667,1.248505,-0.201999,0.437573,-0.125494,-0.120035,0.156042,-0.130863
-0.897501,-0.018934,-0.069267,0.761216,-0.539797,0.328690,0.195539,-0.325584,0.149065,0.762216,0.247975,0.371508,0.147684,-0.083070,-0.022461,2.251500,-0.984572,-0.115844,0.261800,1.376027,-0.216238,1.629343,1.248524,-0.201995,0.438534,-0.125251,-0.119842,0.155683,-0.130607
-0.897436,-0.018584,-0.070059,0.761740,-0.538900,0.328631,0.196078,-0.325521,0.148717,0.760556,0.247298,0.371546,0.148836,-0.081404,-0.022599,2.251500,-0.984016,-0.116258,0.261800,1.376196,-0.216688,1.630000,1.248740,-0.202294,0.439559,-0.125116,-0.119652,0.155489,-0.130298
-0.897087,-0.017948,-0.070938,0.762574,-0.538259,0.328427,0.196598,-0.325590,0.148889,0.760334,0.246749,0.372121,0.149326,-0.080733,-0.021096,2.251500,-0.983743,-0.116355,0.261800,1.376546,-0.216963,1.630394,1.248837,-0.201989,0.440083,-0.124854,-0.119372,0.155094,-0.130338
-0.896584,-0.017262,-0.071813,0.763275,-0.537671,0.328032,0.196825,-0.325292,0.148994,0.760053,0.246128,0.372784,0.149651,-0.080043,-0.020009,2.251500,-0.983216,-0.116573,0.261800,1.376949,-0.217225,1.630853,1.248834,-0.201774,0.440584,-0.124721,-0.119240,0.154615,-0.130353
-0.895772,-0.016477,-0.072678,0.763712,-0.537189,0.327251,0.196467,-0.324261,0.148966,0.759655,0.245367,0.373623,0.149649,-0.079312,-0.019755,2.251500,-0.982181,-0.117031,0.261800,1.377460,-0.217464,1.631446,1.248633,-0.201738,0.441043,-0.124844,-0.119405,0.153968,-0.130317
-0.895280,-0.015985,-0.073601,0.764675,-0.536690,0.326626,0.196293,-0.323650,0.148924,0.759640,0.245010,0.374514,0.149812,-0.078836,-0.019447,2.251500,-0.981622,-0.117170,0.261800,1.377748,-0.217880,1.631675,1.248879,-0.201629,0.441354,-0.124779,-0.119210,0.153673,-0.130022
-0.894946,-0.015638,-0.074554,0.765902,-0.536183,0.326080,0.196210,-0.323248,0.148875,0.759815,0.244856,0.375431,0.150057,-0.078487,-0.019113,2.251500,-0.981301,-0.117149,0.261800,1.377925,-0.218385,1.631723,1.249350,-0.201485,0.441593,-0.124619,-0.118835,0.153554,-0.129596
-0.894848,-0.014824,-0.075873,0.766560,-0.535464,0.325579,0.196324,-0.324187,0.148707,0.758752,0.244350,0.376161,0.150442,-0.077327,-0.018320,2.251500,-0.980866,-0.117738,0.261800,1.378243,-0.219315,1.632084,1.249709,-0.201124,0.442538,-0.124411,-0.118571,0.153914,-0.129362
-0.894566,-0.014143,-0.077168,0.767203,-0.534896,0.324962,0.196518,-0.324818,0.148733,0.757999,0.243986,0.377027,0.150779,-0.076326,-0.017868,2.251500,-0.980292,-0.118165,0.261800,1.378577,-0.220100,1.632330,1.249829,-0.200270,0.443450,-0.124207,-0.118496,0.154372,-0.129335
-0.893916,-0.013730,-0.078413,0.767818,-0.534631,0.324110,0.196869,-0.324830,0.149147,0.757866,0.243904,0.378163,0.151024,-0.075644,-0.018096,2.251500,-0.979440,-0.118266,0.261800,1.378944,-0.220597,1.632344,1.249474,-0.198432,0.444293,-0.124010,-0.118798,0.155026,-0.129721
-0.894097,-0.013253,-0.079412,0.768191,-0.534654,0.323048,0.196319,-0.324876,0.149801,0.758310,0.244240,0.379373,0.151291,-0.075591,-0.018075,2.251500,-0.978261,-0.118368,0.261800,1.379614,-0.220711,1.632335,1.249563,-0.197940,0.445215,-0.123708,-0.118702,0.155336,-0.129867
-0.894694,-0.012745,-0.080288,0.768444,-0.534821,0.321879,0.195317,-0.324938,0.150574,0.759044,0.244784,0.380619,0.151570,-0.075852,-0.017929,2.251500,-0.976918,-0.118469,0.261800,1.380436,-0.220635,1.632316,1.249874,-0.198123,0.446177,-0.123353,-0.118407,0.155473,-0.129894
-0.894804,-0.012232,-0.081223,0.769029,-0.534208,0.320690,0.194598,-0.324607,0.150691,0.758231,0.244827,0.381626,0.152423,-0.074317,-0.018086,2.251500,-0.975335,-0.119162,0.261800,1.381077,-0.220978,1.632617,1.250843,-0.198006,0.447065,-0.123356,-0.118273,0.155882,-0.130170
-0.894853,-0.011616,-0.082041,0.769595,-0.533473,0.319689,0.194096,-0.324412,0.150592,0.757237,0.244455,0.382535,0.153499,-0.072972,-0.017913,2.251500,-0.973852,-0.119805,0.261800,1.381598,-0.221297,1.632897,1.251735,-0.197915,0.447810,-0.123388,-0.118073,0.156042,-0.130291
-0.894781,-0.010795,-0.082628,0.770119,-0.532497,0.319062,0.194030,-0.324489,0.150059,0.755883,0.243254,0.383247,0.155018,-0.072004,-0.017083,2.251500,-0.972572,-0.120351,0.261800,1.381883,-0.221571,1.633135,1.252476,-0.197872,0.448269,-0.123477,-0.117739,0.155705,-0.130101
-0.894478,-0.010062,-0.083334,0.770379,-0.532138,0.317941,0.193786,-0.324676,0.149573,0.754303,0.242122,0.384160,0.156253,-0.071121,-0.016589,2.251500,-0.970962,-0.120976,0.261800,1.382434,-0.221870,1.633742,1.253182,-0.197774,0.449157,-0.123761,-0.117748,0.155695,-0.129882
-0.894059,-0.009373,-0.084101,0.770508,-0.532088,0.316571,0.193454,-0.324917,0.149111,0.752610,0.241023,0.385175,0.157345,-0.070281,-0.016264,2.251500,-0.969187,-0.121641,0.261800,1.383117,-0.222182,1.634534,1.253871,-0.197648,0.450260,-0.124142,-0.117929,0.155849,-0.129649
-0.893960,-0.009580,-0.084955,0.771670,-0.532372,0.314799,0.194443,-0.324646,0.149133,0.752714,0.241280,0.386775,0.157774,-0.070135,-0.016117,2.251500,-0.966899,-0.121182,0.261800,1.383999,-0.222284,1.635816,1.254495,-0.197098,0.450987,-0.123999,-0.118041,0.155242,-0.130170
-0.893562,-0.009723,-0.085547,0.772597,-0.532355,0.312487,0.194944,-0.323913,0.149439,0.752938,0.241486,0.389069,0.157676,-0.070021,-0.016049,2.251500,-0.963813,-0.120998,0.261800,1.384798,-0.222171,1.637211,1.255620,-0.195662,0.451266,-0.123786,-0.118061,0.154797,-0.130595
-0.892565,-0.009739,-0.085614,0.773051,-0.531733,0.309096,0.194467,-0.322257,0.150309,0.753399,0.241590,0.392751,0.156521,-0.069971,-0.016141,2.251500,-0.959133,-0.121365,0.261800,1.385431,-0.221631,1.638836,1.257745,-0.192456,0.450649,-0.123434,-0.117896,0.154677,-0.130830
-0.892265,-0.009737,-0.085713,0.773312,-0.531282,0.305841,0.194276,-0.321287,0.150034,0.752509,0.241083,0.395449,0.156179,-0.069349,-0.016218,2.251500,-0.955096,-0.121695,0.261800,1.386561,-0.220937,1.640600,1.258854,-0.191459,0.450708,-0.123059,-0.117879,0.154678,-0.131243
-0.892313,-0.009727,-0.085829,0.773475,-0.530916,0.302655,0.194227,-0.320661,0.149186,0.750944,0.240271,0.397656,0.156243,-0.068443,-0.016288,2.251500,-0.951380,-0.122008,0.261800,1.387939,-0.220168,1.642434,1.259455,-0.191568,0.451104,-0.122674,-0.117936,0.154741,-0.131747
-0.891365,-0.009476,-0.086755,0.773657,-0.530728,0.297901,0.194587,-0.320232,0.150207,0.750218,0.239645,0.402349,0.154666,-0.068389,-0.017044,2.251500,-0.946107,-0.122570,0.261800,1.389853,-0.218978,1.645036,1.261134,-0.190285,0.451369,-0.122272,-0.118110,0.154476,-0.131939
-0.890556,-0.009317,-0.087250,0.773758,-0.530322,0.293155,0.194714,-0.319476,0.150703,0.749373,0.238826,0.406877,0.153489,-0.068291,-0.017418,2.251500,-0.940661,-0.123124,0.261800,1.391547,-0.217918,1.647534,1.262967,-0.189287,0.451399,-0.122109,-0.118286,0.154116,-0.132118
-0.890025,-0.009342,-0.086881,0.773694,-0.529481,0.288421,0.194375,-0.318069,0.150146,0.748291,0.237622,0.411076,0.153108,-0.068102,-0.017029,2.251500,-0.934872,-0.123664,0.261800,1.392804,-0.217119,1.649825,1.265108,-0.188859,0.450959,-0.122424,-0.118466,0.153561,-0.132273
-0.889416,-0.009213,-0.086982,0.773355,-0.529031,0.283143,0.194208,-0.317087,0.149835,0.746892,0.236527,0.415913,0.152252,-0.067724,-0.016740,2.251500,-0.928837,-0.124394,0.261800,1.394517,-0.216403,1.652453,1.267323,-0.188536,0.450971,-0.122398,-0.118729,0.151935,-0.132426
-0.888767,-0.009005,-0.087319,0.772879,-0.528776,0.277593,0.194126,-0.316316,0.149647,0.745333,0.235485,0.421070,0.151158,-0.067253,-0.016502,2.251500,-0.922680,-0.125219,0.261800,1.396458,-0.215730,1.655249,1.269576,-0.188265,0.451209,-0.122202,-0.119033,0.149772,-0.132578
-0.888467,-0.009113,-0.087910,0.773063,-0.528726,0.272716,0.193434,-0.316305,0.150227,0.745696,0.235028,0.426551,0.150268,-0.068355,-0.015687,2.251500,-0.917877,-0.125337,0.261800,1.398456,-0.215263,1.658472,1.270263,-0.187482,0.451905,-0.121089,-0.119324,0.147527,-0.133111
-0.888017,-0.009244,-0.088309,0.773383,-0.528749,0.267460,0.193228,-0.316087,0.150775,0.746190,0.234607,0.432288,0.149201,-0.069201,-0.015063,2.251500,-0.912640,-0.125465,0.261800,1.400512,-0.214895,1.661873,1.271100,-0.186589,0.452353,-0.120017,-0.119674,0.145112,-0.133910
-0.887264,-0.009424,-0.088324,0.773975,-0.528921,0.261447,0.193994,-0.315458,0.151256,0.746948,0.234256,0.438539,0.147781,-0.069530,-0.014822,2.251500,-0.906537,-0.125611,0.261800,1.402684,-0.214729,1.665628,1.272238,-0.185476,0.452308,-0.119027,-0.120143,0.142357,-0.135240
-0.886845,-0.009711,-0.088413,0.773830,-0.529260,0.255593,0.194070,-0.315680,0.151123,0.746675,0.233690,0.443914,0.147308,-0.069229,-0.014532,2.251500,-0.901164,-0.125749,0.261800,1.405310,-0.214901,1.670257,1.273057,-0.184381,0.452633,-0.117625,-0.120276,0.140715,-0.135848
-0.886591,-0.010053,-0.088539,0.773316,-0.529683,0.249818,0.193800,-0.316327,0.150683,0.745885,0.233015,0.448852,0.147309,-0.068612,-0.014216,2.251500,-0.896157,-0.125882,0.261800,1.408164,-0.215242,1.675323,1.273717,-0.183296,0.453143,-0.116015,-0.120242,0.139631,-0.136095
-0.886054,-0.010464,-0.088591,0.772931,-0.529499,0.243532,0.193467,-0.316325,0.150526,0.745077,0.232443,0.454958,0.146875,-0.068704,-0.013645,2.251500,-0.890119,-0.126556,0.261800,1.410653,-0.216414,1.679500,1.275541,-0.182009,0.454030,-0.115121,-0.120281,0.139292,-0.135825
-0.885550,-0.010906,-0.088424,0.773040,-0.529377,0.237210,0.193499,-0.316236,0.150262,0.744590,0.231853,0.461105,0.146712,-0.069108,-0.013002,2.251500,-0.884035,-0.127029,0.261800,1.413073,-0.217648,1.683420,1.277235,-0.181052,0.454448,-0.114411,-0.120480,0.138696,-0.136026
-0.885111,-0.011410,-0.087815,0.774134,-0.529378,0.230817,0.194262,-0.315971,0.149782,0.744745,0.231224,0.467336,0.147089,-0.070135,-0.012215,2.251500,-0.877858,-0.127097,0.261800,1.415356,-0.219004,1.686826,1.278665,-0.180754,0.453931,-0.114071,-0.120998,0.137583,-0.137171
-0.884616,-0.011945,-0.086881,0.774758,-0.529393,0.223268,0.194989,-0.316069,0.149627,0.744766,0.230946,0.474614,0.146757,-0.070584,-0.012899,2.251500,-0.870447,-0.127635,0.261800,1.418367,-0.219796,1.690060,1.280311,-0.180037,0.453292,-0.112987,-0.120959,0.136771,-0.137947
-0.884091,-0.012497,-0.085786,0.775146,-0.529416,0.215142,0.195698,-0.316348,0.149636,0.744721,0.230841,0.482416,0.146069,-0.070744,-0.014319,2.251500,-0.862419,-0.128407,0.261800,1.421742,-0.220304,1.693208,1.282066,-0.179110,0.452593,-0.111533,-0.120641,0.136110,-0.138538
-0.883787,-0.012807,-0.084191,0.775454,-0.529276,0.207569,0.196214,-0.316718,0.149144,0.744258,0.230375,0.489865,0.146645,-0.070647,-0.014764,2.251500,-0.854794,-0.129168,0.261800,1.424965,-0.221307,1.693904,1.283188,-0.176757,0.451990,-0.108972,-0.120730,0.136466,-0.139755
-0.883367,-0.013031,-0.082574,0.775531,-0.529352,0.199544,0.196482,-0.316879,0.148680,0.743681,0.229864,0.497608,0.147070,-0.070347,-0.015306,2.251500,-0.846666,-0.129911,0.261800,1.428579,-0.222206,1.694594,1.284654,-0.175090,0.451522,-0.106270,-0.121001,0.136505,-0.140824
-0.882717,-0.013085,-0.080915,0.775149,-0.529863,0.190614,0.196254,-0.316624,0.148274,0.742877,0.229266,0.505941,0.147190,-0.069645,-0.016043,2.251500,-0.837530,-0.130621,0.261800,1.432977,-0.222898,1.695272,1.286809,-0.174791,0.451323,-0.103285,-0.121638,0.135910,-0.141599
-0.881839,-0.013296,-0.079132,0.775484,-0.530277,0.181440,0.196614,-0.316761,0.147757,0.742285,0.228996,0.515074,0.147185,-0.069180,-0.016060,2.251500,-0.827664,-0.131299,0.261800,1.437551,-0.223635,1.695903,1.288410,-0.173598,0.450704,-0.100299,-0.121986,0.135287,-0.141884
-0.880847,-0.013584,-0.077287,0.776176,-0.530642,0.172144,0.197267,-0.317095,0.147184,0.741800,0.228891,0.524607,0.147117,-0.068835,-0.015716,2.251500,-0.817432,-0.131961,0.261800,1.442214,-0.224393,1.696512,1.289733,-0.171957,0.449874,-0.097313,-0.122188,0.134651,-0.141925
-0.879613,-0.013260,-0.075207,0.776321,-0.530860,0.162185,0.198138,-0.317614,0.147260,0.741118,0.228869,0.535198,0.147408,-0.067959,-0.017938,2.251500,-0.805460,-0.133057,0.261800,1.447864,-0.224730,1.697216,1.292405,-0.169536,0.449110,-0.094023,-0.122512,0.134948,-0.142282
-0.878367,-0.012966,-0.073153,0.776739,-0.530946,0.152527,0.199150,-0.318210,0.147068,0.740459,0.228783,0.545981,0.147578,-0.067385,-0.019354,2.251500,-0.794158,-0.133999,0.261800,1.453588,-0.225262,1.697865,1.295195,-0.167145,0.448472,-0.090858,-0.122541,0.135119,-0.142674
-0.877092,-0.012733,-0.071150,0.777704,-0.530767,0.143476,0.200443,-0.318963,0.146340,0.739847,0.228567,0.557150,0.147505,-0.067413,-0.019155,2.251500,-0.784198,-0.134635,0.261800,1.459458,-0.226185,1.698404,1.298226,-0.164816,0.448087,-0.087943,-0.121982,0.135037,-0.143136
-0.875714,-0.012091,-0.068554,0.777991,-0.530674,0.134086,0.201349,-0.319522,0.145831,0.738707,0.228021,0.569003,0.147456,-0.067161,-0.020116,2.251500,-0.773805,-0.135340,0.261800,1.466300,-0.226356,1.698975,1.300913,-0.163155,0.446998,-0.084754,-0.121417,0.133842,-0.143262
-0.874285,-0.011244,-0.065662,0.777940,-0.530624,0.124527,0.202062,-0.319984,0.145432,0.737304,0.227309,0.581197,0.147420,-0.066770,-0.021657,2.251500,-0.763197,-0.136079,0.261800,1.473628,-0.226151,1.699562,1.303428,-0.161829,0.445559,-0.081427,-0.120851,0.132091,-0.143221
-0.875245,-0.013492,-0.062328,0.779366,-0.530694,0.115860,0.200820,-0.318264,0.145963,0.739104,0.229118,0.598329,0.145541,-0.067143,-0.021374,2.251500,-0.753214,-0.136666,0.261800,1.487431,-0.228088,1.699825,1.307375,-0.160589,0.445450,-0.076009,-0.120474,0.134784,-0.143126
-0.874982,-0.014082,-0.059134,0.780411,-0.530574,0.106648,0.200566,-0.317555,0.145634,0.740104,0.229499,0.614553,0.144595,-0.067837,-0.021135,2.251500,-0.742594,-0.137235,0.261800,1.499253,-0.229543,1.700000,1.310960,-0.159523,0.445152,-0.071420,-0.120183,0.136408,-0.143047
-0.872270,-0.011355,-0.056222,0.780693,-0.530075,0.096345,0.202288,-0.318870,0.143587,0.739502,0.227026,0.628965,0.145514,-0.069170,-0.020985,2.251500,-0.730696,-0.137767,0.261800,1.507111,-0.230036,1.700000,1.313819,-0.158801,0.444476,-0.068486,-0.120063,0.135897,-0.142997
-0.871343,-0.011553,-0.052950,0.781542,-0.530326,0.087606,0.203154,-0.319118,0.143157,0.739718,0.227219,0.646964,0.145285,-0.069148,-0.021734,2.251500,-0.720301,-0.138697,0.261800,1.519988,-0.231422,1.700000,1.316686,-0.158888,0.444218,-0.064724,-0.120427,0.135461,-0.144027
-0.871308,-0.013212,-0.049497,0.782675,-0.530953,0.079649,0.203592,-0.318832,0.143536,0.740343,0.228746,0.666757,0.144483,-0.068449,-0.022933,2.251500,-0.710658,-0.139827,0.261800,1.535374,-0.233255,1.700000,1.319559,-0.159381,0.444170,-0.060548,-0.121031,0.135063,-0.145596
-0.870547,-0.012761,-0.045749,0.783026,-0.530714,0.071277,0.204104,-0.319659,0.142998,0.739472,0.228670,0.687426,0.144819,-0.068686,-0.023697,2.251245,-0.700778,-0.140224,0.261800,1.551604,-0.235036,1.700000,1.322669,-0.157664,0.443528,-0.056468,-0.120394,0.135929,-0.145122
-0.869479,-0.012381,-0.042124,0.783416,-0.530539,0.063235,0.204693,-0.320203,0.142318,0.738651,0.228619,0.708463,0.145354,-0.069108,-0.024257,2.250514,-0.691202,-0.140619,0.261800,1.567878,-0.236874,1.700000,1.325775,-0.155617,0.442889,-0.052518,-0.119939,0.135918,-0.144991
-0.867795,-0.012142,-0.038744,0.783884,-0.530494,0.055853,0.205432,-0.320182,0.141355,0.737928,0.228618,0.730239,0.146284,-0.069901,-0.024407,2.248831,-0.682235,-0.141007,0.261800,1.584241,-0.238828,1.700000,1.328870,-0.152906,0.442257,-0.048827,-0.119848,0.134150,-0.145547
-0.865161,-0.010460,-0.037065,0.784133,-0.529897,0.048661,0.207070,-0.321427,0.140297,0.735945,0.227324,0.748909,0.147578,-0.069853,-0.026014,2.245780,-0.673358,-0.141953,0.261800,1.596766,-0.239243,1.700000,1.330389,-0.151243,0.441655,-0.046143,-0.120292,0.132027,-0.145962
-0.862052,-0.008056,-0.036237,0.784271,-0.529024,0.041565,0.209158,-0.323305,0.139192,0.733334,0.225382,0.766024,0.149054,-0.069385,-0.028349,2.242045,-0.664527,-0.143179,0.261800,1.607372,-0.238887,1.700000,1.331119,-0.150104,0.441067,-0.043962,-0.121004,0.129727,-0.146306
-0.861777,-0.009795,-0.035698,0.784598,-0.530013,0.036795,0.208459,-0.322434,0.139844,0.732389,0.226976,0.789250,0.147482,-0.068300,-0.029027,2.236649,-0.659309,-0.144118,0.261800,1.626575,-0.239035,1.700000,1.332742,-0.150247,0.440899,-0.041569,-0.121385,0.129978,-0.146921
-0.860810,-0.010515,-0.035359,0.785290,-0.530705,0.031741,0.209047,-0.322431,0.140131,0.731828,0.227738,0.810729,0.146396,-0.068030,-0.029741,2.231475,-0.653813,-0.144567,0.261800,1.643233,-0.238894,1.700000,1.334108,-0.150030,0.440607,-0.038850,-0.121751,0.130043,-0.147758
-0.858457,-0.009196,-0.035420,0.786714,-0.530803,0.026117,0.212206,-0.324163,0.139687,0.732035,0.226835,0.828714,0.146281,-0.069391,-0.030530,2.226747,-0.647762,-0.144035,0.261800,1.654803,-0.238176,1.700000,1.334963,-0.149092,0.440067,-0.035476,-0.122088,0.129734,-0.149039
-0.857432,-0.009932,-0.035507,0.787815,-0.531188,0.022231,0.213419,-0.324101,0.140236,0.732373,0.227863,0.850675,0.144578,-0.069894,-0.030666,2.221388,-0.643376,-0.144027,0.261800,1.671898,-0.237959,1.700000,1.337091,-0.147832,0.439341,-0.032840,-0.122357,0.130451,-0.150600
-0.857070,-0.011695,-0.035609,0.788755,-0.531716,0.019215,0.213658,-0.323143,0.141282,0.732777,0.229856,0.874624,0.142082,-0.069969,-0.030476,2.215714,-0.639823,-0.144281,0.261800,1.691754,-0.237991,1.700000,1.339858,-0.146409,0.438522,-0.030574,-0.122593,0.131682,-0.152299
-0.854552,-0.009977,-0.035521,0.789494,-0.530943,0.015008,0.216642,-0.324420,0.139538,0.731880,0.227391,0.892328,0.142961,-0.071072,-0.029949,2.210772,-0.634302,-0.144816,0.261800,1.703456,-0.238094,1.700000,1.341735,-0.145924,0.438540,-0.029868,-0.122908,0.131804,-0.153342
-0.852859,-0.009451,-0.035149,0.790387,-0.530270,0.011273,0.218656,-0.324542,0.138392,0.731145,0.226070,0.912298,0.142946,-0.071506,-0.029983,2.205606,-0.629206,-0.145632,0.261800,1.718055,-0.237963,1.700000,1.344156,-0.145461,0.437356,-0.028922,-0.122978,0.131020,-0.153737
-0.852815,-0.011311,-0.034206,0.791591,-0.529795,0.008480,0.218731,-0.322353,0.138442,0.730735,0.227037,0.936798,0.141142,-0.070601,-0.031142,2.199993,-0.624960,-0.147010,0.261800,1.738445,-0.237363,1.700000,1.347665,-0.145041,0.433768,-0.027497,-0.122560,0.128426,-0.152836
-0.851358,-0.010816,-0.033677,0.792748,-0.529927,0.005384,0.220298,-0.322579,0.137669,0.731112,0.226831,0.956364,0.141454,-0.071478,-0.031547,2.196331,-0.621460,-0.147040,0.261800,1.753118,-0.236981,1.700000,1.349456,-0.144709,0.431650,-0.026231,-0.122564,0.127804,-0.153311
-0.849196,-0.009142,-0.033355,0.793883,-0.530362,0.002137,0.222610,-0.324013,0.136485,0.731883,0.226038,0.973461,0.142823,-0.073245,-0.031576,2.193645,-0.618332,-0.146397,0.261800,1.764933,-0.236708,1.700000,1.350389,-0.144422,0.430267,-0.025044,-0.122780,0.128169,-0.154475
-0.850062,-0.011323,-0.032250,0.794962,-0.530441,0.001304,0.222111,-0.322832,0.137442,0.732928,0.228516,0.995863,0.142252,-0.072644,-0.032900,2.190848,-0.617485,-0.146418,0.261800,1.784997,-0.237210,1.700000,1.352186,-0.144033,0.428655,-0.022500,-0.122380,0.129382,-0.155140
-0.850005,-0.011880,-0.031187,0.795586,-0.530158,0.000179,0.222177,-0.322704,0.137462,0.733040,0.229290,1.015755,0.143063,-0.072141,-0.034312,2.188269,-0.616142,-0.146588,0.261800,1.802360,-0.237738,1.700000,1.353951,-0.143255,0.426865,-0.020368,-0.121963,0.129602,-0.155106
-0.848104,-0.009188,-0.030207,0.795298,-0.529146,-0.001532,0.223374,-0.324682,0.135607,0.731286,0.226658,1.030627,0.146636,-0.071833,-0.035896,2.186124,-0.613804,-0.147054,0.261800,1.814320,-0.238320,1.700000,1.355650,-0.141699,0.424718,-0.019060,-0.121515,0.127834,-0.153676
-0.848326,-0.009428,-0.028783,0.795760,-0.528986,-0.001236,0.222935,-0.324615,0.135416,0.730926,0.227063,1.048426,0.148967,-0.071559,-0.036421,2.185053,-0.614074,-0.147187,0.261800,1.830625,-0.240071,1.700000,1.356764,-0.140680,0.423370,-0.017915,-0.121022,0.128411,-0.152424
-0.849610,-0.011133,-0.027137,0.796596,-0.529252,0.000063,0.221678,-0.323525,0.136058,0.731262,0.228987,1.067687,0.150678,-0.071300,-0.036416,2.184518,-0.615648,-0.147153,0.261800,1.849104,-0.242406,1.700000,1.357586,-0.139931,0.422422,-0.016851,-0.120506,0.130161,-0.151262
-0.848926,-0.010525,-0.025204,0.796935,-0.528587,0.001056,0.221330,-0.323486,0.135882,0.730063,0.229090,1.086380,0.153375,-0.070796,-0.037639,2.183894,-0.615468,-0.147896,0.261800,1.867191,-0.243901,1.700000,1.358877,-0.140035,0.420312,-0.016337,-0.120219,0.129660,-0.150293
-0.848473,-0.010126,-0.023256,0.797247,-0.528012,0.002198,0.221127,-0.323290,0.135358,0.729183,0.229097,1.104502,0.156149,-0.070241,-0.038433,2.183538,-0.615798,-0.148328,0.261800,1.884738,-0.245671,1.700000,1.360007,-0.139827,0.418477,-0.015828,-0.119983,0.129853,-0.149625
-0.848481,-0.010144,-0.021279,0.797503,-0.527618,0.003634,0.221218,-0.322778,0.134134,0.728944,0.228913,1.121485,0.159078,-0.069587,-0.038366,2.183718,-0.617150,-0.148137,0.261800,1.901207,-0.247990,1.700000,1.360812,-0.138993,0.417196,-0.015331,-0.119847,0.131433,-0.149562
-0.847543,-0.009193,-0.019892,0.797992,-0.527419,0.004119,0.223117,-0.323610,0.132302,0.728611,0.227407,1.134930,0.162480,-0.069893,-0.037552,2.183941,-0.617113,-0.147703,0.261800,1.912808,-0.249396,1.700000,1.361186,-0.138740,0.416779,-0.015184,-0.120189,0.132648,-0.149970
-0.846132,-0.007758,-0.018801,0.798597,-0.527316,0.004128,0.225920,-0.325114,0.130166,0.728231,0.225238,1.146608,0.166118,-0.070680,-0.036366,2.184187,-0.616381,-0.147148,0.261800,1.921974,-0.250345,1.700000,1.361345,-0.138779,0.416796,-0.015211,-0.120770,0.133681,-0.150615
-0.845399,-0.007126,-0.017271,0.798377,-0.527358,0.003679,0.226342,-0.326009,0.131177,0.727346,0.224473,1.148043,0.167221,-0.070365,-0.035735,2.184959,-0.615158,-0.147318,0.261800,1.924916,-0.252258,1.700000,1.362162,-0.138016,0.416628,-0.015223,-0.120846,0.134237,-0.151709
-0.844803,-0.006376,-0.015830,0.798042,-0.527267,0.003155,0.226474,-0.326836,0.132246,0.726247,0.223765,1.149000,0.168247,-0.069862,-0.035412,2.185651,-0.613745,-0.147609,0.261800,1.927350,-0.253892,1.700000,1.362894,-0.137282,0.416055,-0.015308,-0.120883,0.134550,-0.152231
-0.844481,-0.005388,-0.014565,0.797473,-0.526909,0.002482,0.226028,-0.327528,0.133428,0.724723,0.223173,1.149000,0.169118,-0.068984,-0.035705,2.186183,-0.611952,-0.148142,0.261800,1.928769,-0.254968,1.700000,1.363453,-0.136607,0.414672,-0.015536,-0.120844,0.134380,-0.151613
-0.844072,-0.004601,-0.013285,0.797135,-0.527074,0.001716,0.226255,-0.328410,0.134392,0.723596,0.222703,1.149000,0.169429,-0.068515,-0.036019,2.187016,-0.610669,-0.147942,0.261800,1.929689,-0.255419,1.700000,1.364236,-0.136081,0.413463,-0.015620,-0.120825,0.133913,-0.151782
-0.843619,-0.003916,-0.011996,0.796912,-0.527501,0.000903,0.226818,-0.329387,0.135245,0.722668,0.222296,1.149000,0.169461,-0.068250,-0.036344,2.188000,-0.609640,-0.147375,0.261800,1.930359,-0.255558,1.700000,1.365131,-0.135630,0.412341,-0.015630,-0.120817,0.133298,-0.152345
-0.843187,-0.003365,-0.011162,0.796566,-0.527393,0.000787,0.226612,-0.329243,0.135787,0.721355,0.222175,1.149000,0.169792,-0.067561,-0.036579,2.189273,-0.608809,-0.147501,0.261800,1.931033,-0.255188,1.700000,1.366165,-0.135725,0.411613,-0.015747,-0.120598,0.132710,-0.152508
-0.842994,-0.002733,-0.010338,0.796060,-0.527420,0.000672,0.226334,-0.329667,0.136337,0.720326,0.222025,1.149000,0.170221,-0.067135,-0.036688,2.190511,-0.608055,-0.147491,0.261800,1.931677,-0.254820,1.700000,1.366934,-0.135955,0.411022,-0.015866,-0.120341,0.132393,-0.152677
-0.843281,-0.001939,-0.009532,0.795232,-0.527716,0.000559,0.225913,-0.331228,0.136902,0.719865,0.221816,1.149000,0.170849,-0.067236,-0.036545,2.191681,-0.607456,-0.147209,0.261800,1.932263,-0.254458,1.700000,1.367175,-0.136453,0.410700,-0.015988,-0.120009,0.132615,-0.152857
-0.843359,-0.001755,-0.008693,0.794591,-0.527611,0.000203,0.225784,-0.331994,0.137437,0.719012,0.221635,1.149000,0.170906,-0.067130,-0.036018,2.192728,-0.606794,-0.146915,0.261800,1.932571,-0.254054,1.700000,1.367165,-0.136157,0.410373,-0.016005,-0.119894,0.133244,-0.153382
-0.843333,-0.001876,-0.007837,0.794043,-0.527305,-0.000275,0.225800,-0.332363,0.137958,0.717964,0.221467,1.149000,0.170679,-0.066921,-0.035300,2.193712,-0.606101,-0.146615,0.261800,1.932739,-0.253629,1.700000,1.367031,-0.135464,0.410043,-0.015970,-0.119889,0.134075,-0.154079
-0.843247,-0.001822,-0.006872,0.792555,-0.527039,-0.000491,0.225572,-0.332895,0.137871,0.715524,0.220823,1.149000,0.170281,-0.065939,-0.034781,2.194675,-0.605872,-0.146763,0.261800,1.932933,-0.253009,1.700000,1.368388,-0.135498,0.408971,-0.016209,-0.119348,0.133566,-0.154081
-0.843046,-0.001980,-0.006040,0.791544,-0.526720,-0.000615,0.225703,-0.333242,0.137934,0.713360,0.220398,1.149000,0.169903,-0.065078,-0.033880,2.195437,-0.605585,-0.146839,0.261800,1.932935,-0.252537,1.700000,1.369483,-0.135425,0.408127,-0.016572,-0.119023,0.133357,-0.154195
-0.842615,-0.002563,-0.005473,0.791486,-0.526297,-0.000552,0.226551,-0.333216,0.138297,0.711747,0.220413,1.149000,0.169564,-0.064460,-0.032215,2.195801,-0.605184,-0.146772,0.261800,1.932556,-0.252362,1.700000,1.370051,-0.135138,0.407739,-0.017182,-0.119130,0.133748,-0.154536
-0.842758,-0.003092,-0.004870,0.791110,-0.526423,-0.000513,0.226993,-0.333357,0.139059,0.710792,0.220524,1.149000,0.169355,-0.063847,-0.031003,2.195966,-0.605011,-0.146824,0.261800,1.932160,-0.252012,1.700000,1.370447,-0.134908,0.407251,-0.017440,-0.119292,0.133661,-0.154893
-0.843187,-0.003595,-0.004249,0.790577,-0.526823,-0.000488,0.227231,-0.333580,0.140022,0.710167,0.220683,1.149000,0.169212,-0.063237,-0.030018,2.196033,-0.604952,-0.146934,0.261800,1.931757,-0.251576,1.700000,1.370758,-0.134708,0.406712,-0.017522,-0.119482,0.133335,-0.155258
-0.843926,-0.004461,-0.003578,0.788358,-0.526581,0.000526,0.225924,-0.333216,0.138554,0.708906,0.219505,1.149000,0.169719,-0.061938,-0.028651,2.196118,-0.606240,-0.146767,0.261800,1.932146,-0.251976,1.700000,1.370843,-0.135065,0.406230,-0.018065,-0.119330,0.133715,-0.155332
-0.844620,-0.005152,-0.003018,0.786798,-0.526257,0.001428,0.225088,-0.333103,0.137548,0.707598,0.218623,1.149000,0.170399,-0.060752,-0.027268,2.196092,-0.607321,-0.146728,0.261800,1.932476,-0.252325,1.700000,1.370955,-0.135613,0.405541,-0.018185,-0.119061,0.133379,-0.155330
-0.845223,-0.005494,-0.002682,0.786559,-0.525773,0.002105,0.225195,-0.333491,0.137464,0.706200,0.218329,1.149000,0.171426,-0.059789,-0.025854,2.195844,-0.607986,-0.146943,0.261800,1.932685,-0.252570,1.700000,1.371118,-0.136541,0.404439,-0.017460,-0.118559,0.131607,-0.155176
-0.845447,-0.005719,-0.002277,0.786141,-0.524662,0.003332,0.225013,-0.333266,0.137094,0.704504,0.217836,1.149000,0.172606,-0.058140,-0.024914,2.195935,-0.609103,-0.147190,0.261800,1.932764,-0.253110,1.700000,1.371312,-0.136334,0.403334,-0.016992,-0.118055,0.130008,-0.154685
-0.845480,-0.005886,-0.001838,0.785634,-0.523238,0.004834,0.224687,-0.332735,0.136581,0.702658,0.217243,1.149000,0.173862,-0.056146,-0.024212,2.196195,-0.610447,-0.147453,0.261800,1.932780,-0.253797,1.700000,1.371521,-0.135559,0.402228,-0.016653,-0.117552,0.128494,-0.154026
-0.846143,-0.006818,-0.001756,0.786501,-0.523018,0.006369,0.226124,-0.332963,0.136672,0.703279,0.217874,1.149000,0.175021,-0.055606,-0.023828,2.196440,-0.612241,-0.146880,0.261800,1.932772,-0.254505,1.700000,1.369947,-0.135547,0.401814,-0.016351,-0.118045,0.127986,-0.155086
-0.846899,-0.008308,-0.001681,0.787275,-0.522857,0.008391,0.226883,-0.332632,0.137323,0.703264,0.218910,1.149000,0.175713,-0.054189,-0.023234,2.196112,-0.614392,-0.146694,0.261800,1.933494,-0.255743,1.700000,1.369014,-0.135616,0.401352,-0.016407,-0.118233,0.127708,-0.155801
-0.847838,-0.010913,-0.001619,0.787860,-0.522817,0.011386,0.226288,-0.331184,0.139095,0.701976,0.220756,1.149000,0.175469,-0.051018,-0.022219,2.194640,-0.617254,-0.147281,0.261800,1.935675,-0.258040,1.700000,1.369366,-0.135848,0.400794,-0.017181,-0.117810,0.127887,-0.155826
-0.847439,-0.010220,-0.001766,0.787392,-0.522318,0.013697,0.226997,-0.332183,0.138470,0.700001,0.219979,1.149000,0.177766,-0.049880,-0.022090,2.194586,-0.619730,-0.147190,0.261800,1.936533,-0.259198,1.700000,1.369104,-0.136623,0.400981,-0.017694,-0.117754,0.128193,-0.156605
-0.846369,-0.007879,-0.002016,0.786398,-0.521590,0.015667,0.228359,-0.334408,0.136646,0.697684,0.217891,1.149000,0.181334,-0.049757,-0.022402,2.195241,-0.622013,-0.146759,0.261800,1.936730,-0.259788,1.700000,1.368535,-0.137669,0.401541,-0.018076,-0.117883,0.128562,-0.157760
-0.846440,-0.008100,-0.001898,0.786876,-0.520862,0.017786,0.230243,-0.335018,0.135554,0.696636,0.217255,1.149000,0.183888,-0.049043,-0.021900,2.195818,-0.623791,-0.145929,0.261800,1.936900,-0.260482,1.700000,1.367732,-0.138290,0.401430,-0.018072,-0.117575,0.129375,-0.158306
-0.846465,-0.008365,-0.001821,0.787448,-0.520180,0.019731,0.231817,-0.335382,0.134702,0.695983,0.216938,1.149000,0.186261,-0.048529,-0.021163,2.196364,-0.625359,-0.145387,0.261800,1.937054,-0.261124,1.700000,1.367073,-0.139039,0.401046,-0.018090,-0.117279,0.129448,-0.158795
-0.846400,-0.008723,-0.001822,0.788207,-0.519587,0.021330,0.232770,-0.335256,0.134328,0.696121,0.217260,1.149000,0.188272,-0.048415,-0.019954,2.196847,-0.626508,-0.145425,0.261800,1.937176,-0.261667,1.700000,1.366703,-0.140044,0.400116,-0.018150,-0.117007,0.128044,-0.159168
-0.846387,-0.009008,-0.001888,0.788920,-0.519427,0.023061,0.233955,-0.335294,0.134130,0.696854,0.217714,1.149000,0.189907,-0.048285,-0.019329,2.197807,-0.627977,-0.144989,0.261800,1.937236,-0.262265,1.700000,1.366153,-0.140184,0.399846,-0.018259,-0.116994,0.128080,-0.159693
-0.846401,-0.009258,-0.001986,0.789609,-0.519482,0.024860,0.235257,-0.335413,0.134021,0.697885,0.218234,1.149000,0.191355,-0.048147,-0.018997,2.199004,-0.629605,-0.144315,0.261800,1.937265,-0.262890,1.700000,1.365515,-0.139890,0.399905,-0.018393,-0.117109,0.128835,-0.160294
-0.846471,-0.008814,-0.002391,0.788593,-0.519180,0.026793,0.234675,-0.335354,0.132786,0.696679,0.217766,1.149000,0.193396,-0.047313,-0.019040,2.200000,-0.631422,-0.144832,0.261800,1.938127,-0.263802,1.700000,1.365519,-0.140192,0.400076,-0.019310,-0.117017,0.129620,-0.160950
-0.847210,-0.009178,-0.002633,0.788120,-0.518925,0.029108,0.233751,-0.334558,0.132551,0.696453,0.218321,1.149000,0.194609,-0.046553,-0.019066,2.200744,-0.633517,-0.145165,0.261800,1.939577,-0.264924,1.700000,1.365493,-0.140421,0.400095,-0.019883,-0.116856,0.130294,-0.161456
-0.849289,-0.011159,-0.002549,0.788736,-0.518765,0.032189,0.232144,-0.332289,0.134315,0.698189,0.220922,1.149000,0.194166,-0.045941,-0.019061,2.200984,-0.636164,-0.145127,0.261800,1.942203,-0.266465,1.700000,1.365409,-0.140506,0.399807,-0.019766,-0.116556,0.130745,-0.161661
-0.849099,-0.010769,-0.002981,0.788444,-0.518676,0.034410,0.232349,-0.332424,0.133439,0.698049,0.220990,1.149000,0.195984,-0.045942,-0.018956,2.201848,-0.638259,-0.144907,0.261800,1.943143,-0.267655,1.700000,1.364684,-0.140855,0.400487,-0.020595,-0.116745,0.131638,-0.162344
-0.847775,-0.009194,-0.003671,0.787697,-0.518623,0.036200,0.233461,-0.333762,0.131243,0.696972,0.219791,1.149000,0.198931,-0.046249,-0.018801,2.203023,-0.640076,-0.144596,0.261800,1.943240,-0.268670,1.700000,1.363639,-0.141335,0.401652,-0.021897,-0.117178,0.132752,-0.163266
-0.848083,-0.008713,-0.003738,0.787697,-0.518657,0.037143,0.233035,-0.333926,0.130946,0.697784,0.219354,1.149000,0.200485,-0.046709,-0.018775,2.204945,-0.640351,-0.144908,0.261800,1.943614,-0.268062,1.700000,1.362679,-0.141836,0.401131,-0.022221,-0.117221,0.132345,-0.163134
-0.848812,-0.009048,-0.003871,0.787905,-0.518754,0.038566,0.232315,-0.333590,0.131218,0.698692,0.219948,1.149000,0.201189,-0.046871,-0.018679,2.206726,-0.641404,-0.145155,0.261800,1.944630,-0.268047,1.700000,1.362222,-0.141814,0.400957,-0.022401,-0.117054,0.132785,-0.163235
-0.850382,-0.011016,-0.004137,0.788528,-0.518978,0.040949,0.231003,-0.332256,0.132626,0.699790,0.222600,1.149000,0.200192,-0.046437,-0.018440,2.208224,-0.644011,-0.145273,0.261800,1.946930,-0.269218,1.700000,1.362773,-0.140747,0.401476,-0.022290,-0.116469,0.134919,-0.163803
-0.850035,-0.010183,-0.004514,0.788428,-0.519042,0.042124,0.230924,-0.332641,0.132508,0.700159,0.222622,1.149000,0.201324,-0.046901,-0.018939,2.210009,-0.644731,-0.145096,0.261800,1.947546,-0.269260,1.700000,1.362492,-0.140218,0.401151,-0.022748,-0.116539,0.135994,-0.164239
-0.848730,-0.007949,-0.004946,0.787967,-0.519026,0.042696,0.231461,-0.333887,0.131627,0.700162,0.221327,1.149000,0.203519,-0.047814,-0.019808,2.211938,-0.644508,-0.144772,0.261800,1.947319,-0.268737,1.700000,1.361796,-0.139959,0.400403,-0.023489,-0.116935,0.136540,-0.164610
-0.850403,-0.009625,-0.004672,0.788862,-0.519404,0.045017,0.230494,-0.332687,0.132521,0.701608,0.223064,1.148998,0.203365,-0.047723,-0.018653,2.213341,-0.646237,-0.144810,0.261800,1.949464,-0.269350,1.700000,1.361446,-0.141109,0.400272,-0.023833,-0.116384,0.136436,-0.164851
-0.851066,-0.010223,-0.004420,0.789753,-0.519425,0.046512,0.230771,-0.332017,0.132748,0.702896,0.223700,1.148997,0.203661,-0.047969,-0.018133,2.214943,-0.647118,-0.144521,0.261800,1.950538,-0.269453,1.700000,1.361276,-0.141790,0.399684,-0.024286,-0.116060,0.136237,-0.165391
-0.849711,-0.008669,-0.004216,0.790636,-0.518733,0.046357,0.233538,-0.332406,0.131640,0.703868,0.222135,1.148999,0.204860,-0.048890,-0.018883,2.216944,-0.646301,-0.143579,0.261800,1.949469,-0.268536,1.700000,1.361466,-0.141532,0.398182,-0.024957,-0.116194,0.135849,-0.166532
-0.849170,-0.007766,-0.004099,0.790794,-0.518448,0.046511,0.234465,-0.332505,0.130712,0.704011,0.221306,1.148963,0.206349,-0.049064,-0.018989,2.218787,-0.645613,-0.143293,0.261800,1.948900,-0.267541,1.700000,1.361770,-0.140788,0.397165,-0.025527,-0.116133,0.136072,-0.166644
-0.849037,-0.007189,-0.004026,0.790590,-0.518367,0.046818,0.234474,-0.332459,0.129874,0.703738,0.220846,1.148907,0.207982,-0.048864,-0.018775,2.220552,-0.644989,-0.143335,0.261800,1.948580,-0.266508,1.700000,1.362131,-0.139800,0.396390,-0.026046,-0.115974,0.136601,-0.166243
-0.849050,-0.006575,-0.003894,0.789730,-0.518618,0.047737,0.233731,-0.332995,0.128561,0.703210,0.219966,1.148825,0.210061,-0.049166,-0.018124,2.221996,-0.645211,-0.143437,0.261800,1.948459,-0.266264,1.700000,1.362668,-0.139607,0.396395,-0.026781,-0.115645,0.137539,-0.165542
-0.848939,-0.005979,-0.003766,0.789219,-0.518569,0.048627,0.233304,-0.333174,0.127240,0.702502,0.219197,1.148756,0.212146,-0.049267,-0.017560,2.223293,-0.645416,-0.143609,0.261800,1.948348,-0.266057,1.700000,1.363090,-0.139451,0.396031,-0.027694,-0.115373,0.137902,-0.164673
-0.848578,-0.005420,-0.003646,0.789407,-0.517921,0.049460,0.233511,-0.332642,0.125900,0.701433,0.218651,1.148712,0.214241,-0.048965,-0.017174,2.224298,-0.645588,-0.143918,0.261800,1.948257,-0.265920,1.700000,1.363285,-0.139366,0.394927,-0.028961,-0.115212,0.137114,-0.163465
-0.848122,-0.004832,-0.003648,0.789329,-0.517640,0.050313,0.233737,-0.332484,0.124682,0.700192,0.217803,1.148644,0.216415,-0.048211,-0.016719,2.225366,-0.646067,-0.144207,0.261800,1.948571,-0.265617,1.700000,1.363321,-0.139972,0.393787,-0.029908,-0.115061,0.136345,-0.162160
-0.847617,-0.004230,-0.003711,0.789119,-0.517544,0.051175,0.233973,-0.332511,0.123525,0.698866,0.216806,1.148566,0.218629,-0.047232,-0.016230,2.226466,-0.646701,-0.144487,0.261800,1.949087,-0.265233,1.700000,1.363278,-0.140923,0.392629,-0.030696,-0.114915,0.135585,-0.160806
-0.847310,-0.003940,-0.003628,0.789198,-0.516856,0.052395,0.233313,-0.332235,0.122297,0.698224,0.216104,1.148504,0.221099,-0.046626,-0.016627,2.227213,-0.647640,-0.145081,0.261800,1.949398,-0.265365,1.700000,1.362633,-0.141112,0.391821,-0.031071,-0.114562,0.135403,-0.159401
-0.847150,-0.003503,-0.003571,0.789046,-0.516281,0.053804,0.232721,-0.332367,0.120953,0.697044,0.215212,1.148426,0.223764,-0.045810,-0.017012,2.228019,-0.648807,-0.145716,0.261800,1.949820,-0.265566,1.700000,1.361864,-0.141228,0.391083,-0.031721,-0.114236,0.135313,-0.157974
-0.847284,-0.002769,-0.003563,0.788431,-0.515931,0.055592,0.232266,-0.333317,0.119379,0.694786,0.213942,1.148316,0.226816,-0.044573,-0.017374,2.228941,-0.650429,-0.146434,0.261800,1.950463,-0.265905,1.700000,1.360847,-0.141200,0.390485,-0.032924,-0.113965,0.135406,-0.156505
-0.847221,-0.002723,-0.003339,0.789017,-0.515619,0.057034,0.232781,-0.333123,0.118072,0.694853,0.213352,1.148231,0.229087,-0.044380,-0.017046,2.229600,-0.652103,-0.146181,0.261800,1.950574,-0.266720,1.700000,1.359116,-0.141094,0.389791,-0.033923,-0.114170,0.135627,-0.155651
-0.847061,-0.003019,-0.003007,0.790204,-0.515327,0.058302,0.233782,-0.332356,0.116898,0.696083,0.213102,1.148160,0.230967,-0.044709,-0.016373,2.230127,-0.653803,-0.145443,0.261800,1.950420,-0.267772,1.700000,1.357027,-0.140947,0.389048,-0.034820,-0.114613,0.135912,-0.155104
-0.847359,-0.003385,-0.003030,0.790620,-0.515041,0.059544,0.234123,-0.332093,0.116165,0.696320,0.211794,1.148095,0.233070,-0.044527,-0.014572,2.230772,-0.654938,-0.144994,0.261800,1.950681,-0.268414,1.700000,1.356522,-0.140596,0.388699,-0.034956,-0.114533,0.136620,-0.154248
-0.847418,-0.003603,-0.003008,0.791122,-0.514777,0.060988,0.234485,-0.331875,0.115152,0.696401,0.210691,1.148022,0.235248,-0.044362,-0.013077,2.231286,-0.656309,-0.144764,0.261800,1.950920,-0.269192,1.700000,1.355840,-0.140305,0.388371,-0.035322,-0.114603,0.136736,-0.153685
-0.846998,-0.003527,-0.002895,0.791796,-0.514556,0.062837,0.234891,-0.331745,0.113578,0.696169,0.209997,1.147934,0.237573,-0.044229,-0.012193,2.231537,-0.658150,-0.144968,0.261800,1.951117,-0.270244,1.700000,1.354805,-0.140133,0.388083,-0.036150,-0.114973,0.135667,-0.153711
-0.847472,-0.003937,-0.002496,0.792352,-0.514524,0.064440,0.235179,-0.331356,0.112218,0.696434,0.209551,1.147654,0.239557,-0.044312,-0.011376,2.231674,-0.660031,-0.144809,0.261800,1.951152,-0.271168,1.700000,1.353789,-0.140266,0.387088,-0.036611,-0.114920,0.134778,-0.153133
-0.848393,-0.004589,-0.001954,0.792848,-0.514587,0.065919,0.235406,-0.330839,0.110965,0.696946,0.209229,1.147276,0.241370,-0.044502,-0.010592,2.231753,-0.661931,-0.144468,0.261800,1.951107,-0.272028,1.700000,1.352784,-0.140550,0.385740,-0.036888,-0.114655,0.133978,-0.152253
-0.848132,-0.004413,-0.001837,0.793257,-0.514664,0.067722,0.236358,-0.330990,0.110099,0.696379,0.208677,1.145910,0.243539,-0.044508,-0.010566,2.232396,-0.664283,-0.144240,0.261800,1.950900,-0.272811,1.700000,1.351883,-0.142008,0.385537,-0.038002,-0.114786,0.133834,-0.152525
-0.847707,-0.004328,-0.001600,0.793474,-0.514670,0.069289,0.237111,-0.330893,0.109288,0.695589,0.208255,1.144705,0.245438,-0.044246,-0.010553,2.232950,-0.666233,-0.144090,0.261800,1.950533,-0.273468,1.700000,1.351036,-0.142807,0.385025,-0.039189,-0.114887,0.133747,-0.152655
-0.846954,-0.004424,-0.001122,0.793305,-0.514531,0.070389,0.237465,-0.330297,0.108582,0.694353,0.208093,1.143824,0.246797,-0.043446,-0.010565,2.233326,-0.667376,-0.144097,0.261800,1.949846,-0.273874,1.700000,1.350296,-0.142288,0.383896,-0.040521,-0.114929,0.133776,-0.152501
-0.847020,-0.004279,-0.000789,0.792615,-0.513675,0.071569,0.236223,-0.329672,0.107562,0.693046,0.207371,1.142395,0.248473,-0.042822,-0.010271,2.233870,-0.668535,-0.144593,0.261800,1.949187,-0.274173,1.700000,1.350354,-0.142572,0.383772,-0.041015,-0.114520,0.133747,-0.151561
-0.847497,-0.004014,-0.000530,0.791664,-0.512459,0.072789,0.234181,-0.329034,0.106385,0.691705,0.206371,1.140692,0.250307,-0.042287,-0.009825,2.234498,-0.669702,-0.145335,0.261800,1.948543,-0.274420,1.700000,1.350811,-0.143258,0.384150,-0.041091,-0.113884,0.133688,-0.150227
-0.847651,-0.004482,-0.000321,0.792678,-0.512497,0.073167,0.235004,-0.328640,0.106139,0.692755,0.206381,1.140138,0.250524,-0.042807,-0.009446,2.235074,-0.669911,-0.144549,0.261800,1.947668,-0.274376,1.700000,1.349556,-0.143257,0.383805,-0.041215,-0.114121,0.133989,-0.149565
-0.847743,-0.004861,-0.000061,0.793289,-0.512657,0.073466,0.235601,-0.328139,0.105920,0.693682,0.206361,1.139516,0.250650,-0.043353,-0.009150,2.235685,-0.670107,-0.143842,0.261800,1.946823,-0.274183,1.700000,1.348158,-0.143361,0.383435,-0.041362,-0.114391,0.134004,-0.149333
-0.847711,-0.005064,0.000297,0.793092,-0.513061,0.073607,0.235744,-0.327419,0.105757,0.694364,0.206282,1.138760,0.250594,-0.043951,-0.009020,2.236364,-0.670273,-0.143294,0.261800,1.946037,-0.273694,1.700000,1.346473,-0.143678,0.383015,-0.041553,-0.114728,0.133449,-0.149962
-0.848238,-0.005467,0.000521,0.793309,-0.513410,0.074010,0.236298,-0.327690,0.105486,0.695577,0.206577,1.137609,0.250875,-0.044710,-0.008982,2.236791,-0.670517,-0.142449,0.261800,1.945203,-0.273419,1.700000,1.345119,-0.144007,0.382594,-0.041467,-0.114745,0.133072,-0.150278
-0.849044,-0.005970,0.000677,0.793732,-0.513731,0.074543,0.237057,-0.328455,0.105161,0.697055,0.207060,1.136260,0.251325,-0.045548,-0.008992,2.237092,-0.670799,-0.141456,0.261800,1.944347,-0.273251,1.700000,1.343930,-0.144342,0.382172,-0.041242,-0.114603,0.132785,-0.150436
-0.848594,-0.005920,0.000747,0.793376,-0.513554,0.074613,0.236672,-0.328780,0.105375,0.696383,0.207525,1.135438,0.251545,-0.044739,-0.010078,2.237673,-0.670598,-0.141435,0.261800,1.943554,-0.272795,1.700000,1.342869,-0.144812,0.381143,-0.041403,-0.114150,0.131561,-0.149651
-0.848245,-0.006093,0.000872,0.793172,-0.513323,0.074690,0.236608,-0.328705,0.105311,0.695861,0.207791,1.134611,0.251806,-0.044287,-0.010730,2.237967,-0.670315,-0.141431,0.261800,1.942703,-0.272402,1.700000,1.342170,-0.144809,0.380173,-0.041770,-0.113836,0.130639,-0.148935
-0.848097,-0.006714,0.001108,0.793275,-0.512983,0.074781,0.237188,-0.327829,0.104693,0.695642,0.207658,1.133774,0.252147,-0.044546,-0.010512,2.237684,-0.669868,-0.141461,0.261800,1.941735,-0.272135,1.700000,1.342192,-0.143857,0.379322,-0.042549,-0.113797,0.130321,-0.148357
-0.848094,-0.007226,0.001202,0.793223,-0.512833,0.074728,0.237306,-0.327292,0.104411,0.695397,0.207828,1.132978,0.252205,-0.044566,-0.010968,2.237940,-0.669673,-0.141306,0.261800,1.940847,-0.271643,1.700000,1.341046,-0.143516,0.378800,-0.043103,-0.113950,0.129890,-0.147627
-0.848164,-0.007684,0.001225,0.793093,-0.512777,0.074604,0.237193,-0.326924,0.104299,0.695140,0.208149,1.132202,0.252119,-0.044465,-0.011760,2.238464,-0.669605,-0.141060,0.261800,1.939998,-0.271039,1.700000,1.339315,-0.143479,0.378442,-0.043544,-0.114199,0.129403,-0.146820
-0.848113,-0.008239,0.001028,0.793339,-0.512771,0.074677,0.237743,-0.327400,0.104097,0.695150,0.209195,1.131441,0.252209,-0.043934,-0.012664,2.238196,-0.669275,-0.141136,0.261800,1.939147,-0.270852,1.700000,1.338866,-0.143876,0.378292,-0.043835,-0.114178,0.129011,-0.146330
-0.848048,-0.008755,0.000824,0.793570,-0.512876,0.074791,0.238341,-0.327984,0.103928,0.695104,0.210271,1.130672,0.252289,-0.043601,-0.013508,2.237922,-0.669073,-0.141111,0.261800,1.938257,-0.270756,1.700000,1.338476,-0.144350,0.378233,-0.044095,-0.114193,0.128556,-0.145984
-0.847955,-0.009195,0.000606,0.793771,-0.513201,0.074987,0.239033,-0.328787,0.103829,0.694946,0.211407,1.129884,0.252350,-0.043664,-0.014233,2.237640,-0.669130,-0.140883,0.261800,1.937293,-0.270843,1.700000,1.338203,-0.144980,0.378358,-0.044295,-0.114281,0.127973,-0.145929
-0.847346,-0.009287,0.000506,0.793495,-0.513067,0.075015,0.238990,-0.329026,0.103542,0.693738,0.211876,1.129187,0.252221,-0.043200,-0.014615,2.237495,-0.668985,-0.141073,0.261800,1.936451,-0.270775,1.700000,1.337822,-0.145323,0.378529,-0.044859,-0.114379,0.127337,-0.145703
-0.846479,-0.009206,0.000466,0.792981,-0.512704,0.074958,0.238579,-0.328983,0.103162,0.692004,0.212011,1.128535,0.251998,-0.042473,-0.014826,2.237421,-0.668740,-0.141471,0.261800,1.935671,-0.270628,1.700000,1.337387,-0.145522,0.378724,-0.045606,-0.114484,0.126674,-0.145392
-0.846235,-0.009603,0.000661,0.792975,-0.512754,0.074923,0.238659,-0.329070,0.103337,0.691792,0.212527,1.128248,0.251763,-0.042600,-0.015652,2.237543,-0.668831,-0.141077,0.261800,1.934673,-0.270302,1.700000,1.336365,-0.144715,0.377970,-0.045884,-0.114769,0.125576,-0.144684
-0.846108,-0.009924,0.000747,0.793006,-0.512670,0.074965,0.238798,-0.329223,0.103435,0.691456,0.213190,1.127775,0.251471,-0.042428,-0.016442,2.237780,-0.669094,-0.140735,0.261800,1.933765,-0.270059,1.700000,1.335467,-0.144180,0.377614,-0.046012,-0.114992,0.124795,-0.144278
-0.846213,-0.010094,0.000617,0.793114,-0.512317,0.075162,0.239054,-0.329509,0.103380,0.690870,0.214146,1.126930,0.251065,-0.041656,-0.017159,2.238247,-0.669701,-0.140496,0.261800,1.933037,-0.269984,1.700000,1.334820,-0.144190,0.378053,-0.045842,-0.115092,0.124647,-0.144478
-0.845504,-0.010205,0.000394,0.792943,-0.512009,0.075449,0.239759,-0.329691,0.103122,0.689845,0.214428,1.126201,0.250775,-0.041183,-0.017679,2.238325,-0.670109,-0.140343,0.261800,1.932165,-0.270052,1.700000,1.334484,-0.143469,0.377693,-0.045871,-0.115058,0.124073,-0.144221
-0.844389,-0.010287,0.000124,0.792634,-0.511723,0.075782,0.240688,-0.329821,0.102764,0.688600,0.214375,1.125529,0.250543,-0.040860,-0.018101,2.238210,-0.670419,-0.140233,0.261800,1.931221,-0.270191,1.700000,1.334304,-0.142381,0.376934,-0.046001,-0.114959,0.123286,-0.143735
-0.844185,-0.010402,0.000252,0.791933,-0.511525,0.075416,0.241022,-0.329709,0.102179,0.687675,0.214298,1.124791,0.249643,-0.041102,-0.018730,2.238685,-0.670693,-0.140034,0.261800,1.930943,-0.269764,1.700000,1.333759,-0.142322,0.376439,-0.046242,-0.114946,0.122736,-0.143803
-0.843997,-0.010538,0.000293,0.791483,-0.511584,0.075087,0.241403,-0.329803,0.101704,0.687204,0.214473,1.124089,0.248841,-0.041485,-0.019266,2.239106,-0.670947,-0.139690,0.261800,1.930653,-0.269478,1.700000,1.333423,-0.142574,0.376091,-0.046399,-0.114966,0.122303,-0.143885
-0.843843,-0.010719,0.000160,0.791536,-0.512159,0.074831,0.241879,-0.330312,0.101445,0.687638,0.215153,1.123459,0.248236,-0.042149,-0.019615,2.239422,-0.671160,-0.139057,0.261800,1.930337,-0.269471,1.700000,1.333505,-0.143449,0.376034,-0.046386,-0.115051,0.122108,-0.143991
-0.843956,-0.010992,0.000291,0.791412,-0.512349,0.074890,0.242440,-0.330413,0.101080,0.687762,0.215758,1.122832,0.247517,-0.042423,-0.020088,2.239930,-0.671644,-0.138511,0.261800,1.929857,-0.269222,1.700000,1.333565,-0.143639,0.375655,-0.046633,-0.114993,0.122091,-0.144148
-0.844202,-0.011312,0.000554,0.791198,-0.512347,0.075107,0.243043,-0.330310,0.100662,0.687732,0.216327,1.122207,0.246741,-0.042502,-0.020624,2.240535,-0.672262,-0.138009,0.261800,1.929294,-0.268851,1.700000,1.333614,-0.143488,0.375115,-0.047009,-0.114863,0.122163,-0.144331
-0.843867,-0.011004,0.000721,0.790357,-0.512377,0.075068,0.243097,-0.330129,0.100097,0.686904,0.216087,1.121619,0.246040,-0.042631,-0.021315,2.240989,-0.672513,-0.137799,0.261800,1.928955,-0.268436,1.700000,1.333499,-0.143414,0.374345,-0.047397,-0.114938,0.121262,-0.144286
-0.843504,-0.010838,0.000808,0.789766,-0.512494,0.074977,0.243177,-0.329787,0.099842,0.686616,0.216256,1.121242,0.245268,-0.042684,-0.022240,2.241445,-0.672635,-0.137578,0.261800,1.928585,-0.268000,1.700000,1.333257,-0.143243,0.373766,-0.047754,-0.115164,0.120838,-0.144277
-0.843085,-0.010959,0.000734,0.789674,-0.512786,0.074781,0.243308,-0.329122,0.100209,0.687410,0.217243,1.121291,0.244355,-0.042588,-0.023631,2.241908,-0.672501,-0.137338,0.261800,1.928155,-0.267524,1.700000,1.332761,-0.142879,0.373566,-0.048048,-0.115690,0.121365,-0.144340
-0.843041,-0.011092,0.000836,0.789121,-0.513162,0.074640,0.243077,-0.328693,0.100002,0.687313,0.217609,1.121351,0.243638,-0.042625,-0.024184,2.241919,-0.672007,-0.137319,0.261800,1.927867,-0.266948,1.700000,1.333380,-0.142772,0.373098,-0.048536,-0.115658,0.121125,-0.143638
-0.843184,-0.011231,0.001026,0.788338,-0.513579,0.074527,0.242663,-0.328382,0.099509,0.686771,0.217664,1.121416,0.243017,-0.042728,-0.024318,2.241704,-0.671335,-0.137411,0.261800,1.927649,-0.266321,1.700000,1.334555,-0.142793,0.372496,-0.049121,-0.115345,0.120501,-0.142555
-0.843367,-0.011285,0.001111,0.787908,-0.513681,0.074367,0.242734,-0.328777,0.099347,0.686996,0.218155,1.121724,0.242443,-0.042926,-0.025031,2.241647,-0.670972,-0.137456,0.261800,1.927330,-0.265827,1.700000,1.335404,-0.142587,0.371716,-0.049479,-0.115178,0.119701,-0.141746
-0.843414,-0.011133,0.001322,0.787208,-0.513769,0.074290,0.242362,-0.329054,0.099103,0.686808,0.218457,1.121835,0.242002,-0.042991,-0.025614,2.241819,-0.670666,-0.137562,0.261800,1.927169,-0.265099,1.700000,1.336125,-0.142659,0.370853,-0.049937,-0.114944,0.118813,-0.140922
-0.843186,-0.010569,0.001785,0.785970,-0.513831,0.074381,0.241105,-0.329091,0.098695,0.685796,0.218382,1.121552,0.241826,-0.042791,-0.025935,2.242449,-0.670472,-0.137790,0.261800,1.927327,-0.263902,1.700000,1.336587,-0.143286,0.369825,-0.050597,-0.114579,0.117748,-0.140065
-0.843573,-0.010628,0.002150,0.785488,-0.513643,0.074707,0.240757,-0.329056,0.098326,0.685696,0.218837,1.121404,0.241531,-0.043203,-0.026788,2.242963,-0.670194,-0.137658,0.261800,1.927263,-0.262905,1.700000,1.336533,-0.143489,0.369554,-0.050882,-0.114527,0.117199,-0.139569
-0.844267,-0.010998,0.002466,0.785384,-0.513331,0.075151,0.240865,-0.328986,0.097977,0.686053,0.219556,1.121324,0.241177,-0.043921,-0.027906,2.243417,-0.669874,-0.137347,0.261800,1.927090,-0.262009,1.700000,1.336220,-0.143480,0.369662,-0.050979,-0.114632,0.116908,-0.139253
-0.843983,-0.011760,0.002897,0.785060,-0.513676,0.075238,0.241411,-0.328673,0.097321,0.686326,0.219863,1.121655,0.240558,-0.044741,-0.028162,2.243252,-0.668998,-0.136866,0.261800,1.927009,-0.261047,1.700000,1.336039,-0.143508,0.369216,-0.050894,-0.114598,0.115659,-0.138251
-0.843811,-0.012366,0.003133,0.784647,-0.513926,0.075405,0.241647,-0.328333,0.096805,0.686485,0.220090,1.121960,0.240172,-0.045515,-0.028174,2.243100,-0.667944,-0.136494,0.261800,1.926927,-0.260147,1.700000,1.335959,-0.143483,0.368875,-0.050939,-0.114592,0.114593,-0.137226
-0.843865,-0.012662,0.002980,0.784052,-0.513986,0.075733,0.241264,-0.327939,0.096572,0.686416,0.220156,1.122214,0.240254,-0.046195,-0.027700,2.242975,-0.666533,-0.136340,0.261800,1.926846,-0.259372,1.700000,1.336080,-0.143352,0.368745,-0.051245,-0.114645,0.113897,-0.136152
-0.844360,-0.013197,0.003001,0.783797,-0.514592,0.076032,0.240859,-0.328209,0.096438,0.687368,0.220790,1.122465,0.240234,-0.047105,-0.027859,2.242879,-0.665489,-0.136026,0.261800,1.926744,-0.258689,1.700000,1.335950,-0.143643,0.368637,-0.051293,-0.114625,0.113043,-0.135305
-0.845075,-0.013850,0.003111,0.783710,-0.515471,0.076316,0.240443,-0.328812,0.096353,0.688831,0.221707,1.122714,0.240163,-0.048131,-0.028335,2.242797,-0.664628,-0.135633,0.261800,1.926631,-0.258051,1.700000,1.335695,-0.144145,0.368540,-0.051212,-0.114569,0.112112,-0.134571
-0.844656,-0.014207,0.003406,0.783517,-0.515136,0.077041,0.240609,-0.328344,0.095671,0.687435,0.221314,1.123135,0.240277,-0.048211,-0.027813,2.242469,-0.663505,-0.135792,0.261800,1.926158,-0.257307,1.700000,1.336476,-0.143445,0.368329,-0.051814,-0.114423,0.111678,-0.133647
-0.844152,-0.014456,0.003622,0.783334,-0.514793,0.077591,0.240919,-0.327960,0.094915,0.686192,0.220842,1.123556,0.240343,-0.048312,-0.027117,2.242072,-0.662276,-0.135902,0.261800,1.925834,-0.256490,1.700000,1.337403,-0.142985,0.367918,-0.052381,-0.114189,0.111008,-0.132380
-0.843477,-0.014493,0.003683,0.783173,-0.514437,0.077790,0.241515,-0.327746,0.094015,0.685253,0.220214,1.123976,0.240314,-0.048457,-0.026076,2.241536,-0.660833,-0.135916,0.261800,1.925811,-0.255527,1.700000,1.338624,-0.143003,0.367109,-0.052876,-0.113778,0.109866,-0.130429
-0.842900,-0.014817,0.003772,0.783720,-0.514072,0.078313,0.241984,-0.326649,0.093694,0.685286,0.220295,1.124547,0.240482,-0.048481,-0.026424,2.241110,-0.659918,-0.135825,0.261800,1.925493,-0.254156,1.700000,1.339809,-0.143057,0.366043,-0.053086,-0.113482,0.109159,-0.128562
-0.842372,-0.015284,0.003877,0.784622,-0.513701,0.079000,0.242390,-0.325110,0.093662,0.685806,0.220732,1.125195,0.240748,-0.048446,-0.027466,2.240738,-0.659267,-0.135682,0.261800,1.925029,-0.252581,1.700000,1.340976,-0.143131,0.364849,-0.053154,-0.113244,0.108669,-0.126737
-0.842215,-0.015633,0.003802,0.784598,-0.513392,0.079708,0.242581,-0.325167,0.092668,0.684738,0.220558,1.125370,0.240657,-0.048757,-0.028081,2.240465,-0.659099,-0.135989,0.261800,1.924600,-0.251814,1.700000,1.341593,-0.142736,0.364322,-0.053762,-0.112714,0.107852,-0.125028
-0.842051,-0.015792,0.003837,0.784420,-0.512966,0.080187,0.242659,-0.325149,0.091828,0.683691,0.220385,1.125587,0.240499,-0.049080,-0.028779,2.240290,-0.658847,-0.136141,0.261800,1.924356,-0.250890,1.700000,1.342119,-0.142565,0.363599,-0.054213,-0.112174,0.106926,-0.123378
-0.841870,-0.015572,0.004093,0.783937,-0.512303,0.080208,0.242509,-0.324978,0.091293,0.682685,0.220211,1.125887,0.240210,-0.049425,-0.029643,2.240309,-0.658428,-0.135982,0.261800,1.924485,-0.249652,1.700000,1.342465,-0.142842,0.362488,-0.054348,-0.111615,0.105783,-0.121846
-0.841674,-0.015850,0.004200,0.783935,-0.511977,0.080186,0.243070,-0.324732,0.090565,0.682616,0.219556,1.126427,0.239534,-0.050275,-0.029836,2.240119,-0.658013,-0.135563,0.261800,1.924562,-0.248642,1.700000,1.342599,-0.143451,0.361680,-0.054394,-0.111285,0.104603,-0.120166
-0.841469,-0.016377,0.004233,0.784174,-0.511818,0.080143,0.243985,-0.324448,0.089739,0.683016,0.218661,1.127086,0.238666,-0.051378,-0.029693,2.239822,-0.657602,-0.135013,0.261800,1.924613,-0.247748,1.700000,1.342627,-0.144226,0.361025,-0.054395,-0.111070,0.103405,-0.118413
-0.841055,-0.016871,0.004309,0.784040,-0.512250,0.080520,0.244798,-0.324839,0.088740,0.683209,0.218307,1.127119,0.238335,-0.051959,-0.030324,2.239549,-0.658581,-0.134690,0.261800,1.924200,-0.247547,1.700000,1.342238,-0.144550,0.360255,-0.054975,-0.110975,0.102046,-0.117475
-0.840741,-0.017252,0.004397,0.783951,-0.512495,0.080860,0.245337,-0.325025,0.088045,0.683367,0.218013,1.127278,0.237949,-0.052583,-0.031049,2.239402,-0.659457,-0.134346,0.261800,1.923807,-0.247088,1.700000,1.341780,-0.144638,0.359404,-0.055387,-0.110796,0.100871,-0.116200
-0.840625,-0.017407,0.004511,0.783954,-0.512368,0.081127,0.245327,-0.324803,0.087961,0.683457,0.217836,1.127689,0.237452,-0.053290,-0.031961,2.239507,-0.660125,-0.133961,0.261800,1.923454,-0.246112,1.700000,1.341185,-0.144252,0.358390,-0.055465,-0.110449,0.100062,-0.114246
-0.840716,-0.017659,0.004543,0.783653,-0.512454,0.081305,0.245128,-0.324800,0.087611,0.683736,0.217630,1.127962,0.236972,-0.054207,-0.032455,2.239589,-0.661019,-0.133585,0.261800,1.923148,-0.245650,1.700000,1.340736,-0.144145,0.357791,-0.055670,-0.109990,0.098929,-0.112599
-0.840911,-0.017960,0.004535,0.783200,-0.512648,0.081437,0.244834,-0.324906,0.087128,0.684109,0.217411,1.128165,0.236502,-0.055229,-0.032740,2.239660,-0.662026,-0.133213,0.261800,1.922866,-0.245444,1.700000,1.340359,-0.144178,0.357399,-0.055939,-0.109476,0.097634,-0.111106
-0.841242,-0.018373,0.004724,0.783658,-0.512521,0.081730,0.245800,-0.325394,0.086291,0.684862,0.217078,1.127954,0.235893,-0.055655,-0.032890,2.239641,-0.663938,-0.132648,0.261800,1.922240,-0.245615,1.700000,1.339206,-0.144005,0.356761,-0.055746,-0.109188,0.097287,-0.110529
-0.841389,-0.018865,0.004844,0.783924,-0.512403,0.081899,0.246467,-0.325406,0.085543,0.685475,0.216887,1.127745,0.235211,-0.056032,-0.032982,2.239650,-0.665768,-0.132169,0.261800,1.921693,-0.245784,1.700000,1.338095,-0.144007,0.356229,-0.055745,-0.108945,0.096839,-0.110045
-0.841168,-0.019513,0.004824,0.783804,-0.512304,0.081823,0.246534,-0.324468,0.084971,0.685807,0.216981,1.127544,0.234382,-0.056308,-0.032958,2.239714,-0.667434,-0.131861,0.261800,1.921304,-0.245949,1.700000,1.337067,-0.144359,0.355909,-0.056129,-0.108790,0.096188,-0.109744
-0.840767,-0.020149,0.004887,0.783633,-0.511816,0.081673,0.246769,-0.323589,0.084031,0.685453,0.216509,1.127446,0.233472,-0.056490,-0.032574,2.239309,-0.669021,-0.131777,0.261800,1.920785,-0.246207,1.700000,1.335989,-0.144248,0.355178,-0.056651,-0.108610,0.095233,-0.109202
-0.840276,-0.020779,0.004991,0.783435,-0.511133,0.081485,0.247087,-0.322741,0.082908,0.684755,0.215754,1.127400,0.232522,-0.056624,-0.032010,2.238669,-0.670567,-0.131803,0.261800,1.920199,-0.246511,1.700000,1.334887,-0.143906,0.354242,-0.057241,-0.108418,0.094125,-0.108538
-0.839415,-0.021133,0.005071,0.782493,-0.510768,0.081396,0.247225,-0.322624,0.081799,0.683370,0.215186,1.127418,0.231451,-0.056922,-0.032277,2.238611,-0.672441,-0.131841,0.261800,1.919579,-0.246590,1.700000,1.334312,-0.144076,0.353164,-0.058115,-0.107854,0.092518,-0.107433
-0.838542,-0.021594,0.005085,0.781795,-0.510339,0.081323,0.247694,-0.322430,0.080674,0.681752,0.214516,1.127365,0.230416,-0.056990,-0.032627,2.238579,-0.674602,-0.131847,0.261800,1.918953,-0.246820,1.700000,1.333737,-0.144372,0.352427,-0.058899,-0.107397,0.090938,-0.106408
-0.837648,-0.022271,0.004963,0.781585,-0.509784,0.081281,0.248826,-0.322083,0.079517,0.679669,0.213644,1.127171,0.229450,-0.056599,-0.033146,2.238602,-0.677341,-0.131787,0.261800,1.918313,-0.247352,1.700000,1.333162,-0.144922,0.352376,-0.059504,-0.107153,0.089412,-0.105546
-0.836865,-0.022820,0.004588,0.781343,-0.509347,0.080971,0.249706,-0.321804,0.078780,0.677614,0.213202,1.127224,0.228558,-0.056074,-0.033447,2.238774,-0.680244,-0.131920,0.261800,1.917733,-0.247921,1.700000,1.332890,-0.145862,0.352390,-0.059991,-0.106780,0.088109,-0.104321
-0.836137,-0.023306,0.004087,0.781085,-0.508969,0.080526,0.250461,-0.321560,0.078253,0.675574,0.212976,1.127401,0.227705,-0.055482,-0.033638,2.239019,-0.683230,-0.132150,0.261800,1.917183,-0.248509,1.700000,1.332768,-0.146997,0.352435,-0.060418,-0.106342,0.086917,-0.102916
-0.834746,-0.023953,0.003719,0.780543,-0.508524,0.080346,0.251311,-0.321073,0.077083,0.672749,0.212579,1.127420,0.226721,-0.054745,-0.034555,2.239454,-0.687109,-0.132460,0.261800,1.916518,-0.249655,1.700000,1.332367,-0.147469,0.352497,-0.061679,-0.105756,0.084850,-0.101017
-0.833340,-0.024760,0.003254,0.780158,-0.508166,0.080000,0.252486,-0.320657,0.075970,0.670079,0.212339,1.127538,0.225774,-0.054099,-0.035377,2.239621,-0.691226,-0.132683,0.261800,1.915854,-0.251191,1.700000,1.331736,-0.148198,0.352560,-0.062863,-0.105293,0.082844,-0.099181
-0.831902,-0.025890,0.002595,0.780089,-0.507981,0.079323,0.254309,-0.320384,0.074967,0.667718,0.212412,1.127856,0.224898,-0.053634,-0.036007,2.239256,-0.695817,-0.132732,0.261800,1.915192,-0.253506,1.700000,1.330645,-0.149440,0.352628,-0.063895,-0.105077,0.080963,-0.097470
-0.830021,-0.026556,0.001757,0.779757,-0.507576,0.078540,0.256238,-0.320099,0.074162,0.664604,0.212303,1.128175,0.224255,-0.052698,-0.036963,2.239121,-0.701232,-0.132878,0.261800,1.914579,-0.255913,1.700000,1.330011,-0.150117,0.352530,-0.065165,-0.104758,0.078702,-0.095874
-0.827918,-0.026991,0.000831,0.779295,-0.507060,0.077705,0.258221,-0.319809,0.073455,0.661114,0.212104,1.128494,0.223728,-0.051528,-0.038082,2.239101,-0.707059,-0.133072,0.261800,1.913989,-0.258366,1.700000,1.329606,-0.150510,0.352348,-0.066554,-0.104387,0.076251,-0.094336
-0.826064,-0.027850,-0.000272,0.778245,-0.506807,0.077097,0.259114,-0.319573,0.072360,0.657156,0.212623,1.128385,0.223655,-0.050052,-0.039615,2.239151,-0.715492,-0.133218,0.261800,1.912854,-0.262411,1.700000,1.328486,-0.150598,0.352339,-0.067095,-0.103240,0.073031,-0.090192
-0.824137,-0.028811,-0.001576,0.777571,-0.506663,0.076497,0.260840,-0.319489,0.071253,0.653236,0.213026,1.128264,0.224073,-0.048327,-0.041410,2.238758,-0.724355,-0.133585,0.261800,1.911617,-0.266907,1.700000,1.327482,-0.150942,0.351826,-0.068059,-0.102352,0.069811,-0.086763
-0.822066,-0.029976,-0.003284,0.777650,-0.506735,0.075916,0.264230,-0.319708,0.070123,0.649391,0.213198,1.128120,0.225473,-0.046099,-0.043730,2.237477,-0.734076,-0.134389,0.261800,1.910177,-0.272304,1.700000,1.326709,-0.151800,0.350306,-0.069868,-0.101981,0.066594,-0.084764
-0.819794,-0.030792,-0.005170,0.777575,-0.506447,0.075301,0.267296,-0.319580,0.068819,0.645622,0.213374,1.127409,0.226691,-0.043926,-0.045087,2.236779,-0.745786,-0.134566,0.261800,1.908573,-0.278659,1.700000,1.324782,-0.152539,0.349573,-0.071169,-0.101698,0.063347,-0.082598
-0.817422,-0.031434,-0.007147,0.777425,-0.505978,0.074671,0.270200,-0.319278,0.067427,0.641891,0.213552,1.126416,0.227818,-0.041779,-0.045962,2.236372,-0.758490,-0.134428,0.261800,1.906888,-0.285492,1.700000,1.322279,-0.153217,0.349231,-0.072217,-0.101458,0.060085,-0.080350
-0.816578,-0.034114,-0.009819,0.777810,-0.506124,0.076341,0.271904,-0.317807,0.068475,0.639289,0.216229,1.125554,0.229336,-0.039078,-0.048593,2.233145,-0.775641,-0.134698,0.261800,1.907249,-0.295762,1.700000,1.318310,-0.153248,0.347821,-0.072803,-0.101160,0.056799,-0.078471
-0.814731,-0.035846,-0.012432,0.778126,-0.505696,0.076901,0.274737,-0.316678,0.068371,0.635868,0.217407,1.124886,0.231546,-0.036729,-0.050961,2.230190,-0.791615,-0.135169,0.261800,1.906538,-0.305430,1.700000,1.315858,-0.153254,0.345876,-0.073851,-0.100743,0.053424,-0.076307
-0.810879,-0.035682,-0.014926,0.778303,-0.504121,0.075243,0.279830,-0.316233,0.065966,0.630806,0.215588,1.124606,0.235139,-0.035087,-0.052806,2.227779,-0.805231,-0.136044,0.261800,1.903681,-0.313894,1.700000,1.316442,-0.153211,0.342864,-0.075821,-0.100090,0.049874,-0.073573
-0.807878,-0.037318,-0.018031,0.778506,-0.503469,0.075491,0.283962,-0.315206,0.065014,0.625623,0.216507,1.123801,0.238984,-0.031415,-0.055120,2.224426,-0.823477,-0.137346,0.261800,1.901952,-0.325189,1.700000,1.316017,-0.152888,0.340298,-0.077415,-0.099604,0.045725,-0.072140
-0.805303,-0.039854,-0.021441,0.778723,-0.503278,0.076691,0.287613,-0.313888,0.064788,0.620380,0.218796,1.122735,0.242956,-0.026728,-0.057669,2.220603,-0.844038,-0.138861,0.261800,1.900788,-0.337900,1.700000,1.315088,-0.152425,0.337955,-0.078821,-0.099203,0.041278,-0.071358
-0.802804,-0.040853,-0.025052,0.779830,-0.503200,0.076349,0.291736,-0.313327,0.064219,0.618278,0.220098,1.122048,0.246793,-0.024977,-0.058516,2.217057,-0.864103,-0.138210,0.261800,1.899512,-0.351301,1.700000,1.312306,-0.152296,0.335607,-0.079690,-0.098600,0.037296,-0.067726
-0.800257,-0.041939,-0.028838,0.780905,-0.502990,0.076250,0.296169,-0.312560,0.062992,0.615121,0.221126,1.120845,0.251832,-0.022276,-0.060234,2.213053,-0.884855,-0.138340,0.261800,1.897882,-0.365259,1.700000,1.310789,-0.152133,0.332479,-0.080596,-0.097988,0.033206,-0.064693
-0.797613,-0.043199,-0.032976,0.781916,-0.502515,0.076635,0.301224,-0.311383,0.060449,0.609855,0.221604,1.118613,0.259277,-0.017676,-0.063696,2.208134,-0.906980,-0.140030,0.261800,1.895545,-0.380335,1.700000,1.311806,-0.151899,0.327791,-0.081573,-0.097358,0.028899,-0.062859
-0.794843,-0.043797,-0.037707,0.782637,-0.502029,0.076536,0.305399,-0.311065,0.058018,0.604873,0.221464,1.116531,0.268252,-0.013542,-0.066290,2.202272,-0.927378,-0.142171,0.261800,1.893080,-0.395925,1.700000,1.311254,-0.152861,0.322638,-0.083005,-0.097148,0.024835,-0.061033
-0.792009,-0.044065,-0.042735,0.783215,-0.501537,0.076195,0.309133,-0.311176,0.055641,0.600034,0.221014,1.114525,0.277993,-0.009641,-0.068449,2.195937,-0.946913,-0.144538,0.261800,1.890550,-0.411772,1.700000,1.309918,-0.154421,0.317253,-0.084663,-0.097149,0.020894,-0.059211
-0.789335,-0.045134,-0.047304,0.784251,-0.502104,0.075316,0.314409,-0.311110,0.053073,0.596414,0.221312,1.112996,0.285732,-0.006727,-0.070127,2.190746,-0.968717,-0.145804,0.261800,1.887365,-0.429976,1.700000,1.311228,-0.153923,0.312498,-0.085318,-0.096663,0.015922,-0.057068
-0.786945,-0.045945,-0.052001,0.785506,-0.502566,0.074742,0.319374,-0.311180,0.050466,0.593061,0.221648,1.110949,0.294423,-0.003812,-0.071851,2.185397,-0.990570,-0.147150,0.261800,1.884116,-0.448369,1.700000,1.312329,-0.154185,0.307579,-0.086008,-0.096166,0.011143,-0.055248
-0.785123,-0.046241,-0.056951,0.787197,-0.502818,0.074780,0.323717,-0.311521,0.047781,0.590243,0.222061,1.107869,0.305020,-0.000894,-0.073668,2.179732,-1.012522,-0.148660,0.261800,1.880742,-0.467140,1.700000,1.313011,-0.155968,0.302329,-0.086770,-0.095644,0.006749,-0.054072
-0.782977,-0.046121,-0.061924,0.788171,-0.502326,0.074633,0.327869,-0.311831,0.045016,0.586601,0.221563,1.104885,0.315902,0.002448,-0.075929,2.174152,-1.033525,-0.150526,0.261800,1.877209,-0.486373,1.700000,1.315490,-0.156733,0.297516,-0.087377,-0.094428,0.002549,-0.050868
-0.780669,-0.045793,-0.066907,0.788787,-0.501462,0.074393,0.331925,-0.312125,0.042212,0.582547,0.220609,1.101950,0.326927,0.006003,-0.078410,2.168616,-1.054054,-0.152569,0.261800,1.873596,-0.505838,1.700000,1.318867,-0.156988,0.292921,-0.087907,-0.092866,-0.001555,-0.046651
-0.778881,-0.046160,-0.071775,0.789408,-0.501216,0.073935,0.336369,-0.312629,0.039169,0.578853,0.220646,1.098250,0.338535,0.009709,-0.081617,2.163328,-1.076368,-0.154432,0.261800,1.869649,-0.527401,1.700000,1.322488,-0.156880,0.286428,-0.088099,-0.092149,-0.005977,-0.044678
-0.776860,-0.045916,-0.076281,0.790287,-0.501105,0.073603,0.340647,-0.313252,0.036241,0.575630,0.220476,1.094628,0.350184,0.012697,-0.084080,2.158044,-1.097657,-0.156308,0.261800,1.865540,-0.548741,1.700000,1.327520,-0.157070,0.280857,-0.088740,-0.091658,-0.009584,-0.043511
-0.774371,-0.044449,-0.080064,0.791683,-0.501262,0.073524,0.344594,-0.314111,0.033542,0.573352,0.219894,1.091160,0.361917,0.014248,-0.085056,2.152769,-1.116898,-0.158209,0.261800,1.861110,-0.569636,1.700000,1.335376,-0.157858,0.277128,-0.090280,-0.091618,-0.011561,-0.043953
-0.772778,-0.044480,-0.083987,0.793456,-0.501390,0.072946,0.350231,-0.313024,0.031081,0.571024,0.219153,1.087328,0.373664,0.016978,-0.086632,2.148458,-1.136167,-0.158554,0.261800,1.857377,-0.589599,1.700000,1.339052,-0.158046,0.272458,-0.090794,-0.091543,-0.014524,-0.041986
-0.771633,-0.045260,-0.087979,0.795417,-0.501504,0.072119,0.356713,-0.310965,0.028737,0.568671,0.218330,1.083314,0.385419,0.020298,-0.088508,2.144630,-1.155451,-0.158122,0.261800,1.853991,-0.609095,1.700000,1.340639,-0.157933,0.267317,-0.090795,-0.091451,-0.017980,-0.038814
-0.769387,-0.044748,-0.092244,0.796386,-0.500936,0.071913,0.361395,-0.310716,0.025702,0.565557,0.217033,1.078755,0.399276,0.022260,-0.090265,2.139789,-1.175163,-0.159781,0.261800,1.849154,-0.630497,1.700000,1.345905,-0.157281,0.261100,-0.092326,-0.091370,-0.018313,-0.038945
-0.767673,-0.044433,-0.096408,0.797269,-0.500752,0.071535,0.365555,-0.310801,0.023115,0.562677,0.216205,1.074265,0.412564,0.024780,-0.092226,2.135472,-1.193724,-0.161166,0.261800,1.844636,-0.651532,1.700000,1.350695,-0.157020,0.256173,-0.093131,-0.090906,-0.019904,-0.037320
-0.767024,-0.044513,-0.100368,0.797978,-0.501337,0.070811,0.368672,-0.311554,0.021424,0.560265,0.216318,1.069916,0.424712,0.028416,-0.094595,2.132205,-1.209980,-0.162004,0.261800,1.840755,-0.671832,1.700000,1.354534,-0.157541,0.253825,-0.092482,-0.089673,-0.024011,-0.032185
-0.765660,-0.044606,-0.104399,0.799393,-0.501847,0.070443,0.372868,-0.311611,0.019780,0.558064,0.216734,1.065301,0.438002,0.031016,-0.096503,2.128227,-1.226622,-0.162771,0.261800,1.836136,-0.692712,1.700000,1.357699,-0.157690,0.250932,-0.092382,-0.089449,-0.027033,-0.028766
-0.763938,-0.044705,-0.108465,0.801159,-0.502320,0.070254,0.377604,-0.311320,0.018161,0.555969,0.217303,1.060552,0.451863,0.033097,-0.098181,2.123893,-1.243457,-0.163502,0.261800,1.831149,-0.713882,1.700000,1.360526,-0.157653,0.247767,-0.092556,-0.089730,-0.029512,-0.026205
-0.764085,-0.044737,-0.111605,0.801662,-0.502326,0.070002,0.380003,-0.311597,0.015878,0.554819,0.216743,1.055127,0.465453,0.034846,-0.099125,2.120493,-1.257785,-0.164331,0.261800,1.826661,-0.734557,1.700000,1.365713,-0.158612,0.244580,-0.092375,-0.088971,-0.031125,-0.024670
-0.764164,-0.044636,-0.114480,0.801981,-0.502119,0.069855,0.382313,-0.311233,0.013369,0.553172,0.215680,1.049615,0.479224,0.036545,-0.100289,2.117437,-1.271751,-0.164928,0.261800,1.822159,-0.754679,1.700000,1.370228,-0.159265,0.240743,-0.092015,-0.088158,-0.032793,-0.022555
-0.764107,-0.044272,-0.116825,0.801934,-0.501487,0.069915,0.384447,-0.309584,0.010408,0.550528,0.213611,1.043931,0.493354,0.038147,-0.101895,2.115072,-1.284995,-0.165063,0.261800,1.817627,-0.773694,1.700000,1.373400,-0.159302,0.235605,-0.091297,-0.087239,-0.034573,-0.019282
-0.763831,-0.044484,-0.119329,0.802846,-0.501138,0.070273,0.387687,-0.309024,0.007492,0.549086,0.212985,1.038333,0.507500,0.039414,-0.103266,2.112156,-1.297697,-0.165704,0.261800,1.812146,-0.793912,1.700000,1.377611,-0.159110,0.231757,-0.091259,-0.087172,-0.036016,-0.018399
-0.763447,-0.044984,-0.121912,0.804239,-0.500930,0.070781,0.391479,-0.309008,0.004599,0.548244,0.213079,1.032778,0.521654,0.040515,-0.104521,2.108965,-1.310128,-0.166598,0.261800,1.806192,-0.814730,1.700000,1.382343,-0.158802,0.228555,-0.091559,-0.087532,-0.037289,-0.018712
-0.763218,-0.044802,-0.124131,0.804145,-0.501025,0.070597,0.394094,-0.308969,0.002355,0.546904,0.212993,1.026937,0.536015,0.042336,-0.106836,2.107101,-1.320264,-0.166728,0.261800,1.801262,-0.833064,1.700000,1.383902,-0.160006,0.224164,-0.092076,-0.088268,-0.038620,-0.018873
-0.763239,-0.044844,-0.126098,0.804089,-0.501236,0.070271,0.396420,-0.308676,0.000487,0.545883,0.213158,1.021150,0.549721,0.043971,-0.109164,2.105812,-1.329691,-0.166630,0.261800,1.796721,-0.850827,1.700000,1.385433,-0.160793,0.220833,-0.091810,-0.088412,-0.039650,-0.018175
-0.763762,-0.045332,-0.127559,0.804112,-0.501681,0.069657,0.398169,-0.307875,-0.000628,0.545501,0.213824,1.015472,0.562115,0.045233,-0.111514,2.105670,-1.337700,-0.166073,0.261800,1.792957,-0.867452,1.700000,1.386906,-0.160746,0.219623,-0.089982,-0.087371,-0.040081,-0.015760
-0.764591,-0.045395,-0.128557,0.803969,-0.502166,0.069044,0.398996,-0.307777,-0.001523,0.545592,0.213777,1.010149,0.574008,0.045253,-0.112868,2.105427,-1.344035,-0.165416,0.261800,1.789585,-0.882807,1.700000,1.387408,-0.161985,0.218535,-0.088315,-0.086584,-0.041866,-0.012646
-0.765574,-0.045246,-0.129325,0.803744,-0.502672,0.068432,0.399363,-0.308030,-0.002308,0.545921,0.213374,1.005002,0.585652,0.044652,-0.113725,2.105135,-1.349535,-0.164708,0.261800,1.786407,-0.897528,1.700000,1.387425,-0.163869,0.217508,-0.086729,-0.085923,-0.044329,-0.009181
-0.765504,-0.045261,-0.129599,0.803833,-0.502722,0.068054,0.400585,-0.306949,-0.002899,0.546497,0.213630,1.000917,0.595461,0.044627,-0.115976,2.104807,-1.353361,-0.164480,0.261800,1.783380,-0.911170,1.700000,1.388927,-0.163842,0.215595,-0.086303,-0.086157,-0.044960,-0.008526
-0.765583,-0.045323,-0.129929,0.803936,-0.502719,0.067595,0.401760,-0.306172,-0.003310,0.546816,0.214094,0.996901,0.605329,0.044979,-0.118447,2.104546,-1.357083,-0.164347,0.261800,1.780624,-0.924218,1.700000,1.390155,-0.164185,0.213341,-0.085808,-0.086401,-0.046077,-0.007785
-0.765959,-0.045482,-0.130372,0.804070,-0.502610,0.066973,0.402842,-0.306002,-0.003358,0.546622,0.214973,0.993026,0.615312,0.046086,-0.121360,2.104421,-1.360600,-0.164406,0.261800,1.778412,-0.936075,1.700000,1.390838,-0.165271,0.210406,-0.085177,-0.086663,-0.048167,-0.006875
-0.766149,-0.045652,-0.130373,0.803623,-0.502538,0.066353,0.403347,-0.305131,-0.004066,0.546106,0.214711,0.989733,0.624358,0.046195,-0.122233,2.104193,-1.363286,-0.164554,0.261800,1.776394,-0.946966,1.700000,1.391105,-0.166119,0.207381,-0.085183,-0.086879,-0.049867,-0.005530
-0.766246,-0.045828,-0.130152,0.802887,-0.502485,0.065733,0.403562,-0.303910,-0.005103,0.545430,0.213881,0.986731,0.632936,0.045806,-0.122086,2.103914,-1.365557,-0.164747,0.261800,1.774474,-0.957374,1.700000,1.391163,-0.166849,0.204310,-0.085508,-0.087071,-0.051372,-0.003967
-0.766430,-0.046145,-0.130192,0.801921,-0.502422,0.065217,0.404766,-0.303271,-0.005927,0.544245,0.213300,0.984356,0.640070,0.046157,-0.123017,2.104098,-1.367067,-0.164658,0.261800,1.773403,-0.966527,1.700000,1.391292,-0.167657,0.202920,-0.085578,-0.086926,-0.052164,-0.003272
-0.766281,-0.046334,-0.130304,0.801222,-0.502362,0.064689,0.405911,-0.302690,-0.006664,0.543229,0.212885,0.982299,0.647106,0.046239,-0.123687,2.103987,-1.368448,-0.164635,0.261800,1.772208,-0.975425,1.700000,1.391403,-0.168158,0.201390,-0.085793,-0.086913,-0.052840,-0.002664
-0.765466,-0.046269,-0.130563,0.801057,-0.502307,0.064135,0.406939,-0.302224,-0.007227,0.542552,0.212801,0.980878,0.653945,0.045784,-0.123834,2.103287,-1.369574,-0.164746,0.261800,1.770763,-0.983813,1.700000,1.391481,-0.168043,0.199584,-0.086297,-0.087164,-0.053288,-0.002230
-0.764989,-0.046207,-0.130657,0.800683,-0.502115,0.063703,0.407804,-0.302217,-0.007510,0.541634,0.212810,0.979544,0.659960,0.045910,-0.125128,2.103058,-1.370768,-0.165001,0.261800,1.770106,-0.991416,1.700000,1.391877,-0.168553,0.197803,-0.086474,-0.087406,-0.054343,-0.002068
-0.764680,-0.046147,-0.130668,0.800205,-0.501856,0.063333,0.408588,-0.302439,-0.007654,0.540594,0.212866,0.978253,0.665561,0.046325,-0.126996,2.103064,-1.371997,-0.165327,0.261800,1.769844,-0.998628,1.700000,1.392431,-0.169376,0.196033,-0.086487,-0.087643,-0.055702,-0.002043
-0.764470,-0.046025,-0.130902,0.800001,-0.502220,0.063012,0.409295,-0.302036,-0.008059,0.540279,0.212816,0.977518,0.670831,0.046403,-0.128182,2.102204,-1.372522,-0.165545,0.261800,1.769838,-1.004791,1.700000,1.392494,-0.170688,0.194128,-0.086537,-0.087950,-0.056601,-0.001684
-0.764357,-0.046061,-0.131156,0.799843,-0.502458,0.062766,0.410136,-0.301723,-0.008480,0.539983,0.212736,0.976873,0.675694,0.046329,-0.129237,2.101476,-1.373326,-0.165569,0.261800,1.769953,-1.010997,1.700000,1.392714,-0.171861,0.192459,-0.086508,-0.088137,-0.057258,-0.001317
-0.764439,-0.046413,-0.131449,0.799777,-0.502443,0.062668,0.411247,-0.301593,-0.008934,0.539727,0.212598,0.976408,0.679739,0.045951,-0.130033,2.101010,-1.374687,-0.165207,0.261800,1.770310,-1.017291,1.700000,1.393249,-0.172756,0.191263,-0.086324,-0.088087,-0.057427,-0.000936
-0.764377,-0.047099,-0.131655,0.799438,-0.502544,0.062526,0.412086,-0.301148,-0.009107,0.539459,0.212810,0.976422,0.683503,0.045792,-0.130803,2.100549,-1.375899,-0.165106,0.261800,1.770819,-1.022693,1.700000,1.393372,-0.174011,0.190479,-0.086475,-0.088104,-0.057814,-0.000508
-0.764242,-0.047951,-0.131817,0.798961,-0.502702,0.062363,0.412790,-0.300546,-0.009141,0.539184,0.213196,0.976674,0.687125,0.045743,-0.131560,2.100089,-1.377038,-0.165134,0.261800,1.771404,-1.027650,1.700000,1.393289,-0.175445,0.189900,-0.086794,-0.088156,-0.058310,-0.000056
-0.764203,-0.048319,-0.131916,0.798518,-0.502743,0.061968,0.413259,-0.300453,-0.009037,0.538793,0.213714,0.977258,0.689827,0.046121,-0.132528,2.099761,-1.377940,-0.165041,0.261800,1.772591,-1.031903,1.700000,1.393964,-0.176152,0.188663,-0.086699,-0.087788,-0.059347,0.000923
-0.764205,-0.048661,-0.132028,0.798250,-0.502733,0.061718,0.413834,-0.300301,-0.009105,0.538608,0.214005,0.977832,0.692578,0.046191,-0.133311,2.099343,-1.379034,-0.164949,0.261800,1.773710,-1.036143,1.700000,1.394550,-0.176677,0.187394,-0.086757,-0.087592,-0.059905,0.001758
-0.764292,-0.048950,-0.132163,0.798335,-0.502621,0.061756,0.414620,-0.300033,-0.009514,0.538836,0.213844,0.978387,0.695427,0.045643,-0.133724,2.098744,-1.380511,-0.164860,0.261800,1.774692,-1.040355,1.700000,1.394960,-0.176837,0.186062,-0.087124,-0.087743,-0.059503,0.002306
-0.764322,-0.049268,-0.132235,0.797990,-0.502428,0.061758,0.415018,-0.299864,-0.009962,0.538253,0.213737,0.979214,0.697675,0.045317,-0.134204,2.098182,-1.381552,-0.164801,0.261800,1.776099,-1.044051,1.700000,1.395515,-0.177145,0.184839,-0.087256,-0.087672,-0.059861,0.002847
-0.764324,-0.049601,-0.132274,0.797431,-0.502195,0.061740,0.415221,-0.299744,-0.010431,0.537264,0.213658,0.980177,0.699621,0.045100,-0.134717,2.097640,-1.382376,-0.164757,0.261800,1.777717,-1.047490,1.700000,1.396142,-0.177529,0.183670,-0.087272,-0.087491,-0.060599,0.003383
-0.764298,-0.050392,-0.132265,0.797062,-0.502237,0.061943,0.415708,-0.298528,-0.010404,0.537099,0.213881,0.981583,0.701459,0.045453,-0.136021,2.097198,-1.383658,-0.164878,0.261800,1.779143,-1.050148,1.700000,1.396429,-0.178212,0.182712,-0.087285,-0.087627,-0.061366,0.003966
-0.764418,-0.051073,-0.132221,0.796495,-0.502248,0.062125,0.415963,-0.297866,-0.010389,0.536687,0.214029,0.982987,0.703114,0.045714,-0.137155,2.096951,-1.384938,-0.164947,0.261800,1.780779,-1.052598,1.700000,1.396891,-0.179159,0.181783,-0.087318,-0.087623,-0.062183,0.004365
-0.764830,-0.051533,-0.132104,0.795533,-0.502198,0.062263,0.415754,-0.298312,-0.010394,0.535779,0.214024,0.984387,0.704403,0.045792,-0.137946,2.097094,-1.386213,-0.164912,0.261800,1.782839,-1.054632,1.700000,1.397705,-0.180633,0.180910,-0.087389,-0.087338,-0.063102,0.004398
-0.765169,-0.051828,-0.132023,0.794974,-0.502046,0.062418,0.415887,-0.298062,-0.010379,0.535673,0.213674,0.986028,0.705371,0.045730,-0.138538,2.097073,-1.387228,-0.164577,0.261800,1.784994,-1.056241,1.700000,1.397990,-0.181434,0.179808,-0.086869,-0.086990,-0.064128,0.005949
-0.765471,-0.052041,-0.131959,0.794617,-0.501843,0.062581,0.416190,-0.297463,-0.010353,0.535967,0.213151,0.987790,0.706177,0.045600,-0.139029,2.096971,-1.388112,-0.164093,0.261800,1.787197,-1.057637,1.700000,1.398011,-0.181898,0.178592,-0.086056,-0.086611,-0.065206,0.008259
-0.765134,-0.052172,-0.131804,0.793699,-0.501564,0.062796,0.416762,-0.297511,-0.010224,0.534923,0.212968,0.989663,0.706864,0.045973,-0.140260,2.097309,-1.388700,-0.164248,0.261800,1.789780,-1.058205,1.700000,1.397994,-0.182609,0.177622,-0.085930,-0.086514,-0.066357,0.009077
-0.764638,-0.052526,-0.131622,0.792658,-0.501367,0.062999,0.417243,-0.297266,-0.010198,0.533640,0.212975,0.991930,0.707223,0.046450,-0.141435,2.097370,-1.389023,-0.164623,0.261800,1.792301,-1.058598,1.700000,1.398082,-0.183138,0.176699,-0.086198,-0.086643,-0.067299,0.009806
-0.763823,-0.053328,-0.131387,0.791371,-0.501332,0.063181,0.417544,-0.296434,-0.010381,0.531883,0.213361,0.994981,0.706930,0.047136,-0.142500,2.096876,-1.388815,-0.165434,0.261800,1.794697,-1.058644,1.700000,1.398378,-0.183302,0.175867,-0.087251,-0.087223,-0.067823,0.010357
-0.763622,-0.054210,-0.131251,0.790912,-0.501131,0.063519,0.418285,-0.295505,-0.011043,0.530369,0.213191,0.997929,0.706502,0.047441,-0.142875,2.096199,-1.388787,-0.165992,0.261800,1.797323,-1.058571,1.700000,1.399671,-0.183887,0.174682,-0.087902,-0.087593,-0.068771,0.010717
-0.763729,-0.055131,-0.131164,0.790868,-0.500846,0.063936,0.419247,-0.294528,-0.011945,0.528978,0.212743,1.000826,0.706006,0.047557,-0.142906,2.095431,-1.388849,-0.166423,0.261800,1.800063,-1.058439,1.700000,1.401461,-0.184683,0.173321,-0.088353,-0.087857,-0.069931,0.010983
-0.763862,-0.055676,-0.130733,0.790422,-0.500775,0.064472,0.418569,-0.294344,-0.012457,0.527892,0.212432,1.003458,0.705783,0.047841,-0.143087,2.095272,-1.389293,-0.166307,0.261800,1.802806,-1.057840,1.700000,1.401759,-0.185075,0.172511,-0.088517,-0.087633,-0.071103,0.012420
-0.763997,-0.056084,-0.130434,0.789860,-0.500691,0.064902,0.418155,-0.294183,-0.013076,0.526958,0.212085,1.006096,0.705890,0.048203,-0.143382,2.094926,-1.389728,-0.166261,0.261800,1.805383,-1.057310,1.700000,1.402134,-0.185690,0.171378,-0.088813,-0.087565,-0.072087,0.013692
-0.764137,-0.056215,-0.130401,0.789066,-0.500580,0.065122,0.418270,-0.294064,-0.013909,0.526327,0.211666,1.008748,0.706655,0.048721,-0.143903,2.094203,-1.390149,-0.166352,0.261800,1.807630,-1.056921,1.700000,1.402661,-0.186750,0.169598,-0.089375,-0.087810,-0.072696,0.014637
-0.764543,-0.056607,-0.130065,0.788471,-0.500439,0.065334,0.418108,-0.293302,-0.014548,0.525690,0.211312,1.011415,0.706699,0.049020,-0.144133,2.093879,-1.390666,-0.166155,0.261800,1.810154,-1.056450,1.700000,1.403265,-0.187306,0.168212,-0.089553,-0.087765,-0.073215,0.015888
-0.765082,-0.057129,-0.129578,0.787976,-0.500282,0.065543,0.417809,-0.292218,-0.015090,0.525048,0.210990,1.014088,0.706382,0.049209,-0.144217,2.093753,-1.391230,-0.165815,0.261800,1.812816,-1.055937,1.700000,1.403906,-0.187611,0.167023,-0.089539,-0.087576,-0.073688,0.017293
-0.765105,-0.057763,-0.129313,0.787771,-0.500110,0.066066,0.418234,-0.291821,-0.016115,0.524465,0.210737,1.016572,0.706762,0.048921,-0.144440,2.092395,-1.391410,-0.166103,0.261800,1.814897,-1.055856,1.700000,1.404925,-0.188926,0.166202,-0.089542,-0.087322,-0.074088,0.017973
-0.764961,-0.058263,-0.129019,0.787542,-0.499971,0.066519,0.418545,-0.291521,-0.017037,0.523899,0.210501,1.019070,0.706869,0.048602,-0.144480,2.091361,-1.391602,-0.166322,0.261800,1.817096,-1.055707,1.700000,1.405625,-0.190189,0.165558,-0.089671,-0.087147,-0.074361,0.018209
-0.764482,-0.058496,-0.128666,0.787264,-0.499898,0.066834,0.418627,-0.291416,-0.017753,0.523365,0.210299,1.021597,0.706430,0.048220,-0.144158,2.090974,-1.391819,-0.166401,0.261800,1.819529,-1.055424,1.700000,1.405687,-0.191346,0.165266,-0.090051,-0.087132,-0.074379,0.017555
-0.764505,-0.059113,-0.128418,0.787457,-0.499894,0.067158,0.418835,-0.290778,-0.018023,0.523585,0.210591,1.024276,0.705854,0.047809,-0.144076,2.090151,-1.391695,-0.166238,0.261800,1.821846,-1.055028,1.700000,1.405539,-0.192042,0.165418,-0.090290,-0.087293,-0.074649,0.017331
-0.764780,-0.059924,-0.128223,0.787886,-0.499923,0.067486,0.419106,-0.289872,-0.018070,0.524181,0.211129,1.027031,0.705208,0.047383,-0.144114,2.089109,-1.391401,-0.165955,0.261800,1.824105,-1.054576,1.700000,1.405286,-0.192506,0.165794,-0.090458,-0.087543,-0.075044,0.017322
-0.764712,-0.060367,-0.127839,0.787277,-0.500257,0.067367,0.418687,-0.289295,-0.018011,0.524179,0.211685,1.029861,0.704165,0.047082,-0.144690,2.088602,-1.390981,-0.166236,0.261800,1.826719,-1.053529,1.700000,1.405647,-0.193128,0.165421,-0.090720,-0.087450,-0.076079,0.017509
-0.764730,-0.060795,-0.127551,0.786923,-0.500401,0.067353,0.418357,-0.288740,-0.018118,0.524302,0.212028,1.032636,0.703186,0.046753,-0.145075,2.088011,-1.390679,-0.166425,0.261800,1.829306,-1.052563,1.700000,1.406092,-0.193634,0.164976,-0.090899,-0.087368,-0.076668,0.017638
-0.764920,-0.061194,-0.127453,0.787079,-0.500167,0.067547,0.418203,-0.288228,-0.018555,0.524672,0.211945,1.035302,0.702334,0.046371,-0.145079,2.087253,-1.390611,-0.166430,0.261800,1.831839,-1.051763,1.700000,1.406705,-0.193909,0.164388,-0.090915,-0.087309,-0.076365,0.017654
-0.765279,-0.061551,-0.127286,0.786933,-0.499774,0.067847,0.417786,-0.288091,-0.019090,0.524897,0.211509,1.037793,0.701707,0.045705,-0.145116,2.086505,-1.390756,-0.166415,0.261800,1.834237,-1.051150,1.700000,1.407064,-0.193830,0.164054,-0.090647,-0.087251,-0.076496,0.017976
-0.765722,-0.061888,-0.127085,0.786636,-0.499302,0.068199,0.417239,-0.288143,-0.019673,0.525049,0.210896,1.040197,0.701192,0.044896,-0.145169,2.085763,-1.391008,-0.166391,0.261800,1.836568,-1.050631,1.700000,1.407296,-0.193575,0.163847,-0.090236,-0.087193,-0.076845,0.018453
-0.765911,-0.061987,-0.126991,0.786582,-0.499008,0.068436,0.417312,-0.286782,-0.020136,0.525848,0.210584,1.042859,0.700378,0.044240,-0.144864,2.085230,-1.390815,-0.166148,0.261800,1.838866,-1.049553,1.700000,1.406530,-0.193952,0.163815,-0.090537,-0.087473,-0.077414,0.018719
-0.766305,-0.062375,-0.126823,0.786544,-0.499004,0.068513,0.417609,-0.285920,-0.020363,0.526867,0.210462,1.045514,0.699266,0.043528,-0.144805,2.084895,-1.390453,-0.165535,0.261800,1.841499,-1.048137,1.700000,1.405612,-0.194648,0.164053,-0.090395,-0.087540,-0.078116,0.019397
-0.767109,-0.063340,-0.126506,0.786537,-0.499581,0.068268,0.418352,-0.286058,-0.020121,0.528322,0.210724,1.048155,0.697560,0.042703,-0.145237,2.084954,-1.389751,-0.164182,0.261800,1.844801,-1.046048,1.700000,1.404393,-0.195982,0.164830,-0.089371,-0.087181,-0.079081,0.020897
-0.767929,-0.063404,-0.126498,0.786504,-0.499634,0.068238,0.417901,-0.286107,-0.020295,0.529126,0.210822,1.051015,0.696294,0.042569,-0.145916,2.084762,-1.389164,-0.164086,0.261800,1.847520,-1.044363,1.700000,1.404116,-0.196392,0.164835,-0.089434,-0.087175,-0.079239,0.021318
-0.768757,-0.063020,-0.126645,0.786456,-0.499424,0.068316,0.416854,-0.286110,-0.020677,0.529606,0.210838,1.053985,0.695250,0.042780,-0.146719,2.084443,-1.388634,-0.164621,0.261800,1.849948,-1.042880,1.700000,1.404309,-0.196339,0.164454,-0.090041,-0.087348,-0.078994,0.021199
-0.768717,-0.062428,-0.126609,0.786217,-0.498880,0.068495,0.416542,-0.285628,-0.021196,0.529437,0.210144,1.056705,0.694326,0.042731,-0.146558,2.084692,-1.388778,-0.164865,0.261800,1.852301,-1.041531,1.700000,1.404357,-0.196366,0.163693,-0.090236,-0.087137,-0.079003,0.020243
-0.768830,-0.062104,-0.126614,0.786102,-0.498283,0.068635,0.416384,-0.285030,-0.021747,0.529445,0.209679,1.059468,0.693356,0.042811,-0.146387,2.084828,-1.388655,-0.165027,0.261800,1.854735,-1.040055,1.700000,1.404325,-0.196354,0.163101,-0.090531,-0.087064,-0.078971,0.019628
-0.769246,-0.062315,-0.126705,0.786238,-0.497582,0.068700,0.416534,-0.284201,-0.022358,0.529808,0.209672,1.062319,0.692293,0.043149,-0.146195,2.084741,-1.387999,-0.165023,0.261800,1.857330,-1.038328,1.700000,1.404133,-0.196265,0.162847,-0.091024,-0.087269,-0.078855,0.019696
-0.769369,-0.062374,-0.126847,0.786304,-0.497514,0.068618,0.416872,-0.284347,-0.022609,0.530199,0.209686,1.065261,0.691040,0.042981,-0.146364,2.084617,-1.387434,-0.164918,0.261800,1.859875,-1.036873,1.700000,1.403939,-0.196375,0.163093,-0.091159,-0.087316,-0.078842,0.019908
-0.769344,-0.062358,-0.127016,0.786336,-0.497764,0.068463,0.417304,-0.284981,-0.022682,0.530603,0.209710,1.068247,0.689692,0.042561,-0.146714,2.084476,-1.386913,-0.164763,0.261800,1.862396,-1.035554,1.700000,1.403744,-0.196584,0.163589,-0.091114,-0.087285,-0.078882,0.020193
-0.769727,-0.062310,-0.127035,0.786346,-0.497613,0.068741,0.417090,-0.283811,-0.023448,0.531626,0.209656,1.070438,0.689027,0.042430,-0.147573,2.084618,-1.387283,-0.164658,0.261800,1.864820,-1.034428,1.700000,1.403995,-0.197133,0.163559,-0.090981,-0.087019,-0.078788,0.020318
-0.770003,-0.062248,-0.127055,0.786328,-0.497664,0.068970,0.416951,-0.283237,-0.024190,0.532493,0.209850,1.072766,0.688157,0.042157,-0.148187,2.084721,-1.387486,-0.164684,0.261800,1.867217,-1.033404,1.700000,1.404416,-0.197893,0.163585,-0.090974,-0.086744,-0.078878,0.020457
-0.770063,-0.062157,-0.127078,0.786253,-0.498117,0.069101,0.416963,-0.283856,-0.024884,0.533047,0.210541,1.075371,0.686876,0.041596,-0.148312,2.084749,-1.387354,-0.164976,0.261800,1.869561,-1.032583,1.700000,1.405180,-0.199073,0.163723,-0.091219,-0.086451,-0.079337,0.020623
-0.770269,-0.061816,-0.127298,0.786163,-0.498166,0.069172,0.416593,-0.283880,-0.025496,0.533507,0.210349,1.077986,0.685976,0.041400,-0.148132,2.084534,-1.387118,-0.165412,0.261800,1.871760,-1.031802,1.700000,1.405804,-0.199208,0.163693,-0.091267,-0.086310,-0.079833,0.020981
-0.770547,-0.061350,-0.127616,0.786065,-0.498013,0.069214,0.416033,-0.283609,-0.026068,0.533918,0.209717,1.080606,0.685266,0.041385,-0.147801,2.084199,-1.386830,-0.165920,0.261800,1.873886,-1.031041,1.700000,1.406358,-0.198820,0.163578,-0.091218,-0.086246,-0.080349,0.021434
-0.770845,-0.060962,-0.127344,0.784699,-0.498086,0.069458,0.414587,-0.283376,-0.027446,0.532670,0.208911,1.082680,0.685513,0.042051,-0.148203,2.083760,-1.387673,-0.166961,0.261800,1.875543,-1.030612,1.700000,1.407709,-0.198439,0.161977,-0.091493,-0.085645,-0.081112,0.022404
-0.771294,-0.060761,-0.127186,0.783548,-0.498172,0.069646,0.413393,-0.283104,-0.028690,0.531981,0.208243,1.084712,0.685581,0.042369,-0.148562,2.083438,-1.388210,-0.167800,0.261800,1.877374,-1.030042,1.700000,1.408518,-0.198379,0.160885,-0.091517,-0.085210,-0.081774,0.023121
-0.772045,-0.060934,-0.127254,0.782826,-0.498284,0.069725,0.412703,-0.282757,-0.029665,0.532410,0.207851,1.086662,0.685289,0.041993,-0.148837,2.083353,-1.388137,-0.168234,0.261800,1.879553,-1.029190,1.700000,1.408245,-0.198957,0.160814,-0.091040,-0.085106,-0.082234,0.023331
-0.772704,-0.060941,-0.127483,0.782599,-0.498062,0.069854,0.412279,-0.282209,-0.030413,0.533126,0.207660,1.088610,0.685306,0.041809,-0.148928,2.083269,-1.388620,-0.168469,0.261800,1.881172,-1.029050,1.700000,1.408284,-0.198485,0.160743,-0.090771,-0.085008,-0.082539,0.023704
-0.773318,-0.060864,-0.127791,0.782619,-0.497672,0.070010,0.411989,-0.281560,-0.031047,0.533984,0.207570,1.090556,0.685477,0.041722,-0.148927,2.083185,-1.389382,-0.168604,0.261800,1.882510,-1.029264,1.700000,1.408479,-0.197488,0.160671,-0.090606,-0.084914,-0.082766,0.024158
-0.773657,-0.060466,-0.128111,0.782286,-0.497666,0.070342,0.411558,-0.282025,-0.031703,0.533913,0.207667,1.092219,0.685752,0.041947,-0.148839,2.083213,-1.389095,-0.168925,0.261800,1.884435,-1.028731,1.700000,1.408358,-0.197928,0.160080,-0.090982,-0.084837,-0.082289,0.023972
-0.773986,-0.060120,-0.128381,0.782012,-0.497690,0.070785,0.411245,-0.282402,-0.032444,0.533955,0.207608,1.093847,0.686100,0.042077,-0.148695,2.083281,-1.389100,-0.169136,0.261800,1.886084,-1.028499,1.700000,1.408434,-0.198011,0.159498,-0.091338,-0.084755,-0.081794,0.023770
-0.774294,-0.059878,-0.128551,0.781858,-0.497773,0.071448,0.411171,-0.282604,-0.033356,0.534224,0.207238,1.095408,0.686593,0.042016,-0.148438,2.083428,-1.389687,-0.169124,0.261800,1.887181,-1.028870,1.700000,1.408901,-0.197379,0.158932,-0.091655,-0.084666,-0.081259,0.023539
-0.774398,-0.059900,-0.128723,0.782327,-0.497572,0.071794,0.411437,-0.281935,-0.034077,0.534759,0.206984,1.097011,0.686840,0.042018,-0.147966,2.083266,-1.389848,-0.169087,0.261800,1.888418,-1.029127,1.700000,1.408884,-0.196840,0.158621,-0.091843,-0.084633,-0.081258,0.023883
-0.774400,-0.060053,-0.128895,0.783109,-0.497229,0.071982,0.411873,-0.280831,-0.034702,0.535427,0.206787,1.098636,0.686963,0.042051,-0.147386,2.082948,-1.389796,-0.169037,0.261800,1.889726,-1.029328,1.700000,1.408625,-0.196349,0.158438,-0.091966,-0.084627,-0.081523,0.024514
-0.774180,-0.059665,-0.128807,0.783190,-0.497102,0.072477,0.412421,-0.281096,-0.035338,0.535340,0.206643,1.099957,0.687258,0.042394,-0.146923,2.083287,-1.389948,-0.169156,0.261800,1.890998,-1.029366,1.700000,1.408928,-0.196083,0.157421,-0.092382,-0.084451,-0.081723,0.024724
-0.774204,-0.059546,-0.128824,0.783544,-0.497129,0.072947,0.412891,-0.281238,-0.035846,0.535594,0.206660,1.101281,0.687463,0.042345,-0.146400,2.083571,-1.389934,-0.168994,0.261800,1.892314,-1.029369,1.700000,1.408925,-0.195950,0.156920,-0.092639,-0.084311,-0.081942,0.025192
-0.774717,-0.059963,-0.129050,0.784443,-0.497465,0.073370,0.413204,-0.281133,-0.036097,0.536530,0.207000,1.102609,0.687487,0.041510,-0.145758,2.083748,-1.389589,-0.168268,0.261800,1.893716,-1.029299,1.700000,1.408308,-0.196084,0.157452,-0.092576,-0.084243,-0.082199,0.026177
-0.775643,-0.060622,-0.129217,0.784869,-0.497816,0.073892,0.412761,-0.280913,-0.036127,0.537643,0.207561,1.103764,0.687442,0.040589,-0.145335,2.084006,-1.389645,-0.167815,0.261800,1.894935,-1.029565,1.700000,1.407698,-0.196664,0.158492,-0.092094,-0.083806,-0.082533,0.026682
-0.776776,-0.061402,-0.129355,0.785058,-0.498174,0.074464,0.411941,-0.280635,-0.036047,0.538844,0.208231,1.104832,0.687364,0.039626,-0.145022,2.084305,-1.389901,-0.167499,0.261800,1.896062,-1.029999,1.700000,1.407089,-0.197469,0.159785,-0.091402,-0.083185,-0.082906,0.026946
-0.776224,-0.060728,-0.129558,0.785182,-0.497305,0.075412,0.411990,-0.280067,-0.036694,0.537923,0.208158,1.106070,0.688685,0.040421,-0.145696,2.083838,-1.389707,-0.168310,0.261800,1.896495,-1.030028,1.700000,1.407460,-0.197084,0.158546,-0.092975,-0.083823,-0.083169,0.027352
-0.775966,-0.060382,-0.129672,0.785296,-0.496804,0.076282,0.412105,-0.279729,-0.037183,0.537360,0.208150,1.107208,0.689680,0.040856,-0.145915,2.083692,-1.389367,-0.168839,0.261800,1.897158,-1.029941,1.700000,1.407716,-0.197322,0.157844,-0.094144,-0.084164,-0.083429,0.027729
-0.776297,-0.060692,-0.129607,0.785388,-0.497041,0.076998,0.412352,-0.279852,-0.037355,0.537510,0.208271,1.108146,0.690024,0.040570,-0.145225,2.084188,-1.388736,-0.168805,0.261800,1.898281,-1.029621,1.700000,1.407742,-0.198805,0.158213,-0.094508,-0.083912,-0.083680,0.028044
-0.776998,-0.061380,-0.129401,0.785373,-0.496996,0.077485,0.411886,-0.279598,-0.037361,0.538068,0.208896,1.109091,0.690036,0.040640,-0.145277,2.084855,-1.388426,-0.168810,0.261800,1.899446,-1.029340,1.700000,1.407713,-0.198928,0.158526,-0.094269,-0.083455,-0.084367,0.029451
-0.777884,-0.062257,-0.129124,0.785303,-0.496810,0.077858,0.411064,-0.279156,-0.037284,0.538830,0.209775,1.110039,0.689882,0.040887,-0.145699,2.085608,-1.388278,-0.168835,0.261800,1.900632,-1.029078,1.700000,1.407657,-0.198370,0.158810,-0.093728,-0.082895,-0.085272,0.031404
-0.778026,-0.062434,-0.129330,0.785820,-0.496661,0.078774,0.411440,-0.279011,-0.037673,0.539181,0.209954,1.110458,0.690649,0.040485,-0.145389,2.085705,-1.388371,-0.168607,0.261800,1.901320,-1.029443,1.700000,1.407890,-0.199656,0.159433,-0.094126,-0.082964,-0.084162,0.030143
-0.778280,-0.062680,-0.129490,0.786394,-0.496716,0.079595,0.411777,-0.279076,-0.037819,0.539822,0.210343,1.110957,0.691283,0.040000,-0.145160,2.085946,-1.388316,-0.168331,0.261800,1.902030,-1.029633,1.700000,1.407777,-0.200635,0.159906,-0.094610,-0.083107,-0.083079,0.029050
-0.778759,-0.063066,-0.129560,0.787082,-0.497180,0.080228,0.412036,-0.279561,-0.037482,0.541040,0.211148,1.111616,0.691649,0.039350,-0.145094,2.086472,-1.387964,-0.167961,0.261800,1.902785,-1.029472,1.700000,1.406972,-0.200999,0.160078,-0.095268,-0.083401,-0.082051,0.028291
-0.780041,-0.063697,-0.129759,0.787333,-0.497480,0.081058,0.411568,-0.279893,-0.037383,0.541734,0.211568,1.112090,0.692182,0.039053,-0.145185,2.086718,-1.387969,-0.168044,0.261800,1.903422,-1.029488,1.700000,1.406366,-0.201577,0.160325,-0.095048,-0.083347,-0.082038,0.028489
-0.781724,-0.064452,-0.130022,0.787367,-0.497697,0.081986,0.410737,-0.280148,-0.037402,0.542166,0.211795,1.112473,0.692798,0.038931,-0.145353,2.086825,-1.388153,-0.168353,0.261800,1.904000,-1.029591,1.700000,1.405859,-0.202262,0.160608,-0.094390,-0.083121,-0.082533,0.029165
-0.782694,-0.064766,-0.129723,0.787246,-0.497869,0.082658,0.409469,-0.280398,-0.037197,0.543266,0.212175,1.112846,0.693479,0.038602,-0.144989,2.087040,-1.387435,-0.168411,0.261800,1.904662,-1.028754,1.700000,1.405100,-0.201778,0.160554,-0.094342,-0.082886,-0.083003,0.030517
-0.783653,-0.065221,-0.129528,0.787293,-0.497994,0.083356,0.408707,-0.280409,-0.037322,0.544228,0.212389,1.113073,0.694228,0.038183,-0.144616,2.087255,-1.386975,-0.168324,0.261800,1.905136,-1.028279,1.700000,1.404472,-0.201368,0.160558,-0.094280,-0.082604,-0.083279,0.031856
-0.784593,-0.065960,-0.129542,0.787673,-0.498025,0.084106,0.408955,-0.279943,-0.038107,0.544915,0.212269,1.113007,0.695114,0.037584,-0.144224,2.087473,-1.387030,-0.167946,0.261800,1.905235,-1.028530,1.700000,1.404107,-0.201109,0.160679,-0.094192,-0.082230,-0.083163,0.033169
-0.785331,-0.066940,-0.129704,0.788875,-0.498298,0.084622,0.409833,-0.279608,-0.037888,0.546430,0.212762,1.113211,0.695406,0.036893,-0.143845,2.087450,-1.386430,-0.167063,0.261800,1.905490,-1.028787,1.700000,1.403532,-0.201441,0.162054,-0.093593,-0.082066,-0.083023,0.033974
-0.785968,-0.068040,-0.129941,0.790489,-0.498692,0.085021,0.411025,-0.279336,-0.037166,0.548359,0.213560,1.113551,0.695401,0.036154,-0.143474,2.087306,-1.385503,-0.165928,0.261800,1.905822,-1.029047,1.700000,1.402853,-0.202070,0.164055,-0.092740,-0.082005,-0.082870,0.034524
-0.786969,-0.067731,-0.129858,0.790468,-0.498427,0.086204,0.410521,-0.278902,-0.038375,0.548389,0.212941,1.112580,0.697262,0.036072,-0.143475,2.088016,-1.386602,-0.166113,0.261800,1.905457,-1.029498,1.700000,1.403214,-0.201347,0.162833,-0.093505,-0.081802,-0.082406,0.034706
-0.788058,-0.067625,-0.129768,0.790485,-0.498342,0.087023,0.410059,-0.278870,-0.039251,0.548830,0.212447,1.111843,0.698754,0.035679,-0.143144,2.088670,-1.387211,-0.166183,0.261800,1.905184,-1.029853,1.700000,1.403128,-0.200973,0.162012,-0.093980,-0.081640,-0.082340,0.035089
-0.789325,-0.067924,-0.129661,0.790581,-0.498617,0.087116,0.409682,-0.279640,-0.039463,0.550093,0.212202,1.111572,0.699510,0.034667,-0.142149,2.089216,-1.386840,-0.166023,0.261800,1.905094,-1.030017,1.700000,1.402149,-0.201299,0.161991,-0.093874,-0.081562,-0.083071,0.035871
-0.790039,-0.068023,-0.129719,0.790821,-0.498540,0.087612,0.409834,-0.279922,-0.040168,0.550742,0.212161,1.110820,0.701192,0.034464,-0.142241,2.089594,-1.387245,-0.166185,0.261800,1.904496,-1.030631,1.700000,1.401891,-0.201563,0.161398,-0.094289,-0.081583,-0.083109,0.036139
-0.790478,-0.068023,-0.129859,0.791133,-0.498288,0.088310,0.410251,-0.279959,-0.041119,0.551084,0.212222,1.109827,0.703337,0.034668,-0.142876,2.089888,-1.388039,-0.166510,0.261800,1.903644,-1.031470,1.700000,1.401994,-0.201797,0.160519,-0.094966,-0.081653,-0.082800,0.036148
-0.791271,-0.068169,-0.130026,0.791365,-0.497969,0.088372,0.409661,-0.279258,-0.040854,0.551743,0.212708,1.109433,0.704142,0.035441,-0.144012,2.090672,-1.387356,-0.167087,0.261800,1.903503,-1.031508,1.700000,1.401807,-0.202012,0.160558,-0.095007,-0.081762,-0.083971,0.037056
-0.792105,-0.068204,-0.130126,0.791541,-0.497671,0.088598,0.409217,-0.278975,-0.040998,0.552495,0.212946,1.108825,0.705183,0.035950,-0.144743,2.091385,-1.387124,-0.167479,0.261800,1.903082,-1.031956,1.700000,1.401650,-0.202055,0.160535,-0.095173,-0.081797,-0.084686,0.037772
-0.793020,-0.068015,-0.130092,0.791603,-0.497416,0.089151,0.409067,-0.279526,-0.041963,0.553433,0.212685,1.107789,0.706694,0.035931,-0.144660,2.091958,-1.387797,-0.167500,0.261800,1.902102,-1.033224,1.700000,1.401556,-0.201756,0.160386,-0.095588,-0.081683,-0.084488,0.038104
-0.793952,-0.068017,-0.129996,0.791921,-0.497425,0.089566,0.409101,-0.279544,-0.042741,0.554171,0.212341,1.106705,0.708192,0.035846,-0.144410,2.092609,-1.388496,-0.167410,0.261800,1.901102,-1.034446,1.700000,1.401827,-0.201612,0.159905,-0.095815,-0.081504,-0.084624,0.038607
-0.794894,-0.068113,-0.129868,0.792366,-0.497565,0.089913,0.409228,-0.279294,-0.043426,0.554808,0.211953,1.105598,0.709684,0.035727,-0.144074,2.093298,-1.389208,-0.167264,0.261800,1.900092,-1.035644,1.700000,1.402281,-0.201547,0.159258,-0.095949,-0.081294,-0.084926,0.039196
-0.795857,-0.068093,-0.130270,0.793830,-0.497596,0.090020,0.410195,-0.279624,-0.043720,0.557457,0.212208,1.104914,0.710585,0.035074,-0.144027,2.093467,-1.389106,-0.166849,0.261800,1.899151,-1.036936,1.700000,1.402042,-0.200154,0.159544,-0.095911,-0.081594,-0.084388,0.039698
-0.796910,-0.068216,-0.130413,0.794863,-0.497631,0.090108,0.410662,-0.279667,-0.044026,0.559866,0.212424,1.104127,0.711214,0.034419,-0.144028,2.093811,-1.388931,-0.166419,0.261800,1.898539,-1.037814,1.700000,1.401995,-0.199353,0.159800,-0.095608,-0.081613,-0.084463,0.040775
-0.798144,-0.068624,-0.130038,0.795033,-0.497675,0.090160,0.410129,-0.279137,-0.044353,0.561794,0.212564,1.103134,0.711297,0.033763,-0.144127,2.094503,-1.388610,-0.165959,0.261800,1.898586,-1.037864,1.700000,1.402334,-0.199738,0.159995,-0.094774,-0.081070,-0.085769,0.043005
-0.799626,-0.068789,-0.129842,0.795711,-0.498006,0.090296,0.409892,-0.279590,-0.044755,0.563786,0.212555,1.102025,0.712122,0.032833,-0.144171,2.095132,-1.389052,-0.165495,0.261800,1.897989,-1.038555,1.700000,1.402737,-0.199950,0.159817,-0.094524,-0.080877,-0.085887,0.043077
-0.801232,-0.068832,-0.129734,0.796641,-0.498483,0.090474,0.409803,-0.280536,-0.045194,0.565810,0.212471,1.100858,0.713318,0.031767,-0.144187,2.095730,-1.389875,-0.165028,0.261800,1.897070,-1.039567,1.700000,1.403172,-0.200076,0.159453,-0.094565,-0.080859,-0.085411,0.042071
-0.802291,-0.069253,-0.129423,0.797044,-0.498613,0.090514,0.409186,-0.280375,-0.045552,0.567134,0.212261,1.100008,0.713830,0.031249,-0.143030,2.096074,-1.390070,-0.165026,0.261800,1.896327,-1.040417,1.700000,1.403299,-0.199887,0.159138,-0.094597,-0.081030,-0.085536,0.042152
-0.803458,-0.069354,-0.129228,0.797460,-0.498680,0.090622,0.408756,-0.280408,-0.045936,0.568278,0.212081,1.099021,0.714595,0.030842,-0.142537,2.096548,-1.390312,-0.165007,0.261800,1.895646,-1.041073,1.700000,1.403446,-0.199577,0.158716,-0.094541,-0.081021,-0.085664,0.042395
-0.804841,-0.068811,-0.129265,0.797902,-0.498621,0.090866,0.408700,-0.280826,-0.046372,0.569064,0.211961,1.097758,0.715863,0.030656,-0.143371,2.097282,-1.390651,-0.164957,0.261800,1.895087,-1.041340,1.700000,1.403629,-0.199024,0.158083,-0.094309,-0.080651,-0.085798,0.042961
-0.805754,-0.068675,-0.129252,0.798775,-0.498784,0.091132,0.409132,-0.280437,-0.046754,0.570256,0.211712,1.096697,0.717190,0.030051,-0.143838,2.097338,-1.391202,-0.164911,0.261800,1.893882,-1.042176,1.700000,1.404217,-0.198404,0.157350,-0.094208,-0.080441,-0.085938,0.043335
-0.806432,-0.068743,-0.129214,0.799864,-0.499058,0.091407,0.409810,-0.279644,-0.047108,0.571651,0.211399,1.095737,0.718547,0.029237,-0.144123,2.097056,-1.391858,-0.164866,0.261800,1.892354,-1.043297,1.700000,1.405008,-0.197749,0.156567,-0.094173,-0.080311,-0.086081,0.043614
-0.807515,-0.068510,-0.128866,0.799794,-0.499107,0.091113,0.408751,-0.280271,-0.047019,0.572895,0.211446,1.094843,0.718570,0.029304,-0.143522,2.097997,-1.391348,-0.165045,0.261800,1.891958,-1.043290,1.700000,1.405180,-0.197573,0.156302,-0.094416,-0.080190,-0.086516,0.044161
-0.808631,-0.068270,-0.128435,0.799740,-0.499219,0.090826,0.407528,-0.280820,-0.046988,0.574172,0.211458,1.093851,0.718607,0.029156,-0.143012,2.099001,-1.390950,-0.165073,0.261800,1.891580,-1.043295,1.700000,1.405297,-0.197208,0.156015,-0.094473,-0.079978,-0.086962,0.044811
-0.809813,-0.068013,-0.127835,0.799721,-0.499458,0.090557,0.405975,-0.281212,-0.047072,0.575514,0.211401,1.092663,0.718673,0.028579,-0.142685,2.100132,-1.390775,-0.164800,0.261800,1.891238,-1.043324,1.700000,1.405304,-0.196463,0.155687,-0.094154,-0.079583,-0.087430,0.045666
-0.810652,-0.067891,-0.127571,0.799888,-0.499513,0.090383,0.405517,-0.281284,-0.047302,0.576276,0.211364,1.091449,0.719213,0.028398,-0.142997,2.100943,-1.390767,-0.164797,0.261800,1.890633,-1.043525,1.700000,1.405726,-0.196240,0.155269,-0.094257,-0.079453,-0.087426,0.045829
-0.811320,-0.067834,-0.127474,0.800150,-0.499476,0.090256,0.405606,-0.281197,-0.047606,0.576747,0.211337,1.090223,0.719991,0.028415,-0.143630,2.101595,-1.390843,-0.164930,0.261800,1.889896,-1.043812,1.700000,1.406354,-0.196278,0.154808,-0.094571,-0.079454,-0.087188,0.045645
-0.812134,-0.068018,-0.127380,0.800102,-0.499499,0.090281,0.405137,-0.281616,-0.047820,0.576839,0.211565,1.089437,0.720086,0.028208,-0.144124,2.101923,-1.390215,-0.165307,0.261800,1.889330,-1.043941,1.700000,1.406678,-0.196477,0.155211,-0.094216,-0.079551,-0.087696,0.045325
-0.812900,-0.068103,-0.127226,0.800312,-0.499553,0.090250,0.405033,-0.281842,-0.047927,0.577443,0.211615,1.088722,0.720021,0.027883,-0.144265,2.102338,-1.389759,-0.165317,0.261800,1.888774,-1.044040,1.700000,1.406718,-0.196246,0.155521,-0.093857,-0.079625,-0.088186,0.045274
-0.813567,-0.067988,-0.126954,0.801037,-0.499672,0.090109,0.405659,-0.281680,-0.047822,0.579070,0.211309,1.088152,0.719636,0.027324,-0.143696,2.102924,-1.389648,-0.164594,0.261800,1.888239,-1.044077,1.700000,1.406187,-0.195157,0.155648,-0.093488,-0.079656,-0.088639,0.045763
-0.814173,-0.067524,-0.126929,0.801511,-0.499817,0.089905,0.405845,-0.281806,-0.047619,0.580480,0.210681,1.087656,0.719429,0.026691,-0.143423,2.103326,-1.389356,-0.164106,0.261800,1.887698,-1.044036,1.700000,1.405868,-0.194459,0.155518,-0.093037,-0.079670,-0.088934,0.046029
-0.814748,-0.066885,-0.127028,0.801859,-0.499975,0.089670,0.405810,-0.282076,-0.047366,0.581782,0.209892,1.087197,0.719312,0.026022,-0.143298,2.103636,-1.388974,-0.163737,0.261800,1.887152,-1.043958,1.700000,1.405656,-0.193958,0.155259,-0.092546,-0.079677,-0.089150,0.046184
-0.814154,-0.066014,-0.126763,0.801866,-0.499808,0.089516,0.406642,-0.281827,-0.047461,0.582494,0.210368,1.086723,0.718744,0.027115,-0.144416,2.104284,-1.388602,-0.163767,0.261800,1.886862,-1.043847,1.700000,1.406787,-0.192513,0.154838,-0.093083,-0.079935,-0.088897,0.045467
-0.814154,-0.065457,-0.126604,0.802109,-0.499656,0.089445,0.407104,-0.281385,-0.047554,0.583309,0.210815,1.086132,0.718405,0.027664,-0.145283,2.104798,-1.388379,-0.163737,0.261800,1.886541,-1.043770,1.700000,1.407392,-0.191622,0.154702,-0.093344,-0.080218,-0.088909,0.044947
-0.815343,-0.065531,-0.126659,0.802824,-0.499539,0.089539,0.406830,-0.280556,-0.047645,0.584328,0.211205,1.085305,0.718524,0.027124,-0.145646,2.105040,-1.388450,-0.163584,0.261800,1.886158,-1.043761,1.700000,1.406943,-0.191838,0.155135,-0.093052,-0.080553,-0.089451,0.044820
-0.816131,-0.065463,-0.126828,0.803630,-0.499667,0.089548,0.406303,-0.280353,-0.047210,0.585988,0.211793,1.084769,0.718309,0.026559,-0.146123,2.105137,-1.388143,-0.163338,0.261800,1.885764,-1.043710,1.700000,1.406126,-0.191888,0.155895,-0.092625,-0.080758,-0.089531,0.044506
-0.816718,-0.065323,-0.127055,0.804480,-0.499919,0.089512,0.405651,-0.280463,-0.046511,0.587967,0.212478,1.084378,0.717928,0.025983,-0.146655,2.105161,-1.387648,-0.163045,0.261800,1.885365,-1.043639,1.700000,1.405124,-0.191855,0.156818,-0.092132,-0.080900,-0.089381,0.044100
-0.817829,-0.065444,-0.126879,0.804739,-0.500103,0.089636,0.404988,-0.280441,-0.046951,0.588717,0.212355,1.083453,0.718145,0.025706,-0.146442,2.104986,-1.387816,-0.162941,0.261800,1.884868,-1.043660,1.700000,1.404728,-0.192385,0.156544,-0.092027,-0.080645,-0.089059,0.044177
-0.818698,-0.065221,-0.126704,0.804815,-0.500162,0.089845,0.404315,-0.280533,-0.047525,0.589346,0.211907,1.082482,0.718642,0.025436,-0.146243,2.104917,-1.387991,-0.162986,0.261800,1.884214,-1.043690,1.700000,1.404617,-0.192773,0.155797,-0.092142,-0.080403,-0.088666,0.044196
-0.819081,-0.064309,-0.126532,0.804528,-0.499971,0.090223,0.403623,-0.280851,-0.048366,0.589733,0.210811,1.081418,0.719701,0.025181,-0.146071,2.105059,-1.388180,-0.163327,0.261800,1.883247,-1.043739,1.700000,1.405076,-0.192877,0.154104,-0.092700,-0.080186,-0.088129,0.044097
-0.820316,-0.064289,-0.126583,0.804925,-0.500005,0.090488,0.402928,-0.280545,-0.048543,0.591018,0.210774,1.080378,0.720442,0.024852,-0.146271,2.105141,-1.387929,-0.163102,0.261800,1.882412,-1.043951,1.700000,1.404847,-0.193171,0.154294,-0.092583,-0.079977,-0.087719,0.044111
-0.821978,-0.064716,-0.126746,0.805663,-0.500153,0.090697,0.402232,-0.279926,-0.048388,0.592751,0.211268,1.079349,0.721025,0.024485,-0.146656,2.105193,-1.387458,-0.162594,0.261800,1.881642,-1.044245,1.700000,1.404274,-0.193561,0.155424,-0.092127,-0.079772,-0.087372,0.044183
-0.822777,-0.064183,-0.126664,0.806037,-0.500256,0.091122,0.401521,-0.279927,-0.048520,0.594048,0.211045,1.077918,0.722290,0.023819,-0.147080,2.105386,-1.387682,-0.162326,0.261800,1.880399,-1.044885,1.700000,1.403599,-0.193268,0.155548,-0.092122,-0.079688,-0.087508,0.044193
-0.823779,-0.063969,-0.126559,0.806539,-0.500335,0.091469,0.400965,-0.279805,-0.048538,0.595350,0.210932,1.076590,0.723286,0.023196,-0.147300,2.105611,-1.387726,-0.161959,0.261800,1.879262,-1.045449,1.700000,1.402906,-0.193007,0.155787,-0.092042,-0.079627,-0.087564,0.044284
-0.825188,-0.064395,-0.126409,0.807293,-0.500363,0.091660,0.400720,-0.279437,-0.048326,0.596666,0.211042,1.075470,0.723747,0.022656,-0.147111,2.105901,-1.387410,-0.161396,0.261800,1.878336,-1.045864,1.700000,1.402175,-0.192809,0.156253,-0.091809,-0.079610,-0.087461,0.044535
-0.825209,-0.063383,-0.126269,0.807165,-0.500391,0.091397,0.401522,-0.280214,-0.048792,0.596759,0.210053,1.074251,0.724948,0.022118,-0.147342,2.106732,-1.386858,-0.161007,0.261800,1.876990,-1.045598,1.700000,1.401469,-0.192551,0.156150,-0.091816,-0.079635,-0.087120,0.045162
-0.824535,-0.061653,-0.126134,0.806595,-0.500419,0.090907,0.402847,-0.281565,-0.049599,0.596239,0.208514,1.072982,0.726519,0.021581,-0.147782,2.107835,-1.386188,-0.160705,0.261800,1.875435,-1.044994,1.700000,1.400776,-0.192262,0.155763,-0.091943,-0.079682,-0.086660,0.045976
-0.826763,-0.063054,-0.125764,0.807353,-0.500511,0.091377,0.400050,-0.280122,-0.049352,0.598291,0.209798,1.071977,0.725732,0.021365,-0.147160,2.107755,-1.385378,-0.161227,0.261800,1.874957,-1.045410,1.700000,1.400096,-0.191886,0.156353,-0.091876,-0.079617,-0.086001,0.045055
-0.828186,-0.063431,-0.125386,0.807488,-0.500533,0.091457,0.398237,-0.279685,-0.049415,0.599673,0.210219,1.070933,0.725383,0.020907,-0.146997,2.108150,-1.384403,-0.161440,0.261800,1.874378,-1.045257,1.700000,1.399291,-0.191933,0.156794,-0.091703,-0.079521,-0.085630,0.044751
-0.827999,-0.061757,-0.124991,0.806376,-0.500417,0.090753,0.398394,-0.281255,-0.050096,0.599717,0.208914,1.069808,0.725908,0.019961,-0.147754,2.109492,-1.383098,-0.161035,0.261800,1.873594,-1.043968,1.700000,1.398237,-0.192827,0.156940,-0.091319,-0.079367,-0.085835,0.045679
-0.829957,-0.062144,-0.124739,0.806335,-0.500490,0.090942,0.396542,-0.281111,-0.050111,0.601000,0.209325,1.068553,0.726205,0.019201,-0.147644,2.110043,-1.382575,-0.160766,0.261800,1.872904,-1.043453,1.700000,1.396615,-0.193383,0.157020,-0.090899,-0.078900,-0.086380,0.046748
-0.832988,-0.063561,-0.124559,0.806828,-0.500657,0.091576,0.393687,-0.280110,-0.049793,0.602903,0.210593,1.067232,0.726387,0.018532,-0.147101,2.110199,-1.382443,-0.160565,0.261800,1.872261,-1.043326,1.700000,1.394707,-0.193769,0.157066,-0.090461,-0.078276,-0.087095,0.047887
-0.834109,-0.063387,-0.124381,0.806337,-0.501036,0.091613,0.392570,-0.280573,-0.049307,0.604231,0.210777,1.066286,0.726110,0.017724,-0.147149,2.110884,-1.381507,-0.159997,0.261800,1.871806,-1.042519,1.700000,1.392503,-0.193462,0.157275,-0.089987,-0.077826,-0.088553,0.048963
-0.834990,-0.063286,-0.124276,0.806421,-0.501294,0.091599,0.391938,-0.280968,-0.048805,0.605602,0.211043,1.065539,0.725805,0.017077,-0.147089,2.111332,-1.380417,-0.159503,0.261800,1.871328,-1.041610,1.700000,1.390517,-0.193336,0.157442,-0.089710,-0.077566,-0.089406,0.049769
-0.835393,-0.063328,-0.124316,0.807657,-0.501313,0.091484,0.392276,-0.281225,-0.048272,0.607058,0.211475,1.065188,0.725446,0.016752,-0.146810,2.111305,-1.379020,-0.159156,0.261800,1.870808,-1.040494,1.700000,1.388968,-0.193568,0.157525,-0.089829,-0.077686,-0.089047,0.050035
-0.835945,-0.063483,-0.124211,0.808073,-0.501656,0.091294,0.392311,-0.281548,-0.047965,0.608144,0.211872,1.064653,0.725030,0.016463,-0.146608,2.111511,-1.378091,-0.158859,0.261800,1.870396,-1.039409,1.700000,1.387717,-0.193741,0.157394,-0.089757,-0.077672,-0.088994,0.049869
-0.836570,-0.063695,-0.124033,0.808079,-0.502161,0.091067,0.392194,-0.281904,-0.047772,0.609045,0.212251,1.064027,0.724586,0.016192,-0.146443,2.111834,-1.377396,-0.158587,0.261800,1.870040,-1.038339,1.700000,1.386615,-0.193886,0.157156,-0.089589,-0.077591,-0.089094,0.049488
-0.837530,-0.063669,-0.123988,0.807847,-0.501553,0.091192,0.391602,-0.281604,-0.048295,0.608953,0.211601,1.063308,0.724883,0.015837,-0.146346,2.112025,-1.377147,-0.158488,0.261800,1.869284,-1.037379,1.700000,1.385494,-0.193373,0.156207,-0.089568,-0.077544,-0.088955,0.049998
-0.838266,-0.063589,-0.123881,0.807613,-0.501138,0.091161,0.390994,-0.281203,-0.048659,0.609072,0.211062,1.062733,0.724801,0.015649,-0.146315,2.112436,-1.376778,-0.158377,0.261800,1.868674,-1.036360,1.700000,1.384453,-0.192946,0.155688,-0.089504,-0.077497,-0.088859,0.050415
-0.838553,-0.063404,-0.123649,0.807377,-0.501108,0.090815,0.390353,-0.280600,-0.048707,0.609613,0.210744,1.062443,0.723959,0.015798,-0.146416,2.113284,-1.376171,-0.158241,0.261800,1.868355,-1.035222,1.700000,1.383569,-0.192690,0.156030,-0.089353,-0.077450,-0.088853,0.050649
-0.838708,-0.063435,-0.123769,0.807883,-0.501280,0.090615,0.390628,-0.280190,-0.048389,0.610550,0.210899,1.062265,0.723431,0.015645,-0.146339,2.113324,-1.375483,-0.158114,0.261800,1.867741,-1.034357,1.700000,1.382789,-0.192179,0.156464,-0.089136,-0.077626,-0.088930,0.050815
-0.838798,-0.063574,-0.124066,0.808759,-0.501553,0.090487,0.391360,-0.279876,-0.047888,0.611685,0.211290,1.062143,0.723059,0.015340,-0.146173,2.112959,-1.374755,-0.157991,0.261800,1.866981,-1.033628,1.700000,1.382062,-0.191541,0.156944,-0.088887,-0.077914,-0.089048,0.050948
-0.838564,-0.063582,-0.124485,0.809547,-0.501667,0.090146,0.392071,-0.279765,-0.047060,0.613468,0.211538,1.062014,0.722171,0.014442,-0.146125,2.112702,-1.374368,-0.157652,0.261800,1.866713,-1.033097,1.700000,1.381231,-0.191425,0.157537,-0.088553,-0.078236,-0.088838,0.050718
-0.838578,-0.063588,-0.124781,0.810340,-0.501707,0.089886,0.392654,-0.279670,-0.046495,0.614985,0.211792,1.061951,0.721131,0.013703,-0.146063,2.112497,-1.373879,-0.157307,0.261800,1.866583,-1.032389,1.700000,1.380472,-0.191326,0.157940,-0.088270,-0.078461,-0.088631,0.050675
-0.839084,-0.063591,-0.124831,0.811142,-0.501599,0.089788,0.392982,-0.279605,-0.046459,0.615969,0.212058,1.062019,0.719788,0.013284,-0.145973,2.112394,-1.373188,-0.156949,0.261800,1.866729,-1.031328,1.700000,1.379856,-0.191261,0.157964,-0.088087,-0.078496,-0.088429,0.051003
-0.838382,-0.062368,-0.124763,0.810874,-0.501398,0.089334,0.393774,-0.280012,-0.047482,0.615477,0.210728,1.061704,0.719723,0.012680,-0.145886,2.112819,-1.372664,-0.156722,0.261800,1.865932,-1.030337,1.700000,1.379934,-0.191165,0.157390,-0.088161,-0.078355,-0.088287,0.051397
-0.837077,-0.060533,-0.124636,0.810070,-0.501151,0.088701,0.394797,-0.280656,-0.049033,0.614247,0.208600,1.061198,0.720297,0.011984,-0.145800,2.113508,-1.372223,-0.156560,0.261800,1.864664,-1.029381,1.700000,1.380358,-0.191053,0.156517,-0.088365,-0.078126,-0.088174,0.051823
-0.838757,-0.061862,-0.124710,0.810393,-0.501297,0.088836,0.393390,-0.279367,-0.049186,0.615366,0.209351,1.061086,0.719453,0.012281,-0.145153,2.113057,-1.372469,-0.156966,0.261800,1.864456,-1.029107,1.700000,1.380545,-0.190075,0.155566,-0.088551,-0.078192,-0.088241,0.051618
-0.839827,-0.062697,-0.124780,0.810604,-0.501447,0.088852,0.392358,-0.278455,-0.049088,0.616421,0.210043,1.061045,0.718479,0.012403,-0.144751,2.112830,-1.372610,-0.157289,0.261800,1.864379,-1.028727,1.700000,1.380621,-0.189422,0.154993,-0.088717,-0.078224,-0.088528,0.051414
-0.839679,-0.062544,-0.124843,0.810590,-0.501608,0.088631,0.392073,-0.278297,-0.048488,0.617349,0.210615,1.061147,0.717245,0.012176,-0.144841,2.113049,-1.372542,-0.157446,0.261800,1.864563,-1.028135,1.700000,1.380478,-0.189421,0.155178,-0.088844,-0.078191,-0.089253,0.051211
-0.839627,-0.062424,-0.125054,0.810489,-0.501708,0.088643,0.392539,-0.278139,-0.048521,0.617763,0.210514,1.061116,0.716456,0.011831,-0.145139,2.112986,-1.372562,-0.157476,0.261800,1.864624,-1.027733,1.700000,1.380641,-0.189558,0.155158,-0.088817,-0.078315,-0.089292,0.050494
-0.839624,-0.062322,-0.125339,0.810343,-0.501777,0.088771,0.393380,-0.277981,-0.048871,0.617921,0.210076,1.061019,0.715888,0.011428,-0.145541,2.112782,-1.372625,-0.157442,0.261800,1.864623,-1.027425,1.700000,1.380957,-0.189763,0.155035,-0.088713,-0.078518,-0.088986,0.049520
-0.840257,-0.062834,-0.125798,0.810402,-0.502158,0.088680,0.393290,-0.278114,-0.048851,0.619433,0.210537,1.061073,0.715421,0.010900,-0.145938,2.112744,-1.372930,-0.157007,0.261800,1.864722,-1.027036,1.700000,1.380477,-0.189731,0.155007,-0.088349,-0.078535,-0.088895,0.050074
-0.840772,-0.063326,-0.126122,0.810438,-0.502466,0.088570,0.393191,-0.278021,-0.049043,0.620669,0.210822,1.061188,0.714898,0.010265,-0.146251,2.112557,-1.373207,-0.156789,0.261800,1.864773,-1.026804,1.700000,1.380370,-0.189736,0.155000,-0.088052,-0.078518,-0.088888,0.050428
-0.841053,-0.063777,-0.126175,0.810429,-0.502629,0.088422,0.393076,-0.277476,-0.049657,0.621353,0.210755,1.061424,0.714264,0.009415,-0.146397,2.112070,-1.373427,-0.157007,0.261800,1.864731,-1.026888,1.700000,1.381009,-0.189815,0.155034,-0.087887,-0.078432,-0.089048,0.050383
-0.841680,-0.063993,-0.126179,0.810038,-0.503208,0.088209,0.392522,-0.277732,-0.049663,0.622619,0.210889,1.061737,0.713412,0.008496,-0.146493,2.112212,-1.373484,-0.156865,0.261800,1.865079,-1.026454,1.700000,1.380674,-0.190114,0.155302,-0.087491,-0.078278,-0.089442,0.050639
-0.842480,-0.064091,-0.126159,0.809456,-0.503995,0.087963,0.391749,-0.278388,-0.049364,0.624175,0.211124,1.062090,0.712450,0.007542,-0.146562,2.112667,-1.373460,-0.156543,0.261800,1.865623,-1.025762,1.700000,1.379852,-0.190524,0.155686,-0.086979,-0.078090,-0.089953,0.051045
-0.842545,-0.064507,-0.126475,0.810467,-0.504253,0.088218,0.392596,-0.277991,-0.049479,0.625452,0.211826,1.062284,0.712324,0.007216,-0.146800,2.112637,-1.373497,-0.155956,0.261800,1.865562,-1.025620,1.700000,1.379693,-0.190359,0.155748,-0.087697,-0.078494,-0.089043,0.050594
-0.842744,-0.064966,-0.126740,0.811279,-0.504422,0.088433,0.393252,-0.277420,-0.049336,0.626801,0.212387,1.062538,0.711985,0.006813,-0.147056,2.112622,-1.373475,-0.155370,0.261800,1.865634,-1.025426,1.700000,1.379558,-0.190291,0.156269,-0.087985,-0.078868,-0.088411,0.050196
-0.843214,-0.065511,-0.126905,0.811693,-0.504411,0.088568,0.393524,-0.276499,-0.048673,0.628295,0.212668,1.062910,0.711225,0.006256,-0.147345,2.112638,-1.373336,-0.154788,0.261800,1.865974,-1.025129,1.700000,1.379471,-0.190418,0.157712,-0.087412,-0.079181,-0.088336,0.049903
-0.842879,-0.065439,-0.127201,0.811975,-0.504817,0.088557,0.394053,-0.275835,-0.048298,0.629130,0.213095,1.063633,0.710688,0.005854,-0.146789,2.112545,-1.372796,-0.154491,0.261800,1.866210,-1.024673,1.700000,1.378692,-0.190114,0.157515,-0.088192,-0.079523,-0.088928,0.049991
-0.842141,-0.065060,-0.127562,0.812192,-0.505432,0.088474,0.394710,-0.275299,-0.048067,0.629636,0.213595,1.064530,0.710263,0.005528,-0.145810,2.112398,-1.372056,-0.154335,0.261800,1.866395,-1.024139,1.700000,1.377566,-0.189596,0.156499,-0.089650,-0.079880,-0.089854,0.050269
-0.842358,-0.065423,-0.127780,0.813087,-0.505636,0.088752,0.395316,-0.274914,-0.047856,0.630346,0.213828,1.065207,0.710112,0.005023,-0.146194,2.112109,-1.371914,-0.154421,0.261800,1.866484,-1.023978,1.700000,1.377385,-0.189936,0.156513,-0.089855,-0.080067,-0.090272,0.050056
-0.842533,-0.065627,-0.127978,0.813447,-0.505997,0.089180,0.395517,-0.274734,-0.047944,0.630601,0.214085,1.065456,0.710529,0.004454,-0.146515,2.111740,-1.371999,-0.154554,0.261800,1.866392,-1.024043,1.700000,1.377336,-0.190547,0.156403,-0.090114,-0.080041,-0.090561,0.049635
-0.842626,-0.065514,-0.128136,0.812733,-0.506672,0.089909,0.394911,-0.274965,-0.048630,0.629947,0.214393,1.064850,0.712081,0.003756,-0.146714,2.111207,-1.372542,-0.154782,0.261800,1.865938,-1.024562,1.700000,1.377554,-0.191700,0.156043,-0.090481,-0.079589,-0.090594,0.048801
-0.842797,-0.065649,-0.128106,0.812305,-0.507158,0.090458,0.394681,-0.275263,-0.048842,0.629978,0.214666,1.064483,0.713047,0.003333,-0.147148,2.111120,-1.372459,-0.154705,0.261800,1.865654,-1.024735,1.700000,1.376916,-0.192008,0.156233,-0.090493,-0.079305,-0.090855,0.048931
-0.843006,-0.065908,-0.127982,0.812020,-0.507550,0.090917,0.394639,-0.275595,-0.048817,0.630353,0.214922,1.064234,0.713720,0.003047,-0.147698,2.111256,-1.372062,-0.154476,0.261800,1.865457,-1.024734,1.700000,1.375850,-0.191894,0.156698,-0.090327,-0.079105,-0.091229,0.049542
-0.843301,-0.065973,-0.128004,0.812057,-0.507593,0.091334,0.394376,-0.275675,-0.048934,0.630827,0.215150,1.063814,0.714400,0.002416,-0.147757,2.111627,-1.371686,-0.154450,0.261800,1.865386,-1.024829,1.700000,1.375058,-0.191882,0.156579,-0.090581,-0.078889,-0.091426,0.049803
-0.843707,-0.066066,-0.128009,0.811841,-0.507687,0.091810,0.394017,-0.275529,-0.049242,0.631171,0.215181,1.063298,0.715347,0.001982,-0.147586,2.111868,-1.371287,-0.154517,0.261800,1.865146,-1.024922,1.700000,1.374269,-0.192108,0.156378,-0.090889,-0.078767,-0.091599,0.049824
-0.844336,-0.066216,-0.127980,0.811120,-0.507882,0.092402,0.393467,-0.274929,-0.049929,0.631251,0.214822,1.062589,0.716829,0.001942,-0.146956,2.111849,-1.370842,-0.154766,0.261800,1.864570,-1.025009,1.700000,1.373486,-0.192806,0.156015,-0.091304,-0.078834,-0.091729,0.049365
-0.844580,-0.066077,-0.127902,0.810757,-0.507882,0.092750,0.393018,-0.274513,-0.050232,0.631338,0.214671,1.062093,0.717736,0.001873,-0.146728,2.112119,-1.370284,-0.154963,0.261800,1.863984,-1.025262,1.700000,1.372707,-0.193354,0.156081,-0.091901,-0.078935,-0.091220,0.048691
-0.844632,-0.065794,-0.127801,0.810575,-0.507785,0.092976,0.392621,-0.274188,-0.050341,0.631427,0.214623,1.061703,0.718354,0.001789,-0.146701,2.112533,-1.369669,-0.155133,0.261800,1.863393,-1.025597,1.700000,1.371929,-0.193827,0.156361,-0.092589,-0.079052,-0.090393,0.047909
-0.844092,-0.066039,-0.128188,0.810933,-0.508124,0.093274,0.393639,-0.274015,-0.050417,0.631503,0.214487,1.061223,0.719306,0.001482,-0.146173,2.112261,-1.368658,-0.155198,0.261800,1.862594,-1.026224,1.700000,1.371815,-0.193361,0.157021,-0.093186,-0.079485,-0.088754,0.046288
-0.843768,-0.066428,-0.128509,0.811052,-0.508605,0.093566,0.394284,-0.273981,-0.050521,0.631430,0.214615,1.060739,0.720122,0.001395,-0.146088,2.112011,-1.367841,-0.155466,0.261800,1.861797,-1.026962,1.700000,1.372045,-0.193265,0.158017,-0.093551,-0.079809,-0.087791,0.044863
-0.843875,-0.067103,-0.128695,0.810691,-0.509371,0.093846,0.394183,-0.274224,-0.050681,0.631056,0.215272,1.060249,0.720666,0.001744,-0.146887,2.111804,-1.367414,-0.156142,0.261800,1.861001,-1.027925,1.700000,1.372963,-0.193910,0.159682,-0.093449,-0.079914,-0.088178,0.043828
-0.843961,-0.067555,-0.128765,0.810643,-0.509724,0.094200,0.394052,-0.273995,-0.050973,0.631011,0.215537,1.059186,0.721773,0.001423,-0.147240,2.111715,-1.366926,-0.156235,0.261800,1.860278,-1.028655,1.700000,1.372380,-0.194171,0.161049,-0.093857,-0.080030,-0.087757,0.044060
-0.844037,-0.067895,-0.128778,0.810751,-0.509870,0.094591,0.393907,-0.273530,-0.051331,0.631131,0.215607,1.057838,0.723160,0.000767,-0.147371,2.111684,-1.366407,-0.156035,0.261800,1.859593,-1.029269,1.700000,1.371047,-0.194242,0.162266,-0.094520,-0.080150,-0.086932,0.044925
-0.841975,-0.065469,-0.128727,0.809579,-0.509306,0.094234,0.394805,-0.274242,-0.052803,0.629394,0.213288,1.056494,0.725133,0.000599,-0.147047,2.112993,-1.365811,-0.156233,0.261800,1.857968,-1.029053,1.700000,1.370500,-0.194122,0.161236,-0.095211,-0.080161,-0.086981,0.045578
-0.840928,-0.064413,-0.128777,0.809177,-0.508993,0.094134,0.395216,-0.274378,-0.053502,0.628739,0.212210,1.055304,0.726490,0.000571,-0.146619,2.113790,-1.365261,-0.156404,0.261800,1.856622,-1.029369,1.700000,1.370109,-0.193930,0.160827,-0.095658,-0.080203,-0.086911,0.045841
-0.841910,-0.066096,-0.129029,0.810316,-0.509180,0.094548,0.394656,-0.273364,-0.052652,0.630248,0.213616,1.054421,0.726613,0.000821,-0.145985,2.113562,-1.364802,-0.156519,0.261800,1.855838,-1.030751,1.700000,1.370029,-0.193591,0.161660,-0.095619,-0.080307,-0.086604,0.045327
-0.842219,-0.066272,-0.129324,0.810833,-0.509119,0.094487,0.393956,-0.272712,-0.051680,0.631354,0.214721,1.053641,0.726644,0.000951,-0.146314,2.114007,-1.364395,-0.156520,0.261800,1.855725,-1.031130,1.700000,1.369951,-0.193615,0.161758,-0.095373,-0.080332,-0.086525,0.045296
-0.842190,-0.065695,-0.129641,0.811038,-0.508934,0.094188,0.393186,-0.272242,-0.050648,0.632258,0.215676,1.052912,0.726628,0.001021,-0.147125,2.114787,-1.364015,-0.156465,0.261800,1.855947,-1.031007,1.700000,1.369874,-0.193819,0.161489,-0.095023,-0.080317,-0.086561,0.045507
-0.842267,-0.066078,-0.129868,0.811061,-0.508785,0.094184,0.393330,-0.272295,-0.050974,0.631910,0.215453,1.052528,0.726533,0.001473,-0.146667,2.114762,-1.363346,-0.156963,0.261800,1.855516,-1.031669,1.700000,1.370129,-0.193059,0.162141,-0.095597,-0.080453,-0.085701,0.045605
-0.842310,-0.066154,-0.129966,0.810698,-0.508951,0.093981,0.393087,-0.272411,-0.051210,0.631705,0.215184,1.052090,0.726373,0.001846,-0.146330,2.115128,-1.362909,-0.157353,0.261800,1.855268,-1.032085,1.700000,1.370395,-0.192450,0.162507,-0.095851,-0.080418,-0.085161,0.045524
-0.842286,-0.065615,-0.129808,0.809565,-0.509745,0.093379,0.392070,-0.272653,-0.051267,0.631787,0.214821,1.051548,0.726081,0.002065,-0.146235,2.116274,-1.362935,-0.157527,0.261800,1.855382,-1.032012,1.700000,1.370682,-0.192143,0.162301,-0.095465,-0.080042,-0.085264,0.045086
-0.842594,-0.065938,-0.130083,0.810036,-0.510019,0.093241,0.393016,-0.272980,-0.051609,0.632734,0.215272,1.050830,0.726232,0.001151,-0.146013,2.116650,-1.362952,-0.156968,0.261800,1.855101,-1.032835,1.700000,1.371256,-0.192417,0.163972,-0.094804,-0.079829,-0.085626,0.045531
-0.843067,-0.066691,-0.130575,0.811310,-0.510032,0.093335,0.394943,-0.273350,-0.052094,0.634114,0.216130,1.050024,0.726606,-0.000329,-0.145729,2.116642,-1.362965,-0.156043,0.261800,1.854622,-1.034108,1.700000,1.371974,-0.192979,0.166581,-0.094003,-0.079698,-0.086119,0.046420
-0.843161,-0.066511,-0.131120,0.811462,-0.509847,0.093037,0.394141,-0.272443,-0.051108,0.634962,0.216640,1.050049,0.726784,0.000045,-0.145863,2.116738,-1.362650,-0.156852,0.261800,1.854299,-1.034174,1.700000,1.370793,-0.192583,0.166294,-0.094325,-0.080128,-0.085987,0.046585
-0.843216,-0.066362,-0.131478,0.811356,-0.509747,0.092943,0.393683,-0.271713,-0.050831,0.635315,0.216857,1.049732,0.727502,0.000314,-0.146038,2.116805,-1.362808,-0.157384,0.261800,1.853680,-1.034528,1.700000,1.370140,-0.192142,0.165701,-0.094747,-0.080385,-0.085803,0.046882
-0.843190,-0.066277,-0.131464,0.810735,-0.509818,0.093257,0.393912,-0.271333,-0.051972,0.634678,0.216486,1.048733,0.729302,0.000375,-0.146293,2.116811,-1.363914,-0.157360,0.261800,1.852471,-1.035455,1.700000,1.370544,-0.191613,0.164499,-0.095369,-0.080295,-0.085517,0.047441
-0.843441,-0.065662,-0.131622,0.810449,-0.510174,0.093245,0.393464,-0.272113,-0.052545,0.635017,0.216555,1.047806,0.730587,-0.000152,-0.145995,2.117079,-1.364418,-0.157417,0.261800,1.851710,-1.036398,1.700000,1.370836,-0.192235,0.163938,-0.095682,-0.080146,-0.085181,0.046931
-0.843832,-0.064781,-0.131867,0.810329,-0.510674,0.093069,0.392676,-0.273472,-0.052833,0.635846,0.216842,1.046916,0.731614,-0.000974,-0.145422,2.117479,-1.364621,-0.157514,0.261800,1.851175,-1.037350,1.700000,1.371071,-0.193432,0.163698,-0.095841,-0.079967,-0.084819,0.045886
-0.844135,-0.064700,-0.132039,0.810561,-0.510887,0.092812,0.392744,-0.273832,-0.052849,0.636778,0.217058,1.046448,0.732310,-0.001330,-0.146101,2.117625,-1.364584,-0.157475,0.261800,1.850525,-1.038250,1.700000,1.371210,-0.193036,0.163805,-0.095684,-0.080156,-0.085088,0.045933
-0.844266,-0.064576,-0.132235,0.810626,-0.511166,0.092453,0.392825,-0.274130,-0.052742,0.637547,0.217350,1.045992,0.732787,-0.001527,-0.146628,2.117882,-1.364659,-0.157526,0.261800,1.850023,-1.039165,1.700000,1.371392,-0.192697,0.164089,-0.095637,-0.080269,-0.084934,0.045714
-0.844053,-0.064369,-0.132478,0.810357,-0.511578,0.091889,0.392932,-0.274306,-0.052390,0.637987,0.217795,1.045560,0.732825,-0.001406,-0.146850,2.118361,-1.364959,-0.157755,0.261800,1.849815,-1.040112,1.700000,1.371660,-0.192472,0.164726,-0.095808,-0.080230,-0.083934,0.044963
-0.843828,-0.064530,-0.132570,0.810829,-0.512057,0.091599,0.393069,-0.274126,-0.051848,0.639058,0.219072,1.045157,0.732942,-0.001726,-0.147636,2.118342,-1.365045,-0.157842,0.261800,1.849529,-1.041087,1.700000,1.372003,-0.192686,0.165773,-0.096071,-0.080655,-0.083120,0.043691
-0.843597,-0.064876,-0.132587,0.811671,-0.512570,0.091445,0.393220,-0.273769,-0.051210,0.640443,0.220765,1.044768,0.733097,-0.002266,-0.148703,2.118075,-1.365025,-0.157859,0.261800,1.849202,-1.042076,1.700000,1.372383,-0.193120,0.167025,-0.096379,-0.081310,-0.082398,0.042158
-0.842837,-0.064440,-0.132498,0.812235,-0.512768,0.091784,0.393440,-0.273123,-0.052047,0.639808,0.220890,1.044111,0.734180,-0.002086,-0.148484,2.117096,-1.364829,-0.158946,0.261800,1.848227,-1.043410,1.700000,1.374656,-0.193442,0.165662,-0.097552,-0.081585,-0.082086,0.039511
-0.842329,-0.064141,-0.132460,0.812813,-0.512806,0.091922,0.393706,-0.272806,-0.052676,0.639566,0.220939,1.043655,0.734754,-0.002094,-0.148233,2.116315,-1.364586,-0.159664,0.261800,1.847550,-1.044545,1.700000,1.376433,-0.193400,0.164854,-0.098245,-0.081845,-0.081627,0.037471
-0.842325,-0.064117,-0.132520,0.813419,-0.512523,0.091659,0.394061,-0.273145,-0.052889,0.640108,0.220839,1.043600,0.734307,-0.002478,-0.147920,2.115930,-1.364248,-0.159645,0.261800,1.847467,-1.045281,1.700000,1.377218,-0.192628,0.165155,-0.097979,-0.082074,-0.080875,0.036642
-0.842118,-0.064094,-0.132590,0.813729,-0.512484,0.091545,0.394395,-0.273460,-0.052902,0.640605,0.221181,1.043414,0.734122,-0.002787,-0.148207,2.115777,-1.364213,-0.159511,0.261800,1.847256,-1.046053,1.700000,1.378086,-0.192382,0.165999,-0.097879,-0.082342,-0.079769,0.035315
-0.841810,-0.064071,-0.132663,0.813890,-0.512567,0.091507,0.394717,-0.273762,-0.052815,0.641080,0.221743,1.043161,0.734067,-0.003058,-0.148794,2.115740,-1.364331,-0.159321,0.261800,1.846981,-1.046842,1.700000,1.378994,-0.192400,0.167115,-0.097862,-0.082629,-0.078485,0.033737
-0.841320,-0.063814,-0.132437,0.813833,-0.512820,0.091018,0.394820,-0.273111,-0.052678,0.640754,0.221459,1.043723,0.733276,-0.002902,-0.149573,2.115138,-1.363619,-0.159709,0.261800,1.847302,-1.046668,1.700000,1.379142,-0.191844,0.166785,-0.098074,-0.082993,-0.079229,0.033294
-0.840933,-0.063748,-0.132353,0.814010,-0.512953,0.090638,0.395129,-0.272626,-0.052518,0.640635,0.221460,1.044160,0.732630,-0.002690,-0.150060,2.114758,-1.363225,-0.159852,0.261800,1.847581,-1.046676,1.700000,1.379102,-0.191181,0.166880,-0.098247,-0.083262,-0.079656,0.033049
-0.840751,-0.064066,-0.132552,0.814657,-0.512846,0.090475,0.395847,-0.272473,-0.052315,0.640930,0.222034,1.044345,0.732277,-0.002366,-0.149961,2.114820,-1.363463,-0.159507,0.261800,1.847771,-1.047045,1.700000,1.378685,-0.190305,0.167823,-0.098344,-0.083342,-0.079448,0.033199
-0.839257,-0.062398,-0.132417,0.813684,-0.512681,0.089744,0.397430,-0.274228,-0.053140,0.638951,0.220250,1.044440,0.732423,-0.001501,-0.150061,2.115360,-1.362988,-0.159730,0.261800,1.847572,-1.046504,1.700000,1.379091,-0.190655,0.167313,-0.098326,-0.083305,-0.079805,0.033049
-0.837107,-0.059737,-0.132115,0.811901,-0.512486,0.088729,0.399447,-0.276937,-0.054480,0.635837,0.217289,1.044491,0.732818,-0.000365,-0.150262,2.116140,-1.362156,-0.160237,0.261800,1.847176,-1.045508,1.700000,1.379908,-0.191617,0.166075,-0.098250,-0.083209,-0.080443,0.032748
-0.838649,-0.061736,-0.131746,0.812548,-0.513050,0.088860,0.397133,-0.275166,-0.053834,0.637260,0.218658,1.045798,0.730624,-0.000842,-0.149591,2.115678,-1.361378,-0.160414,0.261800,1.848238,-1.044675,1.700000,1.379256,-0.191300,0.166327,-0.097576,-0.082979,-0.082129,0.033748
-0.839627,-0.062881,-0.131539,0.813019,-0.513306,0.088938,0.395380,-0.273991,-0.053176,0.638203,0.219685,1.047051,0.728705,-0.001031,-0.149335,2.115397,-1.360805,-0.160522,0.261800,1.849211,-1.043816,1.700000,1.378672,-0.190466,0.166597,-0.096966,-0.082760,-0.083807,0.034875
-0.839474,-0.062316,-0.131656,0.813140,-0.512948,0.088913,0.394744,-0.274008,-0.052493,0.638186,0.220031,1.048194,0.727335,-0.000645,-0.149910,2.115474,-1.360646,-0.160493,0.261800,1.850010,-1.042903,1.700000,1.378222,-0.188598,0.166907,-0.096481,-0.082564,-0.085467,0.036256
-0.839205,-0.062108,-0.131787,0.813190,-0.512877,0.088898,0.395224,-0.274174,-0.052437,0.638014,0.219930,1.049168,0.726756,-0.000525,-0.150370,2.115398,-1.361179,-0.160624,0.261800,1.850599,-1.042288,1.700000,1.378740,-0.188564,0.165783,-0.096449,-0.082601,-0.086257,0.035562
-0.838878,-0.062079,-0.131925,0.813204,-0.512950,0.088887,0.396262,-0.274415,-0.052695,0.637763,0.219604,1.050059,0.726573,-0.000537,-0.150772,2.115245,-1.362058,-0.160833,0.261800,1.851083,-1.041822,1.700000,1.379741,-0.189447,0.163944,-0.096645,-0.082755,-0.086612,0.033829
-0.838658,-0.062310,-0.131445,0.813029,-0.512984,0.088812,0.395858,-0.273909,-0.052388,0.638240,0.219969,1.051240,0.725266,-0.000396,-0.151600,2.115620,-1.362754,-0.160637,0.261800,1.851771,-1.041349,1.700000,1.379688,-0.188854,0.163644,-0.096422,-0.082686,-0.087658,0.034250
-0.838321,-0.062373,-0.131132,0.812917,-0.512956,0.088707,0.395681,-0.273758,-0.052127,0.638335,0.220079,1.052454,0.724022,-0.000440,-0.151911,2.115848,-1.363027,-0.160596,0.261800,1.852629,-1.040677,1.700000,1.379573,-0.188591,0.163611,-0.096442,-0.082748,-0.088255,0.034136
-0.837748,-0.062099,-0.131150,0.812930,-0.512806,0.088545,0.395957,-0.274315,-0.051958,0.637668,0.219682,1.053737,0.722902,-0.000856,-0.151186,2.115781,-1.362453,-0.160864,0.261800,1.853828,-1.039607,1.700000,1.379334,-0.188984,0.164113,-0.096952,-0.083072,-0.087952,0.032950
-0.837489,-0.062352,-0.131066,0.813150,-0.513250,0.088320,0.397432,-0.274944,-0.051857,0.637919,0.219556,1.054870,0.721750,-0.001712,-0.150649,2.115794,-1.362549,-0.160292,0.261800,1.854960,-1.038900,1.700000,1.379342,-0.189375,0.164727,-0.097025,-0.083154,-0.087032,0.031786
-0.837386,-0.062868,-0.130929,0.813473,-0.513989,0.088063,0.399507,-0.275609,-0.051789,0.638629,0.219567,1.055930,0.720581,-0.002788,-0.150205,2.115848,-1.362981,-0.159300,0.261800,1.856060,-1.038375,1.700000,1.379474,-0.189765,0.165398,-0.096880,-0.083115,-0.085804,0.030633
-0.836460,-0.062664,-0.130877,0.813626,-0.513837,0.088119,0.400018,-0.275263,-0.051478,0.637984,0.219724,1.057335,0.719463,-0.002736,-0.150850,2.115778,-1.363373,-0.159647,0.261800,1.856848,-1.037826,1.700000,1.379690,-0.189422,0.165365,-0.097659,-0.083675,-0.085367,0.028708
-0.835970,-0.062511,-0.130863,0.813729,-0.513761,0.088205,0.400238,-0.275110,-0.051163,0.637758,0.219848,1.058553,0.718710,-0.002850,-0.151233,2.115643,-1.363820,-0.159767,0.261800,1.857615,-1.037292,1.700000,1.379724,-0.189238,0.165419,-0.098248,-0.084129,-0.084651,0.027237
-0.836349,-0.062458,-0.130927,0.813727,-0.513837,0.088350,0.399874,-0.275342,-0.050842,0.638372,0.219907,1.059395,0.718687,-0.003295,-0.151095,2.115374,-1.364376,-0.159437,0.261800,1.858340,-1.036787,1.700000,1.379396,-0.189373,0.165646,-0.098459,-0.084372,-0.083377,0.026674
-0.836718,-0.062587,-0.130844,0.813744,-0.513821,0.088368,0.399662,-0.274857,-0.050999,0.638449,0.220000,1.060293,0.718415,-0.003208,-0.151234,2.114847,-1.365034,-0.159777,0.261800,1.858830,-1.036806,1.700000,1.380009,-0.189517,0.165745,-0.098768,-0.084498,-0.082579,0.026024
-0.837081,-0.062806,-0.130688,0.813769,-0.513758,0.088323,0.399528,-0.274015,-0.051395,0.638257,0.220110,1.061218,0.718020,-0.002856,-0.151512,2.114190,-1.365743,-0.160452,0.261800,1.859203,-1.037087,1.700000,1.381093,-0.189665,0.165780,-0.099125,-0.084566,-0.082020,0.025330
-0.837514,-0.062677,-0.130323,0.813184,-0.513425,0.087655,0.398232,-0.273698,-0.051307,0.638307,0.219733,1.062056,0.716758,-0.002581,-0.151519,2.114328,-1.365905,-0.160611,0.261800,1.860547,-1.036759,1.700000,1.381602,-0.189838,0.166754,-0.098709,-0.084277,-0.082484,0.026765
-0.837814,-0.062684,-0.130004,0.812609,-0.513263,0.087254,0.397153,-0.273499,-0.051273,0.638177,0.219447,1.062862,0.715778,-0.002321,-0.151573,2.114447,-1.366191,-0.160685,0.261800,1.861605,-1.036578,1.700000,1.382062,-0.189823,0.167787,-0.098343,-0.083957,-0.082643,0.027840
-0.837846,-0.062965,-0.129776,0.812053,-0.513442,0.087384,0.396508,-0.273536,-0.051349,0.637686,0.219346,1.063608,0.715365,-0.002093,-0.151724,2.114530,-1.366723,-0.160590,0.261800,1.862090,-1.036687,1.700000,1.382423,-0.189433,0.168935,-0.098077,-0.083576,-0.082192,0.028197
-0.838060,-0.063384,-0.129601,0.811946,-0.513700,0.087501,0.396898,-0.273733,-0.051201,0.637602,0.219670,1.064001,0.715558,-0.001621,-0.152588,2.114456,-1.367550,-0.160588,0.261800,1.862495,-1.036833,1.700000,1.382530,-0.189283,0.169462,-0.097974,-0.083717,-0.082008,0.027624
-0.838363,-0.063873,-0.129455,0.812064,-0.513997,0.087611,0.397806,-0.274011,-0.050941,0.637722,0.220207,1.064218,0.716055,-0.001027,-0.153810,2.114304,-1.368525,-0.160633,0.261800,1.862860,-1.036995,1.700000,1.382509,-0.189252,0.169679,-0.097952,-0.084119,-0.081957,0.026588
-0.838392,-0.063560,-0.129404,0.811561,-0.513818,0.087362,0.397012,-0.274027,-0.051333,0.637147,0.219822,1.064764,0.716060,-0.000958,-0.152997,2.113901,-1.368526,-0.160881,0.261800,1.863435,-1.037070,1.700000,1.382669,-0.189779,0.169035,-0.098289,-0.083952,-0.082175,0.027615
-0.838345,-0.063198,-0.129341,0.811098,-0.513563,0.087130,0.396459,-0.274079,-0.051718,0.636494,0.219459,1.065290,0.716191,-0.000714,-0.152546,2.113556,-1.368663,-0.161140,0.261800,1.863919,-1.037209,1.700000,1.382907,-0.190041,0.168262,-0.098544,-0.083870,-0.082635,0.028327
-0.838146,-0.062740,-0.129253,0.810715,-0.513153,0.086928,0.396390,-0.274201,-0.052087,0.635683,0.219138,1.065773,0.716572,-0.000121,-0.152816,2.113324,-1.369073,-0.161418,0.261800,1.864218,-1.037477,1.700000,1.383303,-0.189772,0.167229,-0.098632,-0.083957,-0.083584,0.028409
